/usr/sbin/mysqld, Version: 8.0.34 (MySQL Community Server - GPL). started with:
Tcp port: 3306  Unix socket: /var/run/mysqld/mysqld.sock
Time                 Id Command    Argument
2026-01-17T10:54:37.099287Z	   32 Query	/* ApplicationName=IntelliJ IDEA 2024.1.6 */ select database()
2026-01-17T10:54:37.107058Z	   32 Query	SELECT @@session.transaction_isolation
2026-01-17T10:54:50.382986Z	   32 Query	SELECT @@session.transaction_isolation
2026-01-17T10:54:50.401468Z	   32 Query	/* ApplicationName=IntelliJ IDEA 2024.1.6 */ set session transaction read write
2026-01-17T10:54:50.406503Z	   32 Query	SELECT @@session.transaction_read_only
2026-01-17T10:54:50.411504Z	   32 Query	/* ApplicationName=IntelliJ IDEA 2024.1.6 */ SET net_write_timeout=600
2026-01-17T10:54:50.413383Z	   32 Query	/* ApplicationName=IntelliJ IDEA 2024.1.6 */ show variables like 'general_log%'
2026-01-17T10:54:50.431411Z	   32 Query	/* ApplicationName=IntelliJ IDEA 2024.1.6 */ select database()
2026-01-17T10:54:50.442552Z	   32 Query	SELECT @@session.transaction_isolation
2026-01-17T10:55:39.540302Z	   32 Query	SELECT @@session.transaction_isolation
2026-01-17T10:55:39.544299Z	   32 Query	/* ApplicationName=IntelliJ IDEA 2024.1.6 */ set session transaction read write
2026-01-17T10:55:39.548515Z	   32 Query	SELECT @@session.transaction_read_only
2026-01-17T10:55:39.559392Z	   32 Query	SELECT @@session.transaction_read_only
2026-01-17T10:55:39.561838Z	   32 Query	/* ApplicationName=IntelliJ IDEA 2024.1.6 */ SET net_write_timeout=600
2026-01-17T10:55:39.563741Z	   32 Query	/* ApplicationName=IntelliJ IDEA 2024.1.6 */ INSERT INTO payment_source (discount_amount, final_amount, original_amount, partner_corp_name, payment_date)
VALUES (100.00, 900.00, 1000.00, 'Partner Corp 1', '2025-05-01'),
       (150.00, 1850.00, 2000.00, 'Partner Corp 2', '2025-05-01'),
       (200.00, 2800.00, 3000.00, 'Partner Corp 3', '2025-05-01'),
       (250.00, 3750.00, 4000.00, 'Partner Corp 4', '2025-05-01'),
       (300.00, 4700.00, 5000.00, 'Partner Corp 5', '2025-05-01'),
       (350.00, 5650.00, 6000.00, 'Partner Corp 6', '2025-05-01'),
       (400.00, 6600.00, 7000.00, 'Partner Corp 7', '2025-05-01'),
       (450.00, 7550.00, 8000.00, 'Partner Corp 8', '2025-05-01'),
       (500.00, 8500.00, 9000.00, 'Partner Corp 9', '2025-05-01'),
       (550.00, 9450.00, 10000.00, 'Partner Corp 10', '2025-05-01'),
       (600.00, 10400.00, 11000.00, 'Partner Corp 11', '2025-05-01'),
       (650.00, 11350.00, 12000.00, 'Partner Corp 12', '2025-05-01'),
       (700.00, 12300.00, 13000.00, 'Partner Corp 13', '2025-05-01'),
       (750.00, 13250.00, 14000.00, 'Partner Corp 14', '2025-05-01'),
       (800.00, 14200.00, 15000.00, 'Partner Corp 15', '2025-05-01'),
       (850.00, 15150.00, 16000.00, 'Partner Corp 16', '2025-05-01'),
       (900.00, 16100.00, 17000.00, 'Partner Corp 17', '2025-05-01'),
       (950.00, 17050.00, 18000.00, 'Partner Corp 18', '2025-05-01'),
       (1000.00, 18000.00, 19000.00, 'Partner Corp 19', '2025-05-01'),
       (1050.00, 18950.00, 20000.00, 'Partner Corp 20', '2025-05-01')
2026-01-17T10:55:39.581181Z	   32 Query	SELECT @@session.transaction_isolation
2026-01-17T10:55:39.592879Z	   32 Query	SELECT @@session.transaction_isolation
2026-01-17T10:55:39.596192Z	   32 Query	/* ApplicationName=IntelliJ IDEA 2024.1.6 */ set session transaction read write
2026-01-17T10:55:39.600470Z	   32 Query	SELECT @@session.transaction_read_only
2026-01-17T10:55:39.609021Z	   32 Query	SELECT @@session.transaction_read_only
2026-01-17T10:55:39.610674Z	   32 Query	/* ApplicationName=IntelliJ IDEA 2024.1.6 */ SET net_write_timeout=600
2026-01-17T10:55:39.612148Z	   32 Query	/* ApplicationName=IntelliJ IDEA 2024.1.6 */ INSERT INTO payment_source (discount_amount, final_amount, original_amount, partner_corp_name, payment_date)
VALUES (100.00, 900.00, 1000.00, 'Partner Corp 1', '2025-05-02'),
       (150.00, 1850.00, 2000.00, 'Partner Corp 2', '2025-05-02'),
       (200.00, 2800.00, 3000.00, 'Partner Corp 3', '2025-05-02'),
       (250.00, 3750.00, 4000.00, 'Partner Corp 4', '2025-05-02'),
       (300.00, 4700.00, 5000.00, 'Partner Corp 5', '2025-05-02'),
       (350.00, 5650.00, 6000.00, 'Partner Corp 6', '2025-05-02'),
       (400.00, 6600.00, 7000.00, 'Partner Corp 7', '2025-05-02'),
       (450.00, 7550.00, 8000.00, 'Partner Corp 8', '2025-05-02'),
       (500.00, 8500.00, 9000.00, 'Partner Corp 9', '2025-05-02'),
       (550.00, 9450.00, 10000.00, 'Partner Corp 10', '2025-05-02'),
       (600.00, 10400.00, 11000.00, 'Partner Corp 11', '2025-05-02'),
       (650.00, 11350.00, 12000.00, 'Partner Corp 12', '2025-05-02'),
       (700.00, 12300.00, 13000.00, 'Partner Corp 13', '2025-05-02'),
       (750.00, 13250.00, 14000.00, 'Partner Corp 14', '2025-05-02'),
       (800.00, 14200.00, 15000.00, 'Partner Corp 15', '2025-05-02'),
       (850.00, 15150.00, 16000.00, 'Partner Corp 16', '2025-05-02'),
       (900.00, 16100.00, 17000.00, 'Partner Corp 17', '2025-05-02'),
       (950.00, 17050.00, 18000.00, 'Partner Corp 18', '2025-05-02'),
       (1000.00, 18000.00, 19000.00, 'Partner Corp 19', '2025-05-02'),
       (1050.00, 18950.00, 20000.00, 'Partner Corp 20', '2025-05-02')
2026-01-17T10:55:39.625116Z	   32 Query	SELECT @@session.transaction_isolation
2026-01-17T10:55:39.633860Z	   32 Query	SELECT @@session.transaction_isolation
2026-01-17T10:55:39.639109Z	   32 Query	/* ApplicationName=IntelliJ IDEA 2024.1.6 */ set session transaction read write
2026-01-17T10:55:39.642380Z	   32 Query	SELECT @@session.transaction_read_only
2026-01-17T10:55:39.658896Z	   32 Query	SELECT @@session.transaction_read_only
2026-01-17T10:55:39.664045Z	   32 Query	/* ApplicationName=IntelliJ IDEA 2024.1.6 */ SET net_write_timeout=600
2026-01-17T10:55:39.667502Z	   32 Query	/* ApplicationName=IntelliJ IDEA 2024.1.6 */ INSERT INTO payment_source (discount_amount, final_amount, original_amount, partner_corp_name, payment_date)
VALUES (0, 0, 0, 'Partner Corp 1', '2025-05-02')
2026-01-17T10:55:39.689014Z	   32 Query	/* ApplicationName=IntelliJ IDEA 2024.1.6 */ select database()
2026-01-17T10:55:39.699167Z	   32 Query	SELECT @@session.transaction_isolation
2026-01-17T10:55:44.833198Z	   32 Query	SELECT @@session.transaction_isolation
2026-01-17T10:55:44.836848Z	   32 Query	/* ApplicationName=IntelliJ IDEA 2024.1.6 */ set session transaction read write
2026-01-17T10:55:44.840282Z	   32 Query	SELECT @@session.transaction_read_only
2026-01-17T10:55:44.851346Z	   32 Query	SELECT @@session.transaction_read_only
2026-01-17T10:55:44.860347Z	   32 Query	/* ApplicationName=IntelliJ IDEA 2024.1.6 */ SET net_write_timeout=600
2026-01-17T10:55:44.880506Z	   32 Query	/* ApplicationName=IntelliJ IDEA 2024.1.6 */ INSERT INTO payment_source (discount_amount, final_amount, original_amount, partner_corp_name, payment_date)
VALUES (100.00, 900.00, 1000.00, 'Partner Corp 1', '2025-05-01'),
       (150.00, 1850.00, 2000.00, 'Partner Corp 2', '2025-05-01'),
       (200.00, 2800.00, 3000.00, 'Partner Corp 3', '2025-05-01'),
       (250.00, 3750.00, 4000.00, 'Partner Corp 4', '2025-05-01'),
       (300.00, 4700.00, 5000.00, 'Partner Corp 5', '2025-05-01'),
       (350.00, 5650.00, 6000.00, 'Partner Corp 6', '2025-05-01'),
       (400.00, 6600.00, 7000.00, 'Partner Corp 7', '2025-05-01'),
       (450.00, 7550.00, 8000.00, 'Partner Corp 8', '2025-05-01'),
       (500.00, 8500.00, 9000.00, 'Partner Corp 9', '2025-05-01'),
       (550.00, 9450.00, 10000.00, 'Partner Corp 10', '2025-05-01'),
       (600.00, 10400.00, 11000.00, 'Partner Corp 11', '2025-05-01'),
       (650.00, 11350.00, 12000.00, 'Partner Corp 12', '2025-05-01'),
       (700.00, 12300.00, 13000.00, 'Partner Corp 13', '2025-05-01'),
       (750.00, 13250.00, 14000.00, 'Partner Corp 14', '2025-05-01'),
       (800.00, 14200.00, 15000.00, 'Partner Corp 15', '2025-05-01'),
       (850.00, 15150.00, 16000.00, 'Partner Corp 16', '2025-05-01'),
       (900.00, 16100.00, 17000.00, 'Partner Corp 17', '2025-05-01'),
       (950.00, 17050.00, 18000.00, 'Partner Corp 18', '2025-05-01'),
       (1000.00, 18000.00, 19000.00, 'Partner Corp 19', '2025-05-01'),
       (1050.00, 18950.00, 20000.00, 'Partner Corp 20', '2025-05-01')
2026-01-17T10:55:44.897776Z	   32 Query	/* ApplicationName=IntelliJ IDEA 2024.1.6 */ select database()
2026-01-17T10:55:44.906011Z	   32 Query	SELECT @@session.transaction_isolation
2026-01-17T10:56:01.604303Z	   35 Connect	root@172.19.0.1 on  using SSL/TLS
2026-01-17T10:56:01.608036Z	   35 Query	/* mysql-connector-j-8.2.0 (Revision: 06a1f724497fd81c6a659131fda822c9e5085b6c) */SELECT  @@session.auto_increment_increment AS auto_increment_increment, @@character_set_client AS character_set_client, @@character_set_connection AS character_set_connection, @@character_set_results AS character_set_results, @@character_set_server AS character_set_server, @@collation_server AS collation_server, @@collation_connection AS collation_connection, @@init_connect AS init_connect, @@interactive_timeout AS interactive_timeout, @@license AS license, @@lower_case_table_names AS lower_case_table_names, @@max_allowed_packet AS max_allowed_packet, @@net_write_timeout AS net_write_timeout, @@performance_schema AS performance_schema, @@sql_mode AS sql_mode, @@system_time_zone AS system_time_zone, @@time_zone AS time_zone, @@transaction_isolation AS transaction_isolation, @@wait_timeout AS wait_timeout
2026-01-17T10:56:01.611103Z	   35 Query	SET autocommit=1
2026-01-17T10:56:01.615846Z	   35 Query	select version(), @@version_comment, database()
2026-01-17T10:56:01.619996Z	   35 Query	show variables like 'aurora\_version'
2026-01-17T10:56:01.645415Z	   35 Query	/* ApplicationName=IntelliJ IDEA 2024.1.6 */ set session transaction read write
2026-01-17T10:56:01.652734Z	   35 Query	/* ApplicationName=IntelliJ IDEA 2024.1.6 */ select database()
2026-01-17T10:56:01.668973Z	   35 Query	/* ApplicationName=IntelliJ IDEA 2024.1.6 */ SET net_write_timeout=600
2026-01-17T10:56:01.674635Z	   35 Query	/* ApplicationName=IntelliJ IDEA 2024.1.6 */ select database(), schema(), left(user(),instr(concat(user(),'@'),'@')-1)
2026-01-17T10:56:01.678114Z	   35 Query	SET net_write_timeout=60
2026-01-17T10:56:01.689155Z	   35 Query	/* ApplicationName=IntelliJ IDEA 2024.1.6 */ SET net_write_timeout=600
2026-01-17T10:56:01.693546Z	   35 Query	/* ApplicationName=IntelliJ IDEA 2024.1.6 */ select @@event_scheduler
2026-01-17T10:56:01.701250Z	   35 Query	SET net_write_timeout=60
2026-01-17T10:56:01.710287Z	   35 Query	/* ApplicationName=IntelliJ IDEA 2024.1.6 */ SET net_write_timeout=600
2026-01-17T10:56:01.712583Z	   35 Query	/* ApplicationName=IntelliJ IDEA 2024.1.6 */ select database(), schema(), left(user(),instr(concat(user(),'@'),'@')-1)
2026-01-17T10:56:01.714210Z	   35 Query	SET net_write_timeout=60
2026-01-17T10:56:01.724016Z	   35 Query	/* ApplicationName=IntelliJ IDEA 2024.1.6 */ SET net_write_timeout=600
2026-01-17T10:56:01.727984Z	   35 Query	/* ApplicationName=IntelliJ IDEA 2024.1.6 */ select @@event_scheduler
2026-01-17T10:56:01.735583Z	   35 Query	SET net_write_timeout=60
2026-01-17T10:56:01.744879Z	   35 Query	/* ApplicationName=IntelliJ IDEA 2024.1.6 */ SET net_write_timeout=600
2026-01-17T10:56:01.746629Z	   35 Query	/* ApplicationName=IntelliJ IDEA 2024.1.6 */ select @@default_storage_engine, @@default_tmp_storage_engine
2026-01-17T10:56:01.753827Z	   35 Query	SET net_write_timeout=60
2026-01-17T10:56:01.764306Z	   35 Query	/* ApplicationName=IntelliJ IDEA 2024.1.6 */ SET net_write_timeout=600
2026-01-17T10:56:01.767072Z	   35 Query	/* ApplicationName=IntelliJ IDEA 2024.1.6 */ select table_name from information_schema.tables
        where lower(table_schema) = 'information_schema'
          and lower(table_name) = 'parameters'
2026-01-17T10:56:01.775556Z	   35 Query	SET net_write_timeout=60
2026-01-17T10:56:01.784325Z	   35 Query	/* ApplicationName=IntelliJ IDEA 2024.1.6 */ SET net_write_timeout=600
2026-01-17T10:56:01.788150Z	   35 Query	/* ApplicationName=IntelliJ IDEA 2024.1.6 */ select table_name, table_type, table_comment, engine, table_collation, create_options
        from information_schema.tables
        where table_schema = 'spring_batch'
2026-01-17T10:56:01.797357Z	   35 Query	SET net_write_timeout=60
2026-01-17T10:56:01.810944Z	   35 Query	/* ApplicationName=IntelliJ IDEA 2024.1.6 */ SET net_write_timeout=600
2026-01-17T10:56:01.816417Z	   35 Query	/* ApplicationName=IntelliJ IDEA 2024.1.6 */ select
            ordinal_position,
            column_name,
            column_type,
            column_default,
            generation_expression,
            table_name,
            column_comment,
            is_nullable,
            extra,
            collation_name
          from information_schema.columns
          where table_schema = 'spring_batch'
          order by table_name, ordinal_position
2026-01-17T10:56:01.828387Z	   35 Query	SET net_write_timeout=60
2026-01-17T10:56:01.842376Z	   35 Query	/* ApplicationName=IntelliJ IDEA 2024.1.6 */ SET net_write_timeout=600
2026-01-17T10:56:01.845802Z	   35 Query	/* ApplicationName=IntelliJ IDEA 2024.1.6 */ select table_name, auto_increment
        from information_schema.tables
        where table_schema = 'spring_batch' and auto_increment is not null
2026-01-17T10:56:01.849091Z	   35 Query	SET net_write_timeout=60
2026-01-17T10:56:01.863135Z	   35 Query	/* ApplicationName=IntelliJ IDEA 2024.1.6 */ SET net_write_timeout=600
2026-01-17T10:56:01.867151Z	   35 Query	/* ApplicationName=IntelliJ IDEA 2024.1.6 */ select
          table_name,
          index_name,
          index_comment,
          index_type,
          non_unique,
          column_name,
          sub_part,
          collation,
          expression
        from information_schema.statistics
        where table_schema = 'spring_batch' and
              index_schema = 'spring_batch'
        order by
          index_schema,
          table_name,
          index_name,
          index_type,
          seq_in_index
2026-01-17T10:56:01.879349Z	   35 Query	SET net_write_timeout=60
2026-01-17T10:56:01.887829Z	   35 Query	/* ApplicationName=IntelliJ IDEA 2024.1.6 */ SET net_write_timeout=600
2026-01-17T10:56:01.890336Z	   35 Query	/* ApplicationName=IntelliJ IDEA 2024.1.6 */ select
          c.constraint_name,
          c.constraint_schema,
          c.table_name,
          c.constraint_type,
          c.enforced = 'YES' enforced
        from information_schema.table_constraints c
          where c.table_schema = 'spring_batch'
2026-01-17T10:56:01.897951Z	   35 Query	SET net_write_timeout=60
2026-01-17T10:56:01.908025Z	   35 Query	/* ApplicationName=IntelliJ IDEA 2024.1.6 */ SET net_write_timeout=600
2026-01-17T10:56:01.911276Z	   35 Query	/* ApplicationName=IntelliJ IDEA 2024.1.6 */ select
          r.constraint_name,
          null table_name,
          r.match_option,
          r.update_rule,
          r.delete_rule
        from information_schema.referential_constraints r
          where r.constraint_schema = 'spring_batch'
2026-01-17T10:56:01.920164Z	   35 Query	SET net_write_timeout=60
2026-01-17T10:56:01.930047Z	   35 Query	/* ApplicationName=IntelliJ IDEA 2024.1.6 */ SET net_write_timeout=600
2026-01-17T10:56:01.931952Z	   35 Query	/* ApplicationName=IntelliJ IDEA 2024.1.6 */ select
        constraint_name,
        table_name,
        column_name,
        referenced_table_schema,
        referenced_table_name,
        referenced_column_name
      from information_schema.key_column_usage
      where table_schema = 'spring_batch' and referenced_column_name is not null
      order by
          table_name
        , constraint_name
        , ordinal_position
2026-01-17T10:56:01.942573Z	   35 Query	SET net_write_timeout=60
2026-01-17T10:56:01.952609Z	   35 Query	/* ApplicationName=IntelliJ IDEA 2024.1.6 */ SET net_write_timeout=600
2026-01-17T10:56:01.958893Z	   35 Query	/* ApplicationName=IntelliJ IDEA 2024.1.6 */ select table_name, partition_name, subpartition_name, partition_ordinal_position,
       subpartition_ordinal_position, partition_method, subpartition_method, partition_expression,
       subpartition_expression, partition_description, partition_comment/*, tablespace_name*/
    from information_schema.partitions where partition_name is not null and table_schema = 'spring_batch'
2026-01-17T10:56:01.962397Z	   35 Query	SET net_write_timeout=60
2026-01-17T10:56:01.975572Z	   35 Query	/* ApplicationName=IntelliJ IDEA 2024.1.6 */ SET net_write_timeout=600
2026-01-17T10:56:01.979362Z	   35 Query	/* ApplicationName=IntelliJ IDEA 2024.1.6 */ select
          trigger_name,
          event_object_table,
          event_manipulation,
          action_timing,
          definer
        from information_schema.triggers
        where trigger_schema = 'spring_batch'
2026-01-17T10:56:01.983647Z	   35 Query	SET net_write_timeout=60
2026-01-17T10:56:01.994063Z	   35 Query	/* ApplicationName=IntelliJ IDEA 2024.1.6 */ SET net_write_timeout=600
2026-01-17T10:56:01.996979Z	   35 Query	/* ApplicationName=IntelliJ IDEA 2024.1.6 */ select
          event_name,
          event_comment,
          definer,
          event_type = 'RECURRING' recurring,
          interval_value,
          interval_field,
          cast(coalesce(starts, execute_at) as char) starts,
          cast(ends as char) ends,
          status,
          on_completion = 'PRESERVE' preserve,
          last_executed
        from information_schema.events
        where event_schema = 'spring_batch'
2026-01-17T10:56:02.000122Z	   35 Query	SET net_write_timeout=60
2026-01-17T10:56:02.009198Z	   35 Query	/* ApplicationName=IntelliJ IDEA 2024.1.6 */ SET net_write_timeout=600
2026-01-17T10:56:02.012788Z	   35 Query	/* ApplicationName=IntelliJ IDEA 2024.1.6 */ select
          routine_name,
          routine_type,
          routine_definition,
          routine_comment,
          dtd_identifier,
          definer,
          is_deterministic = 'YES' is_deterministic,
          cast(sql_data_access as char(1)) sql_data_access,
          cast(security_type as char(1)) security_type
        from information_schema.routines
        where routine_schema = 'spring_batch'
2026-01-17T10:56:02.016150Z	   35 Query	SET net_write_timeout=60
2026-01-17T10:56:02.025909Z	   35 Query	/* ApplicationName=IntelliJ IDEA 2024.1.6 */ SET net_write_timeout=600
2026-01-17T10:56:02.028275Z	   35 Query	/* ApplicationName=IntelliJ IDEA 2024.1.6 */ select Host, User, Routine_name, Proc_priv, Routine_type = 'PROCEDURE' as is_proc
    from mysql.procs_priv where Db = 'spring_batch'
2026-01-17T10:56:02.030310Z	   35 Query	SET net_write_timeout=60
2026-01-17T10:56:02.040132Z	   35 Query	/* ApplicationName=IntelliJ IDEA 2024.1.6 */ SET net_write_timeout=600
2026-01-17T10:56:02.042469Z	   35 Query	/* ApplicationName=IntelliJ IDEA 2024.1.6 */ select grantee, table_name, column_name, privilege_type, is_grantable
      from information_schema.column_privileges
      where table_schema = 'spring_batch'
      union all
      select grantee, table_name, '' column_name, privilege_type, is_grantable
      from information_schema.table_privileges
      where table_schema = 'spring_batch'
      order by table_name, grantee, privilege_type
2026-01-17T10:56:02.045277Z	   35 Query	SET net_write_timeout=60
2026-01-17T10:56:02.052251Z	   35 Query	/* ApplicationName=IntelliJ IDEA 2024.1.6 */ SET net_write_timeout=600
2026-01-17T10:56:02.055184Z	   35 Query	/* ApplicationName=IntelliJ IDEA 2024.1.6 */ select specific_name,
        ordinal_position,
        parameter_name,
        parameter_mode,
        dtd_identifier
      from information_schema.parameters
      where specific_schema = 'spring_batch' and ordinal_position > 0
      order by specific_name, ordinal_position
2026-01-17T10:56:02.058042Z	   35 Query	SET net_write_timeout=60
2026-01-17T10:56:02.064632Z	   35 Query	/* ApplicationName=IntelliJ IDEA 2024.1.6 */ SET net_write_timeout=600
2026-01-17T10:56:02.067325Z	   35 Query	/* ApplicationName=IntelliJ IDEA 2024.1.6 */ select table_name, view_definition, definer
      from information_schema.views
      where table_schema = 'spring_batch'
2026-01-17T10:56:02.069301Z	   35 Query	SET net_write_timeout=60
2026-01-17T10:56:02.079817Z	   35 Query	SELECT @@session.transaction_isolation
2026-01-17T10:56:02.086146Z	   35 Quit	
2026-01-17T10:56:24.157829Z	   36 Connect	root@172.19.0.1 on  using SSL/TLS
2026-01-17T10:56:24.160093Z	   36 Query	/* mysql-connector-j-8.2.0 (Revision: 06a1f724497fd81c6a659131fda822c9e5085b6c) */SELECT  @@session.auto_increment_increment AS auto_increment_increment, @@character_set_client AS character_set_client, @@character_set_connection AS character_set_connection, @@character_set_results AS character_set_results, @@character_set_server AS character_set_server, @@collation_server AS collation_server, @@collation_connection AS collation_connection, @@init_connect AS init_connect, @@interactive_timeout AS interactive_timeout, @@license AS license, @@lower_case_table_names AS lower_case_table_names, @@max_allowed_packet AS max_allowed_packet, @@net_write_timeout AS net_write_timeout, @@performance_schema AS performance_schema, @@sql_mode AS sql_mode, @@system_time_zone AS system_time_zone, @@time_zone AS time_zone, @@transaction_isolation AS transaction_isolation, @@wait_timeout AS wait_timeout
2026-01-17T10:56:24.165369Z	   36 Query	SET autocommit=1
2026-01-17T10:56:24.170445Z	   36 Query	select version(), @@version_comment, database()
2026-01-17T10:56:24.173767Z	   36 Query	show variables like 'aurora\_version'
2026-01-17T10:56:24.200052Z	   36 Query	/* ApplicationName=IntelliJ IDEA 2024.1.6 */ set session transaction read write
2026-01-17T10:56:24.210785Z	   36 Query	/* ApplicationName=IntelliJ IDEA 2024.1.6 */ use spring_batch
2026-01-17T10:56:24.221454Z	   36 Query	SELECT @@session.transaction_read_only
2026-01-17T10:56:24.257898Z	   36 Query	/* ApplicationName=IntelliJ IDEA 2024.1.6 */ select database()
2026-01-17T10:56:24.276445Z	   36 Query	/* ApplicationName=IntelliJ IDEA 2024.1.6 */ SET net_write_timeout=600
2026-01-17T10:56:24.280352Z	   36 Query	/* ApplicationName=IntelliJ IDEA 2024.1.6 */ SET SQL_SELECT_LIMIT=501
2026-01-17T10:56:24.285049Z	   36 Query	/* ApplicationName=IntelliJ IDEA 2024.1.6 */ SELECT t.*
FROM spring_batch.payment_source t
LIMIT 501
2026-01-17T10:56:24.435282Z	   36 Query	SELECT @@session.transaction_isolation
2026-01-17T10:56:36.041743Z	   36 Query	SELECT @@session.transaction_isolation
2026-01-17T10:56:36.044961Z	   36 Query	/* ApplicationName=IntelliJ IDEA 2024.1.6 */ set session transaction read write
2026-01-17T10:56:36.049933Z	   36 Query	/* ApplicationName=IntelliJ IDEA 2024.1.6 */ SET autocommit=0
2026-01-17T10:56:36.069253Z	   36 Query	/* ApplicationName=IntelliJ IDEA 2024.1.6 */ SET SQL_SELECT_LIMIT=DEFAULT
2026-01-17T10:56:36.071013Z	   36 Query	/* ApplicationName=IntelliJ IDEA 2024.1.6 */ UPDATE spring_batch.payment_source t SET t.discount_amount = -150.00 WHERE t.id = 2
2026-01-17T10:56:36.079409Z	   36 Query	/* ApplicationName=IntelliJ IDEA 2024.1.6 */ UPDATE spring_batch.payment_source t SET t.discount_amount = -100.00 WHERE t.id = 1
2026-01-17T10:56:36.085328Z	   36 Query	/* ApplicationName=IntelliJ IDEA 2024.1.6 */ commit
2026-01-17T10:56:36.096081Z	   36 Query	/* ApplicationName=IntelliJ IDEA 2024.1.6 */ SET autocommit=1
2026-01-17T10:56:36.099911Z	   36 Query	SELECT @@session.transaction_isolation
2026-01-17T10:56:36.112660Z	   36 Query	SELECT @@session.transaction_isolation
2026-01-17T10:56:36.116520Z	   36 Query	/* ApplicationName=IntelliJ IDEA 2024.1.6 */ set session transaction read write
2026-01-17T10:56:36.119849Z	   36 Query	SELECT @@session.transaction_read_only
2026-01-17T10:56:36.129748Z	   36 Query	/* ApplicationName=IntelliJ IDEA 2024.1.6 */ select database()
2026-01-17T10:56:36.140586Z	   36 Query	/* ApplicationName=IntelliJ IDEA 2024.1.6 */ SET net_write_timeout=600
2026-01-17T10:56:36.143428Z	   36 Query	/* ApplicationName=IntelliJ IDEA 2024.1.6 */ SET SQL_SELECT_LIMIT=501
2026-01-17T10:56:36.146068Z	   36 Query	/* ApplicationName=IntelliJ IDEA 2024.1.6 */ SELECT t.*
FROM spring_batch.payment_source t
LIMIT 501
2026-01-17T10:56:36.178839Z	   36 Query	SELECT @@session.transaction_isolation
2026-01-17T10:57:06.161338Z	   37 Connect	root@172.19.0.1 on spring_batch using TCP/IP
2026-01-17T10:57:06.172131Z	   37 Query	/* mysql-connector-j-9.5.0 (Revision: a7b3c94f50efbddb9f0dd69b3e0d1aaa25305cd6) */SELECT  @@session.auto_increment_increment AS auto_increment_increment, @@character_set_client AS character_set_client, @@character_set_connection AS character_set_connection, @@character_set_results AS character_set_results, @@character_set_server AS character_set_server, @@collation_server AS collation_server, @@collation_connection AS collation_connection, @@init_connect AS init_connect, @@interactive_timeout AS interactive_timeout, @@license AS license, @@lower_case_table_names AS lower_case_table_names, @@max_allowed_packet AS max_allowed_packet, @@net_write_timeout AS net_write_timeout, @@performance_schema AS performance_schema, @@sql_mode AS sql_mode, @@system_time_zone AS system_time_zone, @@time_zone AS time_zone, @@transaction_isolation AS transaction_isolation, @@wait_timeout AS wait_timeout
2026-01-17T10:57:06.181831Z	   37 Query	SET character_set_results = NULL
2026-01-17T10:57:06.186724Z	   37 Query	SET autocommit=1
2026-01-17T10:57:06.190507Z	   37 Query	SELECT @@session.transaction_read_only
2026-01-17T10:57:06.192621Z	   37 Query	SELECT @@session.transaction_isolation
2026-01-17T10:57:06.303692Z	   38 Connect	root@172.19.0.1 on spring_batch using TCP/IP
2026-01-17T10:57:06.306707Z	   38 Query	/* mysql-connector-j-9.5.0 (Revision: a7b3c94f50efbddb9f0dd69b3e0d1aaa25305cd6) */SELECT  @@session.auto_increment_increment AS auto_increment_increment, @@character_set_client AS character_set_client, @@character_set_connection AS character_set_connection, @@character_set_results AS character_set_results, @@character_set_server AS character_set_server, @@collation_server AS collation_server, @@collation_connection AS collation_connection, @@init_connect AS init_connect, @@interactive_timeout AS interactive_timeout, @@license AS license, @@lower_case_table_names AS lower_case_table_names, @@max_allowed_packet AS max_allowed_packet, @@net_write_timeout AS net_write_timeout, @@performance_schema AS performance_schema, @@sql_mode AS sql_mode, @@system_time_zone AS system_time_zone, @@time_zone AS time_zone, @@transaction_isolation AS transaction_isolation, @@wait_timeout AS wait_timeout
2026-01-17T10:57:06.308980Z	   38 Query	SET character_set_results = NULL
2026-01-17T10:57:06.312308Z	   38 Query	SET autocommit=1
2026-01-17T10:57:06.314721Z	   38 Query	SELECT @@session.transaction_read_only
2026-01-17T10:57:06.356984Z	   39 Connect	root@172.19.0.1 on spring_batch using TCP/IP
2026-01-17T10:57:06.359883Z	   39 Query	/* mysql-connector-j-9.5.0 (Revision: a7b3c94f50efbddb9f0dd69b3e0d1aaa25305cd6) */SELECT  @@session.auto_increment_increment AS auto_increment_increment, @@character_set_client AS character_set_client, @@character_set_connection AS character_set_connection, @@character_set_results AS character_set_results, @@character_set_server AS character_set_server, @@collation_server AS collation_server, @@collation_connection AS collation_connection, @@init_connect AS init_connect, @@interactive_timeout AS interactive_timeout, @@license AS license, @@lower_case_table_names AS lower_case_table_names, @@max_allowed_packet AS max_allowed_packet, @@net_write_timeout AS net_write_timeout, @@performance_schema AS performance_schema, @@sql_mode AS sql_mode, @@system_time_zone AS system_time_zone, @@time_zone AS time_zone, @@transaction_isolation AS transaction_isolation, @@wait_timeout AS wait_timeout
2026-01-17T10:57:06.362401Z	   39 Query	SET character_set_results = NULL
2026-01-17T10:57:06.365058Z	   39 Query	SET autocommit=1
2026-01-17T10:57:06.368128Z	   39 Query	SELECT @@session.transaction_read_only
2026-01-17T10:57:06.409404Z	   40 Connect	root@172.19.0.1 on spring_batch using TCP/IP
2026-01-17T10:57:06.413726Z	   40 Query	/* mysql-connector-j-9.5.0 (Revision: a7b3c94f50efbddb9f0dd69b3e0d1aaa25305cd6) */SELECT  @@session.auto_increment_increment AS auto_increment_increment, @@character_set_client AS character_set_client, @@character_set_connection AS character_set_connection, @@character_set_results AS character_set_results, @@character_set_server AS character_set_server, @@collation_server AS collation_server, @@collation_connection AS collation_connection, @@init_connect AS init_connect, @@interactive_timeout AS interactive_timeout, @@license AS license, @@lower_case_table_names AS lower_case_table_names, @@max_allowed_packet AS max_allowed_packet, @@net_write_timeout AS net_write_timeout, @@performance_schema AS performance_schema, @@sql_mode AS sql_mode, @@system_time_zone AS system_time_zone, @@time_zone AS time_zone, @@transaction_isolation AS transaction_isolation, @@wait_timeout AS wait_timeout
2026-01-17T10:57:06.427654Z	   40 Query	SET character_set_results = NULL
2026-01-17T10:57:06.431220Z	   40 Query	SET autocommit=1
2026-01-17T10:57:06.434719Z	   40 Query	SELECT @@session.transaction_read_only
2026-01-17T10:57:06.472901Z	   41 Connect	root@172.19.0.1 on spring_batch using TCP/IP
2026-01-17T10:57:06.475861Z	   41 Query	/* mysql-connector-j-9.5.0 (Revision: a7b3c94f50efbddb9f0dd69b3e0d1aaa25305cd6) */SELECT  @@session.auto_increment_increment AS auto_increment_increment, @@character_set_client AS character_set_client, @@character_set_connection AS character_set_connection, @@character_set_results AS character_set_results, @@character_set_server AS character_set_server, @@collation_server AS collation_server, @@collation_connection AS collation_connection, @@init_connect AS init_connect, @@interactive_timeout AS interactive_timeout, @@license AS license, @@lower_case_table_names AS lower_case_table_names, @@max_allowed_packet AS max_allowed_packet, @@net_write_timeout AS net_write_timeout, @@performance_schema AS performance_schema, @@sql_mode AS sql_mode, @@system_time_zone AS system_time_zone, @@time_zone AS time_zone, @@transaction_isolation AS transaction_isolation, @@wait_timeout AS wait_timeout
2026-01-17T10:57:06.478179Z	   41 Query	SET character_set_results = NULL
2026-01-17T10:57:06.480233Z	   41 Query	SET autocommit=1
2026-01-17T10:57:06.481859Z	   41 Query	SELECT @@session.transaction_read_only
2026-01-17T10:57:06.520841Z	   42 Connect	root@172.19.0.1 on spring_batch using TCP/IP
2026-01-17T10:57:06.522710Z	   42 Query	/* mysql-connector-j-9.5.0 (Revision: a7b3c94f50efbddb9f0dd69b3e0d1aaa25305cd6) */SELECT  @@session.auto_increment_increment AS auto_increment_increment, @@character_set_client AS character_set_client, @@character_set_connection AS character_set_connection, @@character_set_results AS character_set_results, @@character_set_server AS character_set_server, @@collation_server AS collation_server, @@collation_connection AS collation_connection, @@init_connect AS init_connect, @@interactive_timeout AS interactive_timeout, @@license AS license, @@lower_case_table_names AS lower_case_table_names, @@max_allowed_packet AS max_allowed_packet, @@net_write_timeout AS net_write_timeout, @@performance_schema AS performance_schema, @@sql_mode AS sql_mode, @@system_time_zone AS system_time_zone, @@time_zone AS time_zone, @@transaction_isolation AS transaction_isolation, @@wait_timeout AS wait_timeout
2026-01-17T10:57:06.522976Z	   37 Query	SELECT WORD FROM INFORMATION_SCHEMA.KEYWORDS WHERE RESERVED = 1 ORDER BY WORD
2026-01-17T10:57:06.524717Z	   42 Query	SET character_set_results = NULL
2026-01-17T10:57:06.526602Z	   42 Query	SET autocommit=1
2026-01-17T10:57:06.527791Z	   42 Query	SELECT @@session.transaction_read_only
2026-01-17T10:57:06.562169Z	   37 Query	SELECT @@character_set_database, @@sql_mode
2026-01-17T10:57:06.565251Z	   43 Connect	root@172.19.0.1 on spring_batch using TCP/IP
2026-01-17T10:57:06.568152Z	   43 Query	/* mysql-connector-j-9.5.0 (Revision: a7b3c94f50efbddb9f0dd69b3e0d1aaa25305cd6) */SELECT  @@session.auto_increment_increment AS auto_increment_increment, @@character_set_client AS character_set_client, @@character_set_connection AS character_set_connection, @@character_set_results AS character_set_results, @@character_set_server AS character_set_server, @@collation_server AS collation_server, @@collation_connection AS collation_connection, @@init_connect AS init_connect, @@interactive_timeout AS interactive_timeout, @@license AS license, @@lower_case_table_names AS lower_case_table_names, @@max_allowed_packet AS max_allowed_packet, @@net_write_timeout AS net_write_timeout, @@performance_schema AS performance_schema, @@sql_mode AS sql_mode, @@system_time_zone AS system_time_zone, @@time_zone AS time_zone, @@transaction_isolation AS transaction_isolation, @@wait_timeout AS wait_timeout
2026-01-17T10:57:06.570922Z	   43 Query	SET character_set_results = NULL
2026-01-17T10:57:06.572686Z	   43 Query	SET autocommit=1
2026-01-17T10:57:06.574176Z	   43 Query	SELECT @@session.transaction_read_only
2026-01-17T10:57:06.610220Z	   44 Connect	root@172.19.0.1 on spring_batch using TCP/IP
2026-01-17T10:57:06.612917Z	   44 Query	/* mysql-connector-j-9.5.0 (Revision: a7b3c94f50efbddb9f0dd69b3e0d1aaa25305cd6) */SELECT  @@session.auto_increment_increment AS auto_increment_increment, @@character_set_client AS character_set_client, @@character_set_connection AS character_set_connection, @@character_set_results AS character_set_results, @@character_set_server AS character_set_server, @@collation_server AS collation_server, @@collation_connection AS collation_connection, @@init_connect AS init_connect, @@interactive_timeout AS interactive_timeout, @@license AS license, @@lower_case_table_names AS lower_case_table_names, @@max_allowed_packet AS max_allowed_packet, @@net_write_timeout AS net_write_timeout, @@performance_schema AS performance_schema, @@sql_mode AS sql_mode, @@system_time_zone AS system_time_zone, @@time_zone AS time_zone, @@transaction_isolation AS transaction_isolation, @@wait_timeout AS wait_timeout
2026-01-17T10:57:06.615283Z	   44 Query	SET character_set_results = NULL
2026-01-17T10:57:06.617749Z	   44 Query	SET autocommit=1
2026-01-17T10:57:06.619283Z	   44 Query	SELECT @@session.transaction_read_only
2026-01-17T10:57:06.657627Z	   45 Connect	root@172.19.0.1 on spring_batch using TCP/IP
2026-01-17T10:57:06.660673Z	   45 Query	/* mysql-connector-j-9.5.0 (Revision: a7b3c94f50efbddb9f0dd69b3e0d1aaa25305cd6) */SELECT  @@session.auto_increment_increment AS auto_increment_increment, @@character_set_client AS character_set_client, @@character_set_connection AS character_set_connection, @@character_set_results AS character_set_results, @@character_set_server AS character_set_server, @@collation_server AS collation_server, @@collation_connection AS collation_connection, @@init_connect AS init_connect, @@interactive_timeout AS interactive_timeout, @@license AS license, @@lower_case_table_names AS lower_case_table_names, @@max_allowed_packet AS max_allowed_packet, @@net_write_timeout AS net_write_timeout, @@performance_schema AS performance_schema, @@sql_mode AS sql_mode, @@system_time_zone AS system_time_zone, @@time_zone AS time_zone, @@transaction_isolation AS transaction_isolation, @@wait_timeout AS wait_timeout
2026-01-17T10:57:06.662782Z	   45 Query	SET character_set_results = NULL
2026-01-17T10:57:06.664407Z	   45 Query	SET autocommit=1
2026-01-17T10:57:06.665620Z	   45 Query	SELECT @@session.transaction_read_only
2026-01-17T10:57:06.705333Z	   46 Connect	root@172.19.0.1 on spring_batch using TCP/IP
2026-01-17T10:57:06.713395Z	   46 Query	/* mysql-connector-j-9.5.0 (Revision: a7b3c94f50efbddb9f0dd69b3e0d1aaa25305cd6) */SELECT  @@session.auto_increment_increment AS auto_increment_increment, @@character_set_client AS character_set_client, @@character_set_connection AS character_set_connection, @@character_set_results AS character_set_results, @@character_set_server AS character_set_server, @@collation_server AS collation_server, @@collation_connection AS collation_connection, @@init_connect AS init_connect, @@interactive_timeout AS interactive_timeout, @@license AS license, @@lower_case_table_names AS lower_case_table_names, @@max_allowed_packet AS max_allowed_packet, @@net_write_timeout AS net_write_timeout, @@performance_schema AS performance_schema, @@sql_mode AS sql_mode, @@system_time_zone AS system_time_zone, @@time_zone AS time_zone, @@transaction_isolation AS transaction_isolation, @@wait_timeout AS wait_timeout
2026-01-17T10:57:06.722249Z	   46 Query	SET character_set_results = NULL
2026-01-17T10:57:06.728780Z	   46 Query	SET autocommit=1
2026-01-17T10:57:06.733589Z	   46 Query	SELECT @@session.transaction_read_only
2026-01-17T10:57:07.014353Z	   37 Query	SELECT @@session.transaction_read_only
2026-01-17T10:57:07.015570Z	   37 Query	drop table if exists payment
2026-01-17T10:57:07.038969Z	   37 Query	SELECT @@session.transaction_read_only
2026-01-17T10:57:07.041104Z	   37 Query	drop table if exists payment_source
2026-01-17T10:57:07.068087Z	   37 Query	SELECT @@session.transaction_read_only
2026-01-17T10:57:07.070514Z	   37 Query	create table payment (amount decimal(38,2) not null, payment_date date not null, id bigint not null auto_increment, status varchar(255) not null, primary key (id)) engine=InnoDB
2026-01-17T10:57:07.107005Z	   37 Query	SELECT @@session.transaction_read_only
2026-01-17T10:57:07.109208Z	   37 Query	create table payment_source (discount_amount decimal(38,2) not null, final_amount decimal(38,2) not null, original_amount decimal(38,2) not null, payment_date date not null, id bigint not null auto_increment, partner_corp_name varchar(100) not null, primary key (id)) engine=InnoDB
2026-01-17T10:57:07.435657Z	   37 Query	SET autocommit=0
2026-01-17T10:57:07.451545Z	   37 Query	SELECT JOB_INSTANCE_ID, JOB_NAME
FROM BATCH_JOB_INSTANCE
WHERE JOB_NAME = 'paymentReportJob'
 AND JOB_KEY = 'd41d8cd98f00b204e9800998ecf8427e'
2026-01-17T10:57:07.455338Z	   37 Query	COMMIT
2026-01-17T10:57:07.458016Z	   37 Query	SET autocommit=1
2026-01-17T10:57:07.461597Z	   37 Query	SELECT JOB_INSTANCE_ID, JOB_NAME
FROM BATCH_JOB_INSTANCE I1
WHERE I1.JOB_NAME = 'paymentReportJob' AND I1.JOB_INSTANCE_ID = (SELECT MAX(I2.JOB_INSTANCE_ID) FROM BATCH_JOB_INSTANCE I2 WHERE I2.JOB_NAME = 'paymentReportJob')
2026-01-17T10:57:07.466328Z	   37 Query	SELECT @@session.transaction_isolation
2026-01-17T10:57:07.469088Z	   37 Query	SET SESSION TRANSACTION ISOLATION LEVEL SERIALIZABLE
2026-01-17T10:57:07.471014Z	   37 Query	SET autocommit=0
2026-01-17T10:57:07.474607Z	   37 Query	SELECT JOB_INSTANCE_ID, JOB_NAME
FROM BATCH_JOB_INSTANCE
WHERE JOB_NAME = 'paymentReportJob'
 AND JOB_KEY = '947cce338b790a4bb6cf8425e98bcf94'
2026-01-17T10:57:07.476889Z	   37 Query	COMMIT
2026-01-17T10:57:07.478356Z	   37 Query	SET autocommit=1
2026-01-17T10:57:07.479947Z	   37 Query	SET SESSION TRANSACTION ISOLATION LEVEL REPEATABLE READ
2026-01-17T10:57:07.481296Z	   37 Query	SELECT @@session.transaction_isolation
2026-01-17T10:57:07.482860Z	   37 Query	SET SESSION TRANSACTION ISOLATION LEVEL SERIALIZABLE
2026-01-17T10:57:07.485257Z	   37 Query	SET autocommit=0
2026-01-17T10:57:07.486889Z	   37 Query	SELECT JOB_INSTANCE_ID, JOB_NAME
FROM BATCH_JOB_INSTANCE
WHERE JOB_NAME = 'paymentReportJob'
 AND JOB_KEY = '947cce338b790a4bb6cf8425e98bcf94'
2026-01-17T10:57:07.488523Z	   37 Query	SELECT JOB_INSTANCE_ID, JOB_NAME
FROM BATCH_JOB_INSTANCE
WHERE JOB_NAME = 'paymentReportJob'
 AND JOB_KEY = '947cce338b790a4bb6cf8425e98bcf94'
2026-01-17T10:57:07.490228Z	   38 Query	SET autocommit=0
2026-01-17T10:57:07.493181Z	   38 Query	update BATCH_JOB_SEQ set ID = last_insert_id(ID + 1) limit 1
2026-01-17T10:57:07.494633Z	   38 Query	select last_insert_id()
2026-01-17T10:57:07.497677Z	   38 Query	COMMIT
2026-01-17T10:57:07.502830Z	   38 Query	SET autocommit=1
2026-01-17T10:57:07.505917Z	   37 Query	INSERT INTO BATCH_JOB_INSTANCE(JOB_INSTANCE_ID, JOB_NAME, JOB_KEY, VERSION)
	VALUES (1, 'paymentReportJob', '947cce338b790a4bb6cf8425e98bcf94', 0)
2026-01-17T10:57:07.509009Z	   38 Query	SET autocommit=0
2026-01-17T10:57:07.511167Z	   38 Query	update BATCH_JOB_EXECUTION_SEQ set ID = last_insert_id(ID + 1) limit 1
2026-01-17T10:57:07.513865Z	   38 Query	select last_insert_id()
2026-01-17T10:57:07.517848Z	   38 Query	COMMIT
2026-01-17T10:57:07.522189Z	   38 Query	SET autocommit=1
2026-01-17T10:57:07.531665Z	   37 Query	INSERT INTO BATCH_JOB_EXECUTION(JOB_EXECUTION_ID, JOB_INSTANCE_ID, START_TIME, END_TIME, STATUS, EXIT_CODE, EXIT_MESSAGE, VERSION, CREATE_TIME, LAST_UPDATED)
	VALUES (1, 1, null, null, 'STARTING', 'UNKNOWN', '', 0, '2026-01-17 19:57:07.508622', '2026-01-17 19:57:07.5087')
2026-01-17T10:57:07.536407Z	   37 Query	SELECT @@session.transaction_read_only
2026-01-17T10:57:07.538664Z	   37 Query	INSERT INTO BATCH_JOB_EXECUTION_PARAMS(JOB_EXECUTION_ID, PARAMETER_NAME, PARAMETER_TYPE, PARAMETER_VALUE, IDENTIFYING)
	VALUES (1, 'run.id', 'java.lang.Long', '1', 'Y')
2026-01-17T10:57:07.544048Z	   37 Query	INSERT INTO BATCH_JOB_EXECUTION_CONTEXT (SHORT_CONTEXT, SERIALIZED_CONTEXT, JOB_EXECUTION_ID)
	VALUES('rO0ABXNyABFqYXZhLnV0aWwuSGFzaE1hcAUH2sHDFmDRAwACRgAKbG9hZEZhY3RvckkACXRocmVzaG9sZHhwP0AAAAAAAAB3CAAAABAAAAAAeA==', null, 1)
2026-01-17T10:57:07.547717Z	   37 Query	COMMIT
2026-01-17T10:57:07.553874Z	   37 Query	SET autocommit=1
2026-01-17T10:57:07.555314Z	   37 Query	SET SESSION TRANSACTION ISOLATION LEVEL REPEATABLE READ
2026-01-17T10:57:07.562905Z	   37 Query	SET autocommit=0
2026-01-17T10:57:07.566826Z	   37 Query	SELECT VERSION
FROM BATCH_JOB_EXECUTION
WHERE JOB_EXECUTION_ID=1
2026-01-17T10:57:07.569284Z	   37 Query	SELECT COUNT(*)
FROM BATCH_JOB_EXECUTION
WHERE JOB_EXECUTION_ID = 1
2026-01-17T10:57:07.571304Z	   37 Query	UPDATE BATCH_JOB_EXECUTION
SET START_TIME = '2026-01-17 19:57:07.561918', END_TIME = null,  STATUS = 'STARTED', EXIT_CODE = 'UNKNOWN', EXIT_MESSAGE = '', VERSION = VERSION + 1, CREATE_TIME = '2026-01-17 19:57:07.508622', LAST_UPDATED = '2026-01-17 19:57:07.565753'
WHERE JOB_EXECUTION_ID = 1 AND VERSION = 0
2026-01-17T10:57:07.573094Z	   37 Query	COMMIT
2026-01-17T10:57:07.577736Z	   37 Query	SET autocommit=1
2026-01-17T10:57:07.580674Z	   37 Query	SET autocommit=0
2026-01-17T10:57:07.584229Z	   37 Query	SELECT SE.STEP_EXECUTION_ID, SE.STEP_NAME, SE.START_TIME, SE.END_TIME, SE.STATUS, SE.COMMIT_COUNT, SE.READ_COUNT, SE.FILTER_COUNT, SE.WRITE_COUNT, SE.EXIT_CODE, SE.EXIT_MESSAGE, SE.READ_SKIP_COUNT, SE.WRITE_SKIP_COUNT, SE.PROCESS_SKIP_COUNT, SE.ROLLBACK_COUNT, SE.LAST_UPDATED, SE.VERSION, SE.CREATE_TIME, JE.JOB_EXECUTION_ID, JE.START_TIME, JE.END_TIME, JE.STATUS, JE.EXIT_CODE, JE.EXIT_MESSAGE, JE.CREATE_TIME, JE.LAST_UPDATED, JE.VERSION
FROM BATCH_JOB_EXECUTION JE
	JOIN BATCH_STEP_EXECUTION SE ON SE.JOB_EXECUTION_ID = JE.JOB_EXECUTION_ID
WHERE JE.JOB_INSTANCE_ID = 1 AND SE.STEP_NAME = 'paymentReportStep'
2026-01-17T10:57:07.587906Z	   37 Query	COMMIT
2026-01-17T10:57:07.589409Z	   37 Query	SET autocommit=1
2026-01-17T10:57:07.591069Z	   37 Query	SET autocommit=0
2026-01-17T10:57:07.592762Z	   37 Query	SELECT COUNT(*)
FROM BATCH_JOB_EXECUTION JE
	JOIN BATCH_STEP_EXECUTION SE ON SE.JOB_EXECUTION_ID = JE.JOB_EXECUTION_ID
WHERE JE.JOB_INSTANCE_ID = 1 AND SE.STEP_NAME = 'paymentReportStep'
2026-01-17T10:57:07.594506Z	   37 Query	COMMIT
2026-01-17T10:57:07.596665Z	   37 Query	SET autocommit=1
2026-01-17T10:57:07.598988Z	   37 Query	SET autocommit=0
2026-01-17T10:57:07.600442Z	   38 Query	SET autocommit=0
2026-01-17T10:57:07.601743Z	   38 Query	update BATCH_STEP_EXECUTION_SEQ set ID = last_insert_id(ID + 1) limit 1
2026-01-17T10:57:07.602942Z	   38 Query	select last_insert_id()
2026-01-17T10:57:07.604583Z	   38 Query	COMMIT
2026-01-17T10:57:07.608568Z	   38 Query	SET autocommit=1
2026-01-17T10:57:07.611338Z	   37 Query	INSERT INTO BATCH_STEP_EXECUTION(STEP_EXECUTION_ID, VERSION, STEP_NAME, JOB_EXECUTION_ID, START_TIME, END_TIME, STATUS, COMMIT_COUNT, READ_COUNT, FILTER_COUNT, WRITE_COUNT, EXIT_CODE, EXIT_MESSAGE, READ_SKIP_COUNT, WRITE_SKIP_COUNT, PROCESS_SKIP_COUNT, ROLLBACK_COUNT, LAST_UPDATED, CREATE_TIME)
	VALUES (1, 0, 'paymentReportStep', 1, null, null, 'STARTING', 0, 0, 0, 0, 'EXECUTING', '', 0, 0, 0, 0, '2026-01-17 19:57:07.600225', '2026-01-17 19:57:07.598407')
2026-01-17T10:57:07.614251Z	   37 Query	INSERT INTO BATCH_STEP_EXECUTION_CONTEXT (SHORT_CONTEXT, SERIALIZED_CONTEXT, STEP_EXECUTION_ID)
	VALUES('rO0ABXNyABFqYXZhLnV0aWwuSGFzaE1hcAUH2sHDFmDRAwACRgAKbG9hZEZhY3RvckkACXRocmVzaG9sZHhwP0AAAAAAAAB3CAAAABAAAAAAeA==', null, 1)
2026-01-17T10:57:07.619141Z	   37 Query	COMMIT
2026-01-17T10:57:07.623819Z	   37 Query	SET autocommit=1
2026-01-17T10:57:07.627936Z	   37 Query	SET autocommit=0
2026-01-17T10:57:07.635032Z	   37 Query	UPDATE BATCH_STEP_EXECUTION
SET START_TIME = '2026-01-17 19:57:07.626532', END_TIME = null, STATUS = 'STARTED', COMMIT_COUNT = 0, READ_COUNT = 0, FILTER_COUNT = 0, WRITE_COUNT = 0, EXIT_CODE = 'EXECUTING', EXIT_MESSAGE = '', VERSION = VERSION + 1, READ_SKIP_COUNT = 0, PROCESS_SKIP_COUNT = 0, WRITE_SKIP_COUNT = 0, ROLLBACK_COUNT = 0, LAST_UPDATED = '2026-01-17 19:57:07.632487'
WHERE STEP_EXECUTION_ID = 1 AND VERSION = 0
2026-01-17T10:57:07.640664Z	   37 Query	SELECT VERSION
FROM BATCH_JOB_EXECUTION
WHERE JOB_EXECUTION_ID=1
2026-01-17T10:57:07.645779Z	   37 Query	COMMIT
2026-01-17T10:57:07.657052Z	   37 Query	SET autocommit=1
2026-01-17T10:57:07.677024Z	   37 Query	SET autocommit=0
2026-01-17T10:57:07.679706Z	   37 Query	UPDATE BATCH_STEP_EXECUTION_CONTEXT
SET SHORT_CONTEXT = 'rO0ABXNyABFqYXZhLnV0aWwuSGFzaE1hcAUH2sHDFmDRAwACRgAKbG9hZEZhY3RvckkACXRocmVzaG9sZHhwP0AAAAAAAAx3CAAAABAAAAAEdAAecGF5bWVudFJlcG9ydFJlYWRlci5yZWFkLmNvdW50c3IAEWphdmEubGFuZy5JbnRlZ2VyEuKgpPeBhzgCAAFJAAV2YWx1ZXhyABBqYXZhLmxhbmcuTnVtYmVyhqyVHQuU4IsCAAB4cAAAAAB0ABFiYXRjaC50YXNrbGV0VHlwZXQAPW9yZy5zcHJpbmdmcmFtZXdvcmsuYmF0Y2guY29yZS5zdGVwLml0ZW0uQ2h1bmtPcmllbnRlZFRhc2tsZXR0AA1iYXRjaC52ZXJzaW9udAAFNS4yLjR0AA5iYXRjaC5zdGVwVHlwZXQAN29yZy5zcHJpbmdmcmFtZXdvcmsuYmF0Y2guY29yZS5zdGVwLnRhc2tsZXQuVGFza2xldFN0ZXB4', SERIALIZED_CONTEXT = null
WHERE STEP_EXECUTION_ID = 1
2026-01-17T10:57:07.681697Z	   37 Query	COMMIT
2026-01-17T10:57:07.686536Z	   37 Query	SET autocommit=1
2026-01-17T10:57:07.689452Z	   37 Query	SET autocommit=0
2026-01-17T10:57:07.691808Z	   38 Query	SET autocommit=0
2026-01-17T10:57:07.842791Z	   38 Query	select ps1_0.id,ps1_0.discount_amount,ps1_0.final_amount,ps1_0.original_amount,ps1_0.partner_corp_name,ps1_0.payment_date from payment_source ps1_0 where ps1_0.payment_date=null limit 0,10
2026-01-17T10:57:07.857052Z	   38 Query	COMMIT
2026-01-17T10:57:07.858409Z	   38 Query	SET autocommit=1
2026-01-17T10:57:07.861409Z	   37 Query	UPDATE BATCH_STEP_EXECUTION_CONTEXT
SET SHORT_CONTEXT = 'rO0ABXNyABFqYXZhLnV0aWwuSGFzaE1hcAUH2sHDFmDRAwACRgAKbG9hZEZhY3RvckkACXRocmVzaG9sZHhwP0AAAAAAAAx3CAAAABAAAAAEdAAecGF5bWVudFJlcG9ydFJlYWRlci5yZWFkLmNvdW50c3IAEWphdmEubGFuZy5JbnRlZ2VyEuKgpPeBhzgCAAFJAAV2YWx1ZXhyABBqYXZhLmxhbmcuTnVtYmVyhqyVHQuU4IsCAAB4cAAAAAF0ABFiYXRjaC50YXNrbGV0VHlwZXQAPW9yZy5zcHJpbmdmcmFtZXdvcmsuYmF0Y2guY29yZS5zdGVwLml0ZW0uQ2h1bmtPcmllbnRlZFRhc2tsZXR0AA1iYXRjaC52ZXJzaW9udAAFNS4yLjR0AA5iYXRjaC5zdGVwVHlwZXQAN29yZy5zcHJpbmdmcmFtZXdvcmsuYmF0Y2guY29yZS5zdGVwLnRhc2tsZXQuVGFza2xldFN0ZXB4', SERIALIZED_CONTEXT = null
WHERE STEP_EXECUTION_ID = 1
2026-01-17T10:57:07.864705Z	   37 Query	UPDATE BATCH_STEP_EXECUTION
SET START_TIME = '2026-01-17 19:57:07.626532', END_TIME = null, STATUS = 'STARTED', COMMIT_COUNT = 1, READ_COUNT = 0, FILTER_COUNT = 0, WRITE_COUNT = 0, EXIT_CODE = 'EXECUTING', EXIT_MESSAGE = '', VERSION = VERSION + 1, READ_SKIP_COUNT = 0, PROCESS_SKIP_COUNT = 0, WRITE_SKIP_COUNT = 0, ROLLBACK_COUNT = 0, LAST_UPDATED = '2026-01-17 19:57:07.863697'
WHERE STEP_EXECUTION_ID = 1 AND VERSION = 1
2026-01-17T10:57:07.866643Z	   37 Query	SELECT VERSION
FROM BATCH_JOB_EXECUTION
WHERE JOB_EXECUTION_ID=1
2026-01-17T10:57:07.868656Z	   37 Query	COMMIT
2026-01-17T10:57:07.873940Z	   37 Query	SET autocommit=1
2026-01-17T10:57:07.877925Z	   37 Query	SET autocommit=0
2026-01-17T10:57:07.880104Z	   37 Query	UPDATE BATCH_STEP_EXECUTION_CONTEXT
SET SHORT_CONTEXT = 'rO0ABXNyABFqYXZhLnV0aWwuSGFzaE1hcAUH2sHDFmDRAwACRgAKbG9hZEZhY3RvckkACXRocmVzaG9sZHhwP0AAAAAAAAx3CAAAABAAAAAEdAAecGF5bWVudFJlcG9ydFJlYWRlci5yZWFkLmNvdW50c3IAEWphdmEubGFuZy5JbnRlZ2VyEuKgpPeBhzgCAAFJAAV2YWx1ZXhyABBqYXZhLmxhbmcuTnVtYmVyhqyVHQuU4IsCAAB4cAAAAAF0ABFiYXRjaC50YXNrbGV0VHlwZXQAPW9yZy5zcHJpbmdmcmFtZXdvcmsuYmF0Y2guY29yZS5zdGVwLml0ZW0uQ2h1bmtPcmllbnRlZFRhc2tsZXR0AA1iYXRjaC52ZXJzaW9udAAFNS4yLjR0AA5iYXRjaC5zdGVwVHlwZXQAN29yZy5zcHJpbmdmcmFtZXdvcmsuYmF0Y2guY29yZS5zdGVwLnRhc2tsZXQuVGFza2xldFN0ZXB4', SERIALIZED_CONTEXT = null
WHERE STEP_EXECUTION_ID = 1
2026-01-17T10:57:07.881967Z	   37 Query	COMMIT
2026-01-17T10:57:07.884816Z	   37 Query	SET autocommit=1
2026-01-17T10:57:07.886285Z	   37 Query	SET autocommit=0
2026-01-17T10:57:07.888274Z	   37 Query	UPDATE BATCH_STEP_EXECUTION
SET START_TIME = '2026-01-17 19:57:07.626532', END_TIME = '2026-01-17 19:57:07.87681', STATUS = 'COMPLETED', COMMIT_COUNT = 1, READ_COUNT = 0, FILTER_COUNT = 0, WRITE_COUNT = 0, EXIT_CODE = 'COMPLETED', EXIT_MESSAGE = '', VERSION = VERSION + 1, READ_SKIP_COUNT = 0, PROCESS_SKIP_COUNT = 0, WRITE_SKIP_COUNT = 0, ROLLBACK_COUNT = 0, LAST_UPDATED = '2026-01-17 19:57:07.887526'
WHERE STEP_EXECUTION_ID = 1 AND VERSION = 2
2026-01-17T10:57:07.890518Z	   37 Query	SELECT VERSION
FROM BATCH_JOB_EXECUTION
WHERE JOB_EXECUTION_ID=1
2026-01-17T10:57:07.892060Z	   37 Query	COMMIT
2026-01-17T10:57:07.895940Z	   37 Query	SET autocommit=1
2026-01-17T10:57:07.899000Z	   38 Query	SET autocommit=0
2026-01-17T10:57:07.900769Z	   38 Query	UPDATE BATCH_JOB_EXECUTION_CONTEXT
SET SHORT_CONTEXT = 'rO0ABXNyABFqYXZhLnV0aWwuSGFzaE1hcAUH2sHDFmDRAwACRgAKbG9hZEZhY3RvckkACXRocmVzaG9sZHhwP0AAAAAAAAx3CAAAABAAAAABdAANYmF0Y2gudmVyc2lvbnQABTUuMi40eA==', SERIALIZED_CONTEXT = null
WHERE JOB_EXECUTION_ID = 1
2026-01-17T10:57:07.903787Z	   38 Query	COMMIT
2026-01-17T10:57:07.909074Z	   38 Query	SET autocommit=1
2026-01-17T10:57:07.911712Z	   38 Query	SET autocommit=0
2026-01-17T10:57:07.913842Z	   38 Query	SELECT VERSION
FROM BATCH_JOB_EXECUTION
WHERE JOB_EXECUTION_ID=1
2026-01-17T10:57:07.917006Z	   38 Query	SELECT COUNT(*)
FROM BATCH_JOB_EXECUTION
WHERE JOB_EXECUTION_ID = 1
2026-01-17T10:57:07.918924Z	   38 Query	UPDATE BATCH_JOB_EXECUTION
SET START_TIME = '2026-01-17 19:57:07.561918', END_TIME = '2026-01-17 19:57:07.911103',  STATUS = 'COMPLETED', EXIT_CODE = 'COMPLETED', EXIT_MESSAGE = '', VERSION = VERSION + 1, CREATE_TIME = '2026-01-17 19:57:07.508622', LAST_UPDATED = '2026-01-17 19:57:07.913243'
WHERE JOB_EXECUTION_ID = 1 AND VERSION = 1
2026-01-17T10:57:07.920714Z	   38 Query	COMMIT
2026-01-17T10:57:07.924762Z	   38 Query	SET autocommit=1
2026-01-17T10:57:07.938016Z	   37 Quit	
2026-01-17T10:57:07.939119Z	   38 Quit	
2026-01-17T10:57:07.940627Z	   40 Quit	
2026-01-17T10:57:07.940659Z	   41 Quit	
2026-01-17T10:57:07.940688Z	   42 Quit	
2026-01-17T10:57:07.940712Z	   44 Quit	
2026-01-17T10:57:07.940722Z	   43 Quit	
2026-01-17T10:57:07.940996Z	   45 Quit	
2026-01-17T10:57:07.941105Z	   39 Quit	
2026-01-17T10:57:07.941110Z	   46 Quit	
2026-01-17T10:57:42.179989Z	   32 Query	SELECT @@session.transaction_isolation
2026-01-17T10:57:42.184399Z	   32 Query	/* ApplicationName=IntelliJ IDEA 2024.1.6 */ set session transaction read write
2026-01-17T10:57:42.188513Z	   32 Query	SELECT @@session.transaction_read_only
2026-01-17T10:57:42.197451Z	   32 Query	SELECT @@session.transaction_read_only
2026-01-17T10:57:42.204214Z	   32 Query	/* ApplicationName=IntelliJ IDEA 2024.1.6 */ SET net_write_timeout=600
2026-01-17T10:57:42.207280Z	   32 Query	/* ApplicationName=IntelliJ IDEA 2024.1.6 */ INSERT INTO payment_source (discount_amount, final_amount, original_amount, partner_corp_name, payment_date)
VALUES (100.00, 900.00, 1000.00, 'Partner Corp 1', '2025-05-01'),
       (150.00, 1850.00, 2000.00, 'Partner Corp 2', '2025-05-01'),
       (200.00, 2800.00, 3000.00, 'Partner Corp 3', '2025-05-01'),
       (250.00, 3750.00, 4000.00, 'Partner Corp 4', '2025-05-01'),
       (300.00, 4700.00, 5000.00, 'Partner Corp 5', '2025-05-01'),
       (350.00, 5650.00, 6000.00, 'Partner Corp 6', '2025-05-01'),
       (400.00, 6600.00, 7000.00, 'Partner Corp 7', '2025-05-01'),
       (450.00, 7550.00, 8000.00, 'Partner Corp 8', '2025-05-01'),
       (500.00, 8500.00, 9000.00, 'Partner Corp 9', '2025-05-01'),
       (550.00, 9450.00, 10000.00, 'Partner Corp 10', '2025-05-01'),
       (600.00, 10400.00, 11000.00, 'Partner Corp 11', '2025-05-01'),
       (650.00, 11350.00, 12000.00, 'Partner Corp 12', '2025-05-01'),
       (700.00, 12300.00, 13000.00, 'Partner Corp 13', '2025-05-01'),
       (750.00, 13250.00, 14000.00, 'Partner Corp 14', '2025-05-01'),
       (800.00, 14200.00, 15000.00, 'Partner Corp 15', '2025-05-01'),
       (850.00, 15150.00, 16000.00, 'Partner Corp 16', '2025-05-01'),
       (900.00, 16100.00, 17000.00, 'Partner Corp 17', '2025-05-01'),
       (950.00, 17050.00, 18000.00, 'Partner Corp 18', '2025-05-01'),
       (1000.00, 18000.00, 19000.00, 'Partner Corp 19', '2025-05-01'),
       (1050.00, 18950.00, 20000.00, 'Partner Corp 20', '2025-05-01')
2026-01-17T10:57:42.224246Z	   32 Query	SELECT @@session.transaction_isolation
2026-01-17T10:57:42.237930Z	   32 Query	SELECT @@session.transaction_isolation
2026-01-17T10:57:42.241112Z	   32 Query	/* ApplicationName=IntelliJ IDEA 2024.1.6 */ set session transaction read write
2026-01-17T10:57:42.245057Z	   32 Query	SELECT @@session.transaction_read_only
2026-01-17T10:57:42.253802Z	   32 Query	SELECT @@session.transaction_read_only
2026-01-17T10:57:42.255922Z	   32 Query	/* ApplicationName=IntelliJ IDEA 2024.1.6 */ SET net_write_timeout=600
2026-01-17T10:57:42.259052Z	   32 Query	/* ApplicationName=IntelliJ IDEA 2024.1.6 */ INSERT INTO payment_source (discount_amount, final_amount, original_amount, partner_corp_name, payment_date)
VALUES (100.00, 900.00, 1000.00, 'Partner Corp 1', '2025-05-02'),
       (150.00, 1850.00, 2000.00, 'Partner Corp 2', '2025-05-02'),
       (200.00, 2800.00, 3000.00, 'Partner Corp 3', '2025-05-02'),
       (250.00, 3750.00, 4000.00, 'Partner Corp 4', '2025-05-02'),
       (300.00, 4700.00, 5000.00, 'Partner Corp 5', '2025-05-02'),
       (350.00, 5650.00, 6000.00, 'Partner Corp 6', '2025-05-02'),
       (400.00, 6600.00, 7000.00, 'Partner Corp 7', '2025-05-02'),
       (450.00, 7550.00, 8000.00, 'Partner Corp 8', '2025-05-02'),
       (500.00, 8500.00, 9000.00, 'Partner Corp 9', '2025-05-02'),
       (550.00, 9450.00, 10000.00, 'Partner Corp 10', '2025-05-02'),
       (600.00, 10400.00, 11000.00, 'Partner Corp 11', '2025-05-02'),
       (650.00, 11350.00, 12000.00, 'Partner Corp 12', '2025-05-02'),
       (700.00, 12300.00, 13000.00, 'Partner Corp 13', '2025-05-02'),
       (750.00, 13250.00, 14000.00, 'Partner Corp 14', '2025-05-02'),
       (800.00, 14200.00, 15000.00, 'Partner Corp 15', '2025-05-02'),
       (850.00, 15150.00, 16000.00, 'Partner Corp 16', '2025-05-02'),
       (900.00, 16100.00, 17000.00, 'Partner Corp 17', '2025-05-02'),
       (950.00, 17050.00, 18000.00, 'Partner Corp 18', '2025-05-02'),
       (1000.00, 18000.00, 19000.00, 'Partner Corp 19', '2025-05-02'),
       (1050.00, 18950.00, 20000.00, 'Partner Corp 20', '2025-05-02')
2026-01-17T10:57:42.278090Z	   32 Query	SELECT @@session.transaction_isolation
2026-01-17T10:57:42.292130Z	   32 Query	SELECT @@session.transaction_isolation
2026-01-17T10:57:42.297450Z	   32 Query	/* ApplicationName=IntelliJ IDEA 2024.1.6 */ set session transaction read write
2026-01-17T10:57:42.302951Z	   32 Query	SELECT @@session.transaction_read_only
2026-01-17T10:57:42.311420Z	   32 Query	SELECT @@session.transaction_read_only
2026-01-17T10:57:42.316725Z	   32 Query	/* ApplicationName=IntelliJ IDEA 2024.1.6 */ SET net_write_timeout=600
2026-01-17T10:57:42.323620Z	   32 Query	/* ApplicationName=IntelliJ IDEA 2024.1.6 */ INSERT INTO payment_source (discount_amount, final_amount, original_amount, partner_corp_name, payment_date)
VALUES (0, 0, 0, 'Partner Corp 1', '2025-05-02')
2026-01-17T10:57:42.349288Z	   32 Query	/* ApplicationName=IntelliJ IDEA 2024.1.6 */ select database()
2026-01-17T10:57:42.358139Z	   32 Query	SELECT @@session.transaction_isolation
2026-01-17T10:57:47.666092Z	   47 Connect	root@172.19.0.1 on  using SSL/TLS
2026-01-17T10:57:47.668736Z	   47 Query	/* mysql-connector-j-8.2.0 (Revision: 06a1f724497fd81c6a659131fda822c9e5085b6c) */SELECT  @@session.auto_increment_increment AS auto_increment_increment, @@character_set_client AS character_set_client, @@character_set_connection AS character_set_connection, @@character_set_results AS character_set_results, @@character_set_server AS character_set_server, @@collation_server AS collation_server, @@collation_connection AS collation_connection, @@init_connect AS init_connect, @@interactive_timeout AS interactive_timeout, @@license AS license, @@lower_case_table_names AS lower_case_table_names, @@max_allowed_packet AS max_allowed_packet, @@net_write_timeout AS net_write_timeout, @@performance_schema AS performance_schema, @@sql_mode AS sql_mode, @@system_time_zone AS system_time_zone, @@time_zone AS time_zone, @@transaction_isolation AS transaction_isolation, @@wait_timeout AS wait_timeout
2026-01-17T10:57:47.671128Z	   47 Query	SET autocommit=1
2026-01-17T10:57:47.672918Z	   47 Query	select version(), @@version_comment, database()
2026-01-17T10:57:47.674692Z	   47 Query	show variables like 'aurora\_version'
2026-01-17T10:57:47.692447Z	   47 Query	/* ApplicationName=IntelliJ IDEA 2024.1.6 */ set session transaction read write
2026-01-17T10:57:47.712464Z	   47 Query	/* ApplicationName=IntelliJ IDEA 2024.1.6 */ select database()
2026-01-17T10:57:47.743209Z	   47 Query	/* ApplicationName=IntelliJ IDEA 2024.1.6 */ SET net_write_timeout=600
2026-01-17T10:57:47.749977Z	   47 Query	/* ApplicationName=IntelliJ IDEA 2024.1.6 */ select database(), schema(), left(user(),instr(concat(user(),'@'),'@')-1)
2026-01-17T10:57:47.755148Z	   47 Query	SET net_write_timeout=60
2026-01-17T10:57:47.762216Z	   47 Query	/* ApplicationName=IntelliJ IDEA 2024.1.6 */ SET net_write_timeout=600
2026-01-17T10:57:47.764154Z	   47 Query	/* ApplicationName=IntelliJ IDEA 2024.1.6 */ select @@event_scheduler
2026-01-17T10:57:47.768702Z	   47 Query	SET net_write_timeout=60
2026-01-17T10:57:47.776636Z	   47 Query	/* ApplicationName=IntelliJ IDEA 2024.1.6 */ SET net_write_timeout=600
2026-01-17T10:57:47.779099Z	   47 Query	/* ApplicationName=IntelliJ IDEA 2024.1.6 */ select database(), schema(), left(user(),instr(concat(user(),'@'),'@')-1)
2026-01-17T10:57:47.781760Z	   47 Query	SET net_write_timeout=60
2026-01-17T10:57:47.788773Z	   47 Query	/* ApplicationName=IntelliJ IDEA 2024.1.6 */ SET net_write_timeout=600
2026-01-17T10:57:47.790642Z	   47 Query	/* ApplicationName=IntelliJ IDEA 2024.1.6 */ select @@event_scheduler
2026-01-17T10:57:47.795614Z	   47 Query	SET net_write_timeout=60
2026-01-17T10:57:47.801574Z	   47 Query	/* ApplicationName=IntelliJ IDEA 2024.1.6 */ SET net_write_timeout=600
2026-01-17T10:57:47.804392Z	   47 Query	/* ApplicationName=IntelliJ IDEA 2024.1.6 */ select @@default_storage_engine, @@default_tmp_storage_engine
2026-01-17T10:57:47.809169Z	   47 Query	SET net_write_timeout=60
2026-01-17T10:57:47.826142Z	   47 Query	/* ApplicationName=IntelliJ IDEA 2024.1.6 */ SET net_write_timeout=600
2026-01-17T10:57:47.833303Z	   47 Query	/* ApplicationName=IntelliJ IDEA 2024.1.6 */ select table_name from information_schema.tables
        where lower(table_schema) = 'information_schema'
          and lower(table_name) = 'parameters'
2026-01-17T10:57:47.843006Z	   47 Query	SET net_write_timeout=60
2026-01-17T10:57:47.852472Z	   47 Query	/* ApplicationName=IntelliJ IDEA 2024.1.6 */ SET net_write_timeout=600
2026-01-17T10:57:47.854519Z	   47 Query	/* ApplicationName=IntelliJ IDEA 2024.1.6 */ select table_name, table_type, table_comment, engine, table_collation, create_options
        from information_schema.tables
        where table_schema = 'spring_batch'
2026-01-17T10:57:47.874648Z	   47 Query	SET net_write_timeout=60
2026-01-17T10:57:47.895483Z	   47 Query	/* ApplicationName=IntelliJ IDEA 2024.1.6 */ SET net_write_timeout=600
2026-01-17T10:57:47.898580Z	   47 Query	/* ApplicationName=IntelliJ IDEA 2024.1.6 */ select
            ordinal_position,
            column_name,
            column_type,
            column_default,
            generation_expression,
            table_name,
            column_comment,
            is_nullable,
            extra,
            collation_name
          from information_schema.columns
          where table_schema = 'spring_batch'
          order by table_name, ordinal_position
2026-01-17T10:57:47.911647Z	   47 Query	SET net_write_timeout=60
2026-01-17T10:57:47.917074Z	   47 Query	/* ApplicationName=IntelliJ IDEA 2024.1.6 */ SET net_write_timeout=600
2026-01-17T10:57:47.919209Z	   47 Query	/* ApplicationName=IntelliJ IDEA 2024.1.6 */ select table_name, auto_increment
        from information_schema.tables
        where table_schema = 'spring_batch' and auto_increment is not null
2026-01-17T10:57:47.925211Z	   47 Query	SET net_write_timeout=60
2026-01-17T10:57:47.935906Z	   47 Query	/* ApplicationName=IntelliJ IDEA 2024.1.6 */ SET net_write_timeout=600
2026-01-17T10:57:47.938782Z	   47 Query	/* ApplicationName=IntelliJ IDEA 2024.1.6 */ select
          table_name,
          index_name,
          index_comment,
          index_type,
          non_unique,
          column_name,
          sub_part,
          collation,
          expression
        from information_schema.statistics
        where table_schema = 'spring_batch' and
              index_schema = 'spring_batch'
        order by
          index_schema,
          table_name,
          index_name,
          index_type,
          seq_in_index
2026-01-17T10:57:47.947005Z	   47 Query	SET net_write_timeout=60
2026-01-17T10:57:47.951465Z	   47 Query	/* ApplicationName=IntelliJ IDEA 2024.1.6 */ SET net_write_timeout=600
2026-01-17T10:57:47.953114Z	   47 Query	/* ApplicationName=IntelliJ IDEA 2024.1.6 */ select
          c.constraint_name,
          c.constraint_schema,
          c.table_name,
          c.constraint_type,
          c.enforced = 'YES' enforced
        from information_schema.table_constraints c
          where c.table_schema = 'spring_batch'
2026-01-17T10:57:47.957643Z	   47 Query	SET net_write_timeout=60
2026-01-17T10:57:47.971864Z	   47 Query	/* ApplicationName=IntelliJ IDEA 2024.1.6 */ SET net_write_timeout=600
2026-01-17T10:57:47.973981Z	   47 Query	/* ApplicationName=IntelliJ IDEA 2024.1.6 */ select
          r.constraint_name,
          null table_name,
          r.match_option,
          r.update_rule,
          r.delete_rule
        from information_schema.referential_constraints r
          where r.constraint_schema = 'spring_batch'
2026-01-17T10:57:47.978277Z	   47 Query	SET net_write_timeout=60
2026-01-17T10:57:47.984271Z	   47 Query	/* ApplicationName=IntelliJ IDEA 2024.1.6 */ SET net_write_timeout=600
2026-01-17T10:57:47.986317Z	   47 Query	/* ApplicationName=IntelliJ IDEA 2024.1.6 */ select
        constraint_name,
        table_name,
        column_name,
        referenced_table_schema,
        referenced_table_name,
        referenced_column_name
      from information_schema.key_column_usage
      where table_schema = 'spring_batch' and referenced_column_name is not null
      order by
          table_name
        , constraint_name
        , ordinal_position
2026-01-17T10:57:47.991030Z	   47 Query	SET net_write_timeout=60
2026-01-17T10:57:47.996956Z	   47 Query	/* ApplicationName=IntelliJ IDEA 2024.1.6 */ SET net_write_timeout=600
2026-01-17T10:57:47.998532Z	   47 Query	/* ApplicationName=IntelliJ IDEA 2024.1.6 */ select table_name, partition_name, subpartition_name, partition_ordinal_position,
       subpartition_ordinal_position, partition_method, subpartition_method, partition_expression,
       subpartition_expression, partition_description, partition_comment/*, tablespace_name*/
    from information_schema.partitions where partition_name is not null and table_schema = 'spring_batch'
2026-01-17T10:57:48.000718Z	   47 Query	SET net_write_timeout=60
2026-01-17T10:57:48.043994Z	   47 Query	/* ApplicationName=IntelliJ IDEA 2024.1.6 */ SET net_write_timeout=600
2026-01-17T10:57:48.053897Z	   47 Query	/* ApplicationName=IntelliJ IDEA 2024.1.6 */ select
          trigger_name,
          event_object_table,
          event_manipulation,
          action_timing,
          definer
        from information_schema.triggers
        where trigger_schema = 'spring_batch'
2026-01-17T10:57:48.059763Z	   47 Query	SET net_write_timeout=60
2026-01-17T10:57:48.066476Z	   47 Query	/* ApplicationName=IntelliJ IDEA 2024.1.6 */ SET net_write_timeout=600
2026-01-17T10:57:48.068685Z	   47 Query	/* ApplicationName=IntelliJ IDEA 2024.1.6 */ select
          event_name,
          event_comment,
          definer,
          event_type = 'RECURRING' recurring,
          interval_value,
          interval_field,
          cast(coalesce(starts, execute_at) as char) starts,
          cast(ends as char) ends,
          status,
          on_completion = 'PRESERVE' preserve,
          last_executed
        from information_schema.events
        where event_schema = 'spring_batch'
2026-01-17T10:57:48.078714Z	   47 Query	SET net_write_timeout=60
2026-01-17T10:57:48.273571Z	   47 Query	/* ApplicationName=IntelliJ IDEA 2024.1.6 */ SET net_write_timeout=600
2026-01-17T10:57:48.283621Z	   47 Query	/* ApplicationName=IntelliJ IDEA 2024.1.6 */ select
          routine_name,
          routine_type,
          routine_definition,
          routine_comment,
          dtd_identifier,
          definer,
          is_deterministic = 'YES' is_deterministic,
          cast(sql_data_access as char(1)) sql_data_access,
          cast(security_type as char(1)) security_type
        from information_schema.routines
        where routine_schema = 'spring_batch'
2026-01-17T10:57:48.290714Z	   47 Query	SET net_write_timeout=60
2026-01-17T10:57:48.307146Z	   47 Query	/* ApplicationName=IntelliJ IDEA 2024.1.6 */ SET net_write_timeout=600
2026-01-17T10:57:48.313518Z	   47 Query	/* ApplicationName=IntelliJ IDEA 2024.1.6 */ select Host, User, Routine_name, Proc_priv, Routine_type = 'PROCEDURE' as is_proc
    from mysql.procs_priv where Db = 'spring_batch'
2026-01-17T10:57:48.333594Z	   47 Query	SET net_write_timeout=60
2026-01-17T10:57:48.381997Z	   47 Query	/* ApplicationName=IntelliJ IDEA 2024.1.6 */ SET net_write_timeout=600
2026-01-17T10:57:48.392150Z	   47 Query	/* ApplicationName=IntelliJ IDEA 2024.1.6 */ select grantee, table_name, column_name, privilege_type, is_grantable
      from information_schema.column_privileges
      where table_schema = 'spring_batch'
      union all
      select grantee, table_name, '' column_name, privilege_type, is_grantable
      from information_schema.table_privileges
      where table_schema = 'spring_batch'
      order by table_name, grantee, privilege_type
2026-01-17T10:57:48.423761Z	   47 Query	SET net_write_timeout=60
2026-01-17T10:57:48.443219Z	   47 Query	/* ApplicationName=IntelliJ IDEA 2024.1.6 */ SET net_write_timeout=600
2026-01-17T10:57:48.447058Z	   47 Query	/* ApplicationName=IntelliJ IDEA 2024.1.6 */ select specific_name,
        ordinal_position,
        parameter_name,
        parameter_mode,
        dtd_identifier
      from information_schema.parameters
      where specific_schema = 'spring_batch' and ordinal_position > 0
      order by specific_name, ordinal_position
2026-01-17T10:57:48.450606Z	   47 Query	SET net_write_timeout=60
2026-01-17T10:57:48.480773Z	   47 Query	/* ApplicationName=IntelliJ IDEA 2024.1.6 */ SET net_write_timeout=600
2026-01-17T10:57:48.485606Z	   47 Query	/* ApplicationName=IntelliJ IDEA 2024.1.6 */ select table_name, view_definition, definer
      from information_schema.views
      where table_schema = 'spring_batch'
2026-01-17T10:57:48.489079Z	   47 Query	SET net_write_timeout=60
2026-01-17T10:57:48.510640Z	   47 Query	SELECT @@session.transaction_isolation
2026-01-17T10:57:48.521526Z	   47 Quit	
2026-01-17T10:57:50.020017Z	   48 Connect	root@172.19.0.1 on  using SSL/TLS
2026-01-17T10:57:50.022760Z	   48 Query	/* mysql-connector-j-8.2.0 (Revision: 06a1f724497fd81c6a659131fda822c9e5085b6c) */SELECT  @@session.auto_increment_increment AS auto_increment_increment, @@character_set_client AS character_set_client, @@character_set_connection AS character_set_connection, @@character_set_results AS character_set_results, @@character_set_server AS character_set_server, @@collation_server AS collation_server, @@collation_connection AS collation_connection, @@init_connect AS init_connect, @@interactive_timeout AS interactive_timeout, @@license AS license, @@lower_case_table_names AS lower_case_table_names, @@max_allowed_packet AS max_allowed_packet, @@net_write_timeout AS net_write_timeout, @@performance_schema AS performance_schema, @@sql_mode AS sql_mode, @@system_time_zone AS system_time_zone, @@time_zone AS time_zone, @@transaction_isolation AS transaction_isolation, @@wait_timeout AS wait_timeout
2026-01-17T10:57:50.024963Z	   48 Query	SET autocommit=1
2026-01-17T10:57:50.027726Z	   48 Query	select version(), @@version_comment, database()
2026-01-17T10:57:50.030412Z	   48 Query	show variables like 'aurora\_version'
2026-01-17T10:57:50.043776Z	   48 Query	/* ApplicationName=IntelliJ IDEA 2024.1.6 */ set session transaction read write
2026-01-17T10:57:50.050731Z	   48 Query	/* ApplicationName=IntelliJ IDEA 2024.1.6 */ select database()
2026-01-17T10:57:50.061108Z	   48 Query	/* ApplicationName=IntelliJ IDEA 2024.1.6 */ SET net_write_timeout=600
2026-01-17T10:57:50.062871Z	   48 Query	/* ApplicationName=IntelliJ IDEA 2024.1.6 */ select database(), schema(), left(user(),instr(concat(user(),'@'),'@')-1)
2026-01-17T10:57:50.064919Z	   48 Query	SET net_write_timeout=60
2026-01-17T10:57:50.070096Z	   48 Query	/* ApplicationName=IntelliJ IDEA 2024.1.6 */ SET net_write_timeout=600
2026-01-17T10:57:50.071765Z	   48 Query	/* ApplicationName=IntelliJ IDEA 2024.1.6 */ select @@event_scheduler
2026-01-17T10:57:50.074978Z	   48 Query	SET net_write_timeout=60
2026-01-17T10:57:50.081133Z	   48 Query	/* ApplicationName=IntelliJ IDEA 2024.1.6 */ SET net_write_timeout=600
2026-01-17T10:57:50.082779Z	   48 Query	/* ApplicationName=IntelliJ IDEA 2024.1.6 */ select database(), schema(), left(user(),instr(concat(user(),'@'),'@')-1)
2026-01-17T10:57:50.083925Z	   48 Query	SET net_write_timeout=60
2026-01-17T10:57:50.087760Z	   48 Query	/* ApplicationName=IntelliJ IDEA 2024.1.6 */ SET net_write_timeout=600
2026-01-17T10:57:50.089518Z	   48 Query	/* ApplicationName=IntelliJ IDEA 2024.1.6 */ select @@event_scheduler
2026-01-17T10:57:50.092981Z	   48 Query	SET net_write_timeout=60
2026-01-17T10:57:50.097714Z	   48 Query	/* ApplicationName=IntelliJ IDEA 2024.1.6 */ SET net_write_timeout=600
2026-01-17T10:57:50.100438Z	   48 Query	/* ApplicationName=IntelliJ IDEA 2024.1.6 */ select @@default_storage_engine, @@default_tmp_storage_engine
2026-01-17T10:57:50.105314Z	   48 Query	SET net_write_timeout=60
2026-01-17T10:57:50.110192Z	   48 Query	/* ApplicationName=IntelliJ IDEA 2024.1.6 */ SET net_write_timeout=600
2026-01-17T10:57:50.112450Z	   48 Query	/* ApplicationName=IntelliJ IDEA 2024.1.6 */ select table_name from information_schema.tables
        where lower(table_schema) = 'information_schema'
          and lower(table_name) = 'parameters'
2026-01-17T10:57:50.118143Z	   48 Query	SET net_write_timeout=60
2026-01-17T10:57:50.123834Z	   48 Query	/* ApplicationName=IntelliJ IDEA 2024.1.6 */ SET net_write_timeout=600
2026-01-17T10:57:50.125532Z	   48 Query	/* ApplicationName=IntelliJ IDEA 2024.1.6 */ select table_name, table_type, table_comment, engine, table_collation, create_options
        from information_schema.tables
        where table_schema = 'spring_batch'
2026-01-17T10:57:50.130671Z	   48 Query	SET net_write_timeout=60
2026-01-17T10:57:50.138171Z	   48 Query	/* ApplicationName=IntelliJ IDEA 2024.1.6 */ SET net_write_timeout=600
2026-01-17T10:57:50.140198Z	   48 Query	/* ApplicationName=IntelliJ IDEA 2024.1.6 */ select
            ordinal_position,
            column_name,
            column_type,
            column_default,
            generation_expression,
            table_name,
            column_comment,
            is_nullable,
            extra,
            collation_name
          from information_schema.columns
          where table_schema = 'spring_batch'
          order by table_name, ordinal_position
2026-01-17T10:57:50.149888Z	   48 Query	SET net_write_timeout=60
2026-01-17T10:57:50.156993Z	   48 Query	/* ApplicationName=IntelliJ IDEA 2024.1.6 */ SET net_write_timeout=600
2026-01-17T10:57:50.158889Z	   48 Query	/* ApplicationName=IntelliJ IDEA 2024.1.6 */ select table_name, auto_increment
        from information_schema.tables
        where table_schema = 'spring_batch' and auto_increment is not null
2026-01-17T10:57:50.164410Z	   48 Query	SET net_write_timeout=60
2026-01-17T10:57:50.174117Z	   48 Query	/* ApplicationName=IntelliJ IDEA 2024.1.6 */ SET net_write_timeout=600
2026-01-17T10:57:50.176423Z	   48 Query	/* ApplicationName=IntelliJ IDEA 2024.1.6 */ select
          table_name,
          index_name,
          index_comment,
          index_type,
          non_unique,
          column_name,
          sub_part,
          collation,
          expression
        from information_schema.statistics
        where table_schema = 'spring_batch' and
              index_schema = 'spring_batch'
        order by
          index_schema,
          table_name,
          index_name,
          index_type,
          seq_in_index
2026-01-17T10:57:50.187460Z	   48 Query	SET net_write_timeout=60
2026-01-17T10:57:50.192293Z	   48 Query	/* ApplicationName=IntelliJ IDEA 2024.1.6 */ SET net_write_timeout=600
2026-01-17T10:57:50.194576Z	   48 Query	/* ApplicationName=IntelliJ IDEA 2024.1.6 */ select
          c.constraint_name,
          c.constraint_schema,
          c.table_name,
          c.constraint_type,
          c.enforced = 'YES' enforced
        from information_schema.table_constraints c
          where c.table_schema = 'spring_batch'
2026-01-17T10:57:50.199598Z	   48 Query	SET net_write_timeout=60
2026-01-17T10:57:50.211271Z	   48 Query	/* ApplicationName=IntelliJ IDEA 2024.1.6 */ SET net_write_timeout=600
2026-01-17T10:57:50.213605Z	   48 Query	/* ApplicationName=IntelliJ IDEA 2024.1.6 */ select
          r.constraint_name,
          null table_name,
          r.match_option,
          r.update_rule,
          r.delete_rule
        from information_schema.referential_constraints r
          where r.constraint_schema = 'spring_batch'
2026-01-17T10:57:50.219689Z	   48 Query	SET net_write_timeout=60
2026-01-17T10:57:50.224937Z	   48 Query	/* ApplicationName=IntelliJ IDEA 2024.1.6 */ SET net_write_timeout=600
2026-01-17T10:57:50.227420Z	   48 Query	/* ApplicationName=IntelliJ IDEA 2024.1.6 */ select
        constraint_name,
        table_name,
        column_name,
        referenced_table_schema,
        referenced_table_name,
        referenced_column_name
      from information_schema.key_column_usage
      where table_schema = 'spring_batch' and referenced_column_name is not null
      order by
          table_name
        , constraint_name
        , ordinal_position
2026-01-17T10:57:50.232862Z	   48 Query	SET net_write_timeout=60
2026-01-17T10:57:50.237680Z	   48 Query	/* ApplicationName=IntelliJ IDEA 2024.1.6 */ SET net_write_timeout=600
2026-01-17T10:57:50.239565Z	   48 Query	/* ApplicationName=IntelliJ IDEA 2024.1.6 */ select table_name, partition_name, subpartition_name, partition_ordinal_position,
       subpartition_ordinal_position, partition_method, subpartition_method, partition_expression,
       subpartition_expression, partition_description, partition_comment/*, tablespace_name*/
    from information_schema.partitions where partition_name is not null and table_schema = 'spring_batch'
2026-01-17T10:57:50.241879Z	   48 Query	SET net_write_timeout=60
2026-01-17T10:57:50.249468Z	   48 Query	/* ApplicationName=IntelliJ IDEA 2024.1.6 */ SET net_write_timeout=600
2026-01-17T10:57:50.251660Z	   48 Query	/* ApplicationName=IntelliJ IDEA 2024.1.6 */ select
          trigger_name,
          event_object_table,
          event_manipulation,
          action_timing,
          definer
        from information_schema.triggers
        where trigger_schema = 'spring_batch'
2026-01-17T10:57:50.255497Z	   48 Query	SET net_write_timeout=60
2026-01-17T10:57:50.263211Z	   48 Query	/* ApplicationName=IntelliJ IDEA 2024.1.6 */ SET net_write_timeout=600
2026-01-17T10:57:50.265243Z	   48 Query	/* ApplicationName=IntelliJ IDEA 2024.1.6 */ select
          event_name,
          event_comment,
          definer,
          event_type = 'RECURRING' recurring,
          interval_value,
          interval_field,
          cast(coalesce(starts, execute_at) as char) starts,
          cast(ends as char) ends,
          status,
          on_completion = 'PRESERVE' preserve,
          last_executed
        from information_schema.events
        where event_schema = 'spring_batch'
2026-01-17T10:57:50.267781Z	   48 Query	SET net_write_timeout=60
2026-01-17T10:57:50.276974Z	   48 Query	/* ApplicationName=IntelliJ IDEA 2024.1.6 */ SET net_write_timeout=600
2026-01-17T10:57:50.278902Z	   48 Query	/* ApplicationName=IntelliJ IDEA 2024.1.6 */ select
          routine_name,
          routine_type,
          routine_definition,
          routine_comment,
          dtd_identifier,
          definer,
          is_deterministic = 'YES' is_deterministic,
          cast(sql_data_access as char(1)) sql_data_access,
          cast(security_type as char(1)) security_type
        from information_schema.routines
        where routine_schema = 'spring_batch'
2026-01-17T10:57:50.281812Z	   48 Query	SET net_write_timeout=60
2026-01-17T10:57:50.288554Z	   48 Query	/* ApplicationName=IntelliJ IDEA 2024.1.6 */ SET net_write_timeout=600
2026-01-17T10:57:50.290548Z	   48 Query	/* ApplicationName=IntelliJ IDEA 2024.1.6 */ select Host, User, Routine_name, Proc_priv, Routine_type = 'PROCEDURE' as is_proc
    from mysql.procs_priv where Db = 'spring_batch'
2026-01-17T10:57:50.292217Z	   48 Query	SET net_write_timeout=60
2026-01-17T10:57:50.298772Z	   48 Query	/* ApplicationName=IntelliJ IDEA 2024.1.6 */ SET net_write_timeout=600
2026-01-17T10:57:50.300523Z	   48 Query	/* ApplicationName=IntelliJ IDEA 2024.1.6 */ select grantee, table_name, column_name, privilege_type, is_grantable
      from information_schema.column_privileges
      where table_schema = 'spring_batch'
      union all
      select grantee, table_name, '' column_name, privilege_type, is_grantable
      from information_schema.table_privileges
      where table_schema = 'spring_batch'
      order by table_name, grantee, privilege_type
2026-01-17T10:57:50.302138Z	   48 Query	SET net_write_timeout=60
2026-01-17T10:57:50.307927Z	   48 Query	/* ApplicationName=IntelliJ IDEA 2024.1.6 */ SET net_write_timeout=600
2026-01-17T10:57:50.310460Z	   48 Query	/* ApplicationName=IntelliJ IDEA 2024.1.6 */ select specific_name,
        ordinal_position,
        parameter_name,
        parameter_mode,
        dtd_identifier
      from information_schema.parameters
      where specific_schema = 'spring_batch' and ordinal_position > 0
      order by specific_name, ordinal_position
2026-01-17T10:57:50.313455Z	   48 Query	SET net_write_timeout=60
2026-01-17T10:57:50.318587Z	   48 Query	/* ApplicationName=IntelliJ IDEA 2024.1.6 */ SET net_write_timeout=600
2026-01-17T10:57:50.320166Z	   48 Query	/* ApplicationName=IntelliJ IDEA 2024.1.6 */ select table_name, view_definition, definer
      from information_schema.views
      where table_schema = 'spring_batch'
2026-01-17T10:57:50.322027Z	   48 Query	SET net_write_timeout=60
2026-01-17T10:57:50.331062Z	   48 Query	SELECT @@session.transaction_isolation
2026-01-17T10:57:50.339606Z	   48 Quit	
2026-01-17T10:57:51.468809Z	   36 Query	SELECT @@session.transaction_isolation
2026-01-17T10:57:51.473212Z	   36 Query	/* ApplicationName=IntelliJ IDEA 2024.1.6 */ set session transaction read write
2026-01-17T10:57:51.477767Z	   36 Query	SELECT @@session.transaction_read_only
2026-01-17T10:57:51.489734Z	   36 Query	/* ApplicationName=IntelliJ IDEA 2024.1.6 */ SET SQL_SELECT_LIMIT=DEFAULT
2026-01-17T10:57:51.492273Z	   36 Query	/* ApplicationName=IntelliJ IDEA 2024.1.6 */ select database()
2026-01-17T10:57:51.503695Z	   36 Query	/* ApplicationName=IntelliJ IDEA 2024.1.6 */ SET net_write_timeout=600
2026-01-17T10:57:51.506080Z	   36 Query	/* ApplicationName=IntelliJ IDEA 2024.1.6 */ SET SQL_SELECT_LIMIT=501
2026-01-17T10:57:51.508708Z	   36 Query	/* ApplicationName=IntelliJ IDEA 2024.1.6 */ SELECT t.*
FROM spring_batch.payment_source t
LIMIT 501
2026-01-17T10:57:51.569978Z	   36 Query	SELECT @@session.transaction_isolation
2026-01-17T10:57:56.534008Z	   36 Query	SELECT @@session.transaction_isolation
2026-01-17T10:57:56.537867Z	   36 Query	/* ApplicationName=IntelliJ IDEA 2024.1.6 */ set session transaction read write
2026-01-17T10:57:56.541783Z	   36 Query	/* ApplicationName=IntelliJ IDEA 2024.1.6 */ SET autocommit=0
2026-01-17T10:57:56.547299Z	   36 Query	/* ApplicationName=IntelliJ IDEA 2024.1.6 */ SET SQL_SELECT_LIMIT=DEFAULT
2026-01-17T10:57:56.549772Z	   36 Query	/* ApplicationName=IntelliJ IDEA 2024.1.6 */ UPDATE spring_batch.payment_source t SET t.discount_amount = -100.00 WHERE t.id = 1
2026-01-17T10:57:56.554400Z	   36 Query	/* ApplicationName=IntelliJ IDEA 2024.1.6 */ commit
2026-01-17T10:57:56.564610Z	   36 Query	/* ApplicationName=IntelliJ IDEA 2024.1.6 */ SET autocommit=1
2026-01-17T10:57:56.569261Z	   36 Query	SELECT @@session.transaction_isolation
2026-01-17T10:57:56.583146Z	   36 Query	SELECT @@session.transaction_isolation
2026-01-17T10:57:56.585984Z	   36 Query	/* ApplicationName=IntelliJ IDEA 2024.1.6 */ set session transaction read write
2026-01-17T10:57:56.588959Z	   36 Query	SELECT @@session.transaction_read_only
2026-01-17T10:57:56.598123Z	   36 Query	/* ApplicationName=IntelliJ IDEA 2024.1.6 */ select database()
2026-01-17T10:57:56.606751Z	   36 Query	/* ApplicationName=IntelliJ IDEA 2024.1.6 */ SET net_write_timeout=600
2026-01-17T10:57:56.609286Z	   36 Query	/* ApplicationName=IntelliJ IDEA 2024.1.6 */ SET SQL_SELECT_LIMIT=501
2026-01-17T10:57:56.611748Z	   36 Query	/* ApplicationName=IntelliJ IDEA 2024.1.6 */ SELECT t.*
FROM spring_batch.payment_source t
LIMIT 501
2026-01-17T10:57:56.629062Z	   36 Query	SELECT @@session.transaction_isolation
2026-01-17T10:58:03.843940Z	   36 Query	SELECT @@session.transaction_isolation
2026-01-17T10:58:03.847215Z	   36 Query	/* ApplicationName=IntelliJ IDEA 2024.1.6 */ set session transaction read write
2026-01-17T10:58:03.853357Z	   36 Query	/* ApplicationName=IntelliJ IDEA 2024.1.6 */ SET autocommit=0
2026-01-17T10:58:03.860162Z	   36 Query	/* ApplicationName=IntelliJ IDEA 2024.1.6 */ SET SQL_SELECT_LIMIT=DEFAULT
2026-01-17T10:58:03.862525Z	   36 Query	/* ApplicationName=IntelliJ IDEA 2024.1.6 */ UPDATE spring_batch.payment_source t SET t.discount_amount = -150.00 WHERE t.id = 2
2026-01-17T10:58:03.867748Z	   36 Query	/* ApplicationName=IntelliJ IDEA 2024.1.6 */ commit
2026-01-17T10:58:03.877203Z	   36 Query	/* ApplicationName=IntelliJ IDEA 2024.1.6 */ SET autocommit=1
2026-01-17T10:58:03.881104Z	   36 Query	SELECT @@session.transaction_isolation
2026-01-17T10:58:03.897293Z	   36 Query	SELECT @@session.transaction_isolation
2026-01-17T10:58:03.900082Z	   36 Query	/* ApplicationName=IntelliJ IDEA 2024.1.6 */ set session transaction read write
2026-01-17T10:58:03.902913Z	   36 Query	SELECT @@session.transaction_read_only
2026-01-17T10:58:03.911105Z	   36 Query	/* ApplicationName=IntelliJ IDEA 2024.1.6 */ select database()
2026-01-17T10:58:03.919425Z	   36 Query	/* ApplicationName=IntelliJ IDEA 2024.1.6 */ SET net_write_timeout=600
2026-01-17T10:58:03.921502Z	   36 Query	/* ApplicationName=IntelliJ IDEA 2024.1.6 */ SET SQL_SELECT_LIMIT=501
2026-01-17T10:58:03.923580Z	   36 Query	/* ApplicationName=IntelliJ IDEA 2024.1.6 */ SELECT t.*
FROM spring_batch.payment_source t
LIMIT 501
2026-01-17T10:58:03.942063Z	   36 Query	SELECT @@session.transaction_isolation
2026-01-17T10:58:13.240084Z	   36 Quit	
2026-01-17T10:58:20.271307Z	   49 Connect	root@172.19.0.1 on spring_batch using TCP/IP
2026-01-17T10:58:20.278590Z	   49 Query	/* mysql-connector-j-9.5.0 (Revision: a7b3c94f50efbddb9f0dd69b3e0d1aaa25305cd6) */SELECT  @@session.auto_increment_increment AS auto_increment_increment, @@character_set_client AS character_set_client, @@character_set_connection AS character_set_connection, @@character_set_results AS character_set_results, @@character_set_server AS character_set_server, @@collation_server AS collation_server, @@collation_connection AS collation_connection, @@init_connect AS init_connect, @@interactive_timeout AS interactive_timeout, @@license AS license, @@lower_case_table_names AS lower_case_table_names, @@max_allowed_packet AS max_allowed_packet, @@net_write_timeout AS net_write_timeout, @@performance_schema AS performance_schema, @@sql_mode AS sql_mode, @@system_time_zone AS system_time_zone, @@time_zone AS time_zone, @@transaction_isolation AS transaction_isolation, @@wait_timeout AS wait_timeout
2026-01-17T10:58:20.283973Z	   49 Query	SET character_set_results = NULL
2026-01-17T10:58:20.285949Z	   49 Query	SET autocommit=1
2026-01-17T10:58:20.289057Z	   49 Query	SELECT @@session.transaction_read_only
2026-01-17T10:58:20.290826Z	   49 Query	SELECT @@session.transaction_isolation
2026-01-17T10:58:20.400965Z	   50 Connect	root@172.19.0.1 on spring_batch using TCP/IP
2026-01-17T10:58:20.405326Z	   50 Query	/* mysql-connector-j-9.5.0 (Revision: a7b3c94f50efbddb9f0dd69b3e0d1aaa25305cd6) */SELECT  @@session.auto_increment_increment AS auto_increment_increment, @@character_set_client AS character_set_client, @@character_set_connection AS character_set_connection, @@character_set_results AS character_set_results, @@character_set_server AS character_set_server, @@collation_server AS collation_server, @@collation_connection AS collation_connection, @@init_connect AS init_connect, @@interactive_timeout AS interactive_timeout, @@license AS license, @@lower_case_table_names AS lower_case_table_names, @@max_allowed_packet AS max_allowed_packet, @@net_write_timeout AS net_write_timeout, @@performance_schema AS performance_schema, @@sql_mode AS sql_mode, @@system_time_zone AS system_time_zone, @@time_zone AS time_zone, @@transaction_isolation AS transaction_isolation, @@wait_timeout AS wait_timeout
2026-01-17T10:58:20.408736Z	   50 Query	SET character_set_results = NULL
2026-01-17T10:58:20.411610Z	   50 Query	SET autocommit=1
2026-01-17T10:58:20.413099Z	   50 Query	SELECT @@session.transaction_read_only
2026-01-17T10:58:20.453779Z	   51 Connect	root@172.19.0.1 on spring_batch using TCP/IP
2026-01-17T10:58:20.455934Z	   51 Query	/* mysql-connector-j-9.5.0 (Revision: a7b3c94f50efbddb9f0dd69b3e0d1aaa25305cd6) */SELECT  @@session.auto_increment_increment AS auto_increment_increment, @@character_set_client AS character_set_client, @@character_set_connection AS character_set_connection, @@character_set_results AS character_set_results, @@character_set_server AS character_set_server, @@collation_server AS collation_server, @@collation_connection AS collation_connection, @@init_connect AS init_connect, @@interactive_timeout AS interactive_timeout, @@license AS license, @@lower_case_table_names AS lower_case_table_names, @@max_allowed_packet AS max_allowed_packet, @@net_write_timeout AS net_write_timeout, @@performance_schema AS performance_schema, @@sql_mode AS sql_mode, @@system_time_zone AS system_time_zone, @@time_zone AS time_zone, @@transaction_isolation AS transaction_isolation, @@wait_timeout AS wait_timeout
2026-01-17T10:58:20.457508Z	   51 Query	SET character_set_results = NULL
2026-01-17T10:58:20.459394Z	   51 Query	SET autocommit=1
2026-01-17T10:58:20.461143Z	   51 Query	SELECT @@session.transaction_read_only
2026-01-17T10:58:20.504106Z	   52 Connect	root@172.19.0.1 on spring_batch using TCP/IP
2026-01-17T10:58:20.507342Z	   52 Query	/* mysql-connector-j-9.5.0 (Revision: a7b3c94f50efbddb9f0dd69b3e0d1aaa25305cd6) */SELECT  @@session.auto_increment_increment AS auto_increment_increment, @@character_set_client AS character_set_client, @@character_set_connection AS character_set_connection, @@character_set_results AS character_set_results, @@character_set_server AS character_set_server, @@collation_server AS collation_server, @@collation_connection AS collation_connection, @@init_connect AS init_connect, @@interactive_timeout AS interactive_timeout, @@license AS license, @@lower_case_table_names AS lower_case_table_names, @@max_allowed_packet AS max_allowed_packet, @@net_write_timeout AS net_write_timeout, @@performance_schema AS performance_schema, @@sql_mode AS sql_mode, @@system_time_zone AS system_time_zone, @@time_zone AS time_zone, @@transaction_isolation AS transaction_isolation, @@wait_timeout AS wait_timeout
2026-01-17T10:58:20.516697Z	   52 Query	SET character_set_results = NULL
2026-01-17T10:58:20.526689Z	   52 Query	SET autocommit=1
2026-01-17T10:58:20.531883Z	   52 Query	SELECT @@session.transaction_read_only
2026-01-17T10:58:20.572540Z	   53 Connect	root@172.19.0.1 on spring_batch using TCP/IP
2026-01-17T10:58:20.574065Z	   53 Query	/* mysql-connector-j-9.5.0 (Revision: a7b3c94f50efbddb9f0dd69b3e0d1aaa25305cd6) */SELECT  @@session.auto_increment_increment AS auto_increment_increment, @@character_set_client AS character_set_client, @@character_set_connection AS character_set_connection, @@character_set_results AS character_set_results, @@character_set_server AS character_set_server, @@collation_server AS collation_server, @@collation_connection AS collation_connection, @@init_connect AS init_connect, @@interactive_timeout AS interactive_timeout, @@license AS license, @@lower_case_table_names AS lower_case_table_names, @@max_allowed_packet AS max_allowed_packet, @@net_write_timeout AS net_write_timeout, @@performance_schema AS performance_schema, @@sql_mode AS sql_mode, @@system_time_zone AS system_time_zone, @@time_zone AS time_zone, @@transaction_isolation AS transaction_isolation, @@wait_timeout AS wait_timeout
2026-01-17T10:58:20.576776Z	   53 Query	SET character_set_results = NULL
2026-01-17T10:58:20.578446Z	   53 Query	SET autocommit=1
2026-01-17T10:58:20.579827Z	   53 Query	SELECT @@session.transaction_read_only
2026-01-17T10:58:20.586623Z	   49 Query	SELECT WORD FROM INFORMATION_SCHEMA.KEYWORDS WHERE RESERVED = 1 ORDER BY WORD
2026-01-17T10:58:20.615743Z	   54 Connect	root@172.19.0.1 on spring_batch using TCP/IP
2026-01-17T10:58:20.615778Z	   49 Query	SELECT @@character_set_database, @@sql_mode
2026-01-17T10:58:20.617701Z	   54 Query	/* mysql-connector-j-9.5.0 (Revision: a7b3c94f50efbddb9f0dd69b3e0d1aaa25305cd6) */SELECT  @@session.auto_increment_increment AS auto_increment_increment, @@character_set_client AS character_set_client, @@character_set_connection AS character_set_connection, @@character_set_results AS character_set_results, @@character_set_server AS character_set_server, @@collation_server AS collation_server, @@collation_connection AS collation_connection, @@init_connect AS init_connect, @@interactive_timeout AS interactive_timeout, @@license AS license, @@lower_case_table_names AS lower_case_table_names, @@max_allowed_packet AS max_allowed_packet, @@net_write_timeout AS net_write_timeout, @@performance_schema AS performance_schema, @@sql_mode AS sql_mode, @@system_time_zone AS system_time_zone, @@time_zone AS time_zone, @@transaction_isolation AS transaction_isolation, @@wait_timeout AS wait_timeout
2026-01-17T10:58:20.619134Z	   54 Query	SET character_set_results = NULL
2026-01-17T10:58:20.621676Z	   54 Query	SET autocommit=1
2026-01-17T10:58:20.623656Z	   54 Query	SELECT @@session.transaction_read_only
2026-01-17T10:58:20.659585Z	   55 Connect	root@172.19.0.1 on spring_batch using TCP/IP
2026-01-17T10:58:20.661544Z	   55 Query	/* mysql-connector-j-9.5.0 (Revision: a7b3c94f50efbddb9f0dd69b3e0d1aaa25305cd6) */SELECT  @@session.auto_increment_increment AS auto_increment_increment, @@character_set_client AS character_set_client, @@character_set_connection AS character_set_connection, @@character_set_results AS character_set_results, @@character_set_server AS character_set_server, @@collation_server AS collation_server, @@collation_connection AS collation_connection, @@init_connect AS init_connect, @@interactive_timeout AS interactive_timeout, @@license AS license, @@lower_case_table_names AS lower_case_table_names, @@max_allowed_packet AS max_allowed_packet, @@net_write_timeout AS net_write_timeout, @@performance_schema AS performance_schema, @@sql_mode AS sql_mode, @@system_time_zone AS system_time_zone, @@time_zone AS time_zone, @@transaction_isolation AS transaction_isolation, @@wait_timeout AS wait_timeout
2026-01-17T10:58:20.662941Z	   55 Query	SET character_set_results = NULL
2026-01-17T10:58:20.664120Z	   55 Query	SET autocommit=1
2026-01-17T10:58:20.665439Z	   55 Query	SELECT @@session.transaction_read_only
2026-01-17T10:58:20.704538Z	   56 Connect	root@172.19.0.1 on spring_batch using TCP/IP
2026-01-17T10:58:20.706625Z	   56 Query	/* mysql-connector-j-9.5.0 (Revision: a7b3c94f50efbddb9f0dd69b3e0d1aaa25305cd6) */SELECT  @@session.auto_increment_increment AS auto_increment_increment, @@character_set_client AS character_set_client, @@character_set_connection AS character_set_connection, @@character_set_results AS character_set_results, @@character_set_server AS character_set_server, @@collation_server AS collation_server, @@collation_connection AS collation_connection, @@init_connect AS init_connect, @@interactive_timeout AS interactive_timeout, @@license AS license, @@lower_case_table_names AS lower_case_table_names, @@max_allowed_packet AS max_allowed_packet, @@net_write_timeout AS net_write_timeout, @@performance_schema AS performance_schema, @@sql_mode AS sql_mode, @@system_time_zone AS system_time_zone, @@time_zone AS time_zone, @@transaction_isolation AS transaction_isolation, @@wait_timeout AS wait_timeout
2026-01-17T10:58:20.708956Z	   56 Query	SET character_set_results = NULL
2026-01-17T10:58:20.709922Z	   56 Query	SET autocommit=1
2026-01-17T10:58:20.711085Z	   56 Query	SELECT @@session.transaction_read_only
2026-01-17T10:58:20.751551Z	   57 Connect	root@172.19.0.1 on spring_batch using TCP/IP
2026-01-17T10:58:20.754347Z	   57 Query	/* mysql-connector-j-9.5.0 (Revision: a7b3c94f50efbddb9f0dd69b3e0d1aaa25305cd6) */SELECT  @@session.auto_increment_increment AS auto_increment_increment, @@character_set_client AS character_set_client, @@character_set_connection AS character_set_connection, @@character_set_results AS character_set_results, @@character_set_server AS character_set_server, @@collation_server AS collation_server, @@collation_connection AS collation_connection, @@init_connect AS init_connect, @@interactive_timeout AS interactive_timeout, @@license AS license, @@lower_case_table_names AS lower_case_table_names, @@max_allowed_packet AS max_allowed_packet, @@net_write_timeout AS net_write_timeout, @@performance_schema AS performance_schema, @@sql_mode AS sql_mode, @@system_time_zone AS system_time_zone, @@time_zone AS time_zone, @@transaction_isolation AS transaction_isolation, @@wait_timeout AS wait_timeout
2026-01-17T10:58:20.756364Z	   57 Query	SET character_set_results = NULL
2026-01-17T10:58:20.757536Z	   57 Query	SET autocommit=1
2026-01-17T10:58:20.758502Z	   57 Query	SELECT @@session.transaction_read_only
2026-01-17T10:58:20.795087Z	   58 Connect	root@172.19.0.1 on spring_batch using TCP/IP
2026-01-17T10:58:20.798282Z	   58 Query	/* mysql-connector-j-9.5.0 (Revision: a7b3c94f50efbddb9f0dd69b3e0d1aaa25305cd6) */SELECT  @@session.auto_increment_increment AS auto_increment_increment, @@character_set_client AS character_set_client, @@character_set_connection AS character_set_connection, @@character_set_results AS character_set_results, @@character_set_server AS character_set_server, @@collation_server AS collation_server, @@collation_connection AS collation_connection, @@init_connect AS init_connect, @@interactive_timeout AS interactive_timeout, @@license AS license, @@lower_case_table_names AS lower_case_table_names, @@max_allowed_packet AS max_allowed_packet, @@net_write_timeout AS net_write_timeout, @@performance_schema AS performance_schema, @@sql_mode AS sql_mode, @@system_time_zone AS system_time_zone, @@time_zone AS time_zone, @@transaction_isolation AS transaction_isolation, @@wait_timeout AS wait_timeout
2026-01-17T10:58:20.800467Z	   58 Query	SET character_set_results = NULL
2026-01-17T10:58:20.802325Z	   58 Query	SET autocommit=1
2026-01-17T10:58:20.803531Z	   58 Query	SELECT @@session.transaction_read_only
2026-01-17T10:58:21.036881Z	   49 Query	SELECT TABLE_SCHEMA AS TABLE_CAT, NULL AS TABLE_SCHEM, TABLE_NAME, CASE WHEN TABLE_TYPE = 'BASE TABLE' THEN CASE WHEN TABLE_SCHEMA = 'mysql' OR TABLE_SCHEMA = 'performance_schema' OR TABLE_SCHEMA = 'sys' THEN 'SYSTEM TABLE' ELSE 'TABLE' END WHEN TABLE_TYPE = 'TEMPORARY' THEN 'LOCAL_TEMPORARY' ELSE TABLE_TYPE END AS TABLE_TYPE, TABLE_COMMENT AS REMARKS, NULL AS TYPE_CAT, NULL AS TYPE_SCHEM, NULL AS TYPE_NAME, NULL AS SELF_REFERENCING_COL_NAME, NULL AS REF_GENERATION FROM INFORMATION_SCHEMA.TABLES WHERE TABLE_SCHEMA = 'spring_batch' AND TABLE_NAME LIKE '%' HAVING TABLE_TYPE IN ('TABLE','VIEW',null,null,null) ORDER BY TABLE_TYPE, TABLE_SCHEMA, TABLE_NAME
2026-01-17T10:58:21.041082Z	   49 Query	SELECT DEFAULT_COLLATION_NAME FROM INFORMATION_SCHEMA.SCHEMATA WHERE SCHEMA_NAME = 'information_schema'
2026-01-17T10:58:21.045138Z	   49 Query	SELECT TABLE_SCHEMA, NULL, TABLE_NAME, COLUMN_NAME, CASE WHEN UPPER(DATA_TYPE) = 'DECIMAL' THEN 3 WHEN UPPER(DATA_TYPE) = 'DECIMAL UNSIGNED' THEN 3 WHEN UPPER(DATA_TYPE) = 'TINYINT' THEN IF(LOCATE('ZEROFILL', UPPER(COLUMN_TYPE)) = 0 AND LOCATE('UNSIGNED', UPPER(COLUMN_TYPE)) = 0 AND LOCATE('(1)', COLUMN_TYPE) != 0, -7, -6) WHEN UPPER(DATA_TYPE) = 'TINYINT UNSIGNED' THEN IF(LOCATE('ZEROFILL', UPPER(COLUMN_TYPE)) = 0 AND LOCATE('UNSIGNED', UPPER(COLUMN_TYPE)) = 0 AND LOCATE('(1)', COLUMN_TYPE) != 0, -7, -6) WHEN UPPER(DATA_TYPE) = 'BOOLEAN' THEN 16 WHEN UPPER(DATA_TYPE) = 'SMALLINT' THEN 5 WHEN UPPER(DATA_TYPE) = 'SMALLINT UNSIGNED' THEN 5 WHEN UPPER(DATA_TYPE) = 'INT' THEN 4 WHEN UPPER(DATA_TYPE) = 'INT UNSIGNED' THEN 4 WHEN UPPER(DATA_TYPE) = 'FLOAT' THEN 7 WHEN UPPER(DATA_TYPE) = 'FLOAT UNSIGNED' THEN 7 WHEN UPPER(DATA_TYPE) = 'DOUBLE' THEN 8 WHEN UPPER(DATA_TYPE) = 'DOUBLE UNSIGNED' THEN 8 WHEN UPPER(DATA_TYPE) = 'NULL' THEN 0 WHEN UPPER(DATA_TYPE) = 'TIMESTAMP' THEN 93 WHEN UPPER(DATA_TYPE) = 'BIGINT' THEN -5 WHEN UPPER(DATA_TYPE) = 'BIGINT UNSIGNED' THEN -5 WHEN UPPER(DATA_TYPE) = 'MEDIUMINT' THEN 4 WHEN UPPER(DATA_TYPE) = 'MEDIUMINT UNSIGNED' THEN 4 WHEN UPPER(DATA_TYPE) = 'DATE' THEN 91 WHEN UPPER(DATA_TYPE) = 'TIME' THEN 92 WHEN UPPER(DATA_TYPE) = 'DATETIME' THEN 93 WHEN UPPER(DATA_TYPE) = 'YEAR' THEN 91 WHEN UPPER(DATA_TYPE) = 'VARCHAR' THEN 12 WHEN UPPER(DATA_TYPE) = 'VARBINARY' THEN -3 WHEN UPPER(DATA_TYPE) = 'BIT' THEN -7 WHEN UPPER(DATA_TYPE) = 'JSON' THEN -1 WHEN UPPER(DATA_TYPE) = 'ENUM' THEN 1 WHEN UPPER(DATA_TYPE) = 'SET' THEN 1 WHEN UPPER(DATA_TYPE) = 'TINYBLOB' THEN -3 WHEN UPPER(DATA_TYPE) = 'TINYTEXT' THEN 12 WHEN UPPER(DATA_TYPE) = 'MEDIUMBLOB' THEN -4 WHEN UPPER(DATA_TYPE) = 'MEDIUMTEXT' THEN -1 WHEN UPPER(DATA_TYPE) = 'LONGBLOB' THEN -4 WHEN UPPER(DATA_TYPE) = 'LONGTEXT' THEN -1 WHEN UPPER(DATA_TYPE) = 'BLOB' THEN -4 WHEN UPPER(DATA_TYPE) = 'TEXT' THEN -1 WHEN UPPER(DATA_TYPE) = 'CHAR' THEN 1 WHEN UPPER(DATA_TYPE) = 'BINARY' THEN -2 WHEN UPPER(DATA_TYPE) = 'GEOMETRY' THEN -2 WHEN UPPER(DATA_TYPE) = 'VECTOR' THEN -4 WHEN UPPER(DATA_TYPE) = 'UNKNOWN' THEN 1111 WHEN UPPER(DATA_TYPE) = 'POINT' THEN -2 WHEN UPPER(DATA_TYPE) = 'LINESTRING' THEN -2 WHEN UPPER(DATA_TYPE) = 'POLYGON' THEN -2 WHEN UPPER(DATA_TYPE) = 'MULTIPOINT' THEN -2 WHEN UPPER(DATA_TYPE) = 'MULTILINESTRING' THEN -2 WHEN UPPER(DATA_TYPE) = 'MULTIPOLYGON' THEN -2 WHEN UPPER(DATA_TYPE) = 'GEOMETRYCOLLECTION' THEN -2 WHEN UPPER(DATA_TYPE) = 'GEOMCOLLECTION' THEN -2 ELSE 1111 END AS DATA_TYPE, UPPER(CASE WHEN UPPER(DATA_TYPE) = 'TINYINT' THEN CASE WHEN LOCATE('ZEROFILL', UPPER(COLUMN_TYPE)) = 0 AND LOCATE('UNSIGNED', UPPER(COLUMN_TYPE)) = 0 AND LOCATE('(1)', COLUMN_TYPE) != 0 THEN 'BIT' WHEN LOCATE('UNSIGNED', UPPER(COLUMN_TYPE)) != 0 AND LOCATE('UNSIGNED', UPPER(DATA_TYPE)) = 0 THEN 'TINYINT UNSIGNED' ELSE DATA_TYPE END WHEN LOCATE('UNSIGNED', UPPER(COLUMN_TYPE)) != 0 AND LOCATE('UNSIGNED', UPPER(DATA_TYPE)) = 0 AND LOCATE('SET', UPPER(DATA_TYPE)) <> 1 AND LOCATE('ENUM', UPPER(DATA_TYPE)) <> 1 THEN CONCAT(DATA_TYPE, ' UNSIGNED') WHEN UPPER(DATA_TYPE) = 'POINT' THEN 'GEOMETRY' WHEN UPPER(DATA_TYPE) = 'LINESTRING' THEN 'GEOMETRY' WHEN UPPER(DATA_TYPE) = 'POLYGON' THEN 'GEOMETRY' WHEN UPPER(DATA_TYPE) = 'MULTIPOINT' THEN 'GEOMETRY' WHEN UPPER(DATA_TYPE) = 'MULTILINESTRING' THEN 'GEOMETRY' WHEN UPPER(DATA_TYPE) = 'MULTIPOLYGON' THEN 'GEOMETRY' WHEN UPPER(DATA_TYPE) = 'GEOMETRYCOLLECTION' THEN 'GEOMETRY' WHEN UPPER(DATA_TYPE) = 'GEOMCOLLECTION' THEN 'GEOMETRY' ELSE UPPER(DATA_TYPE) END) AS TYPE_NAME, UPPER(CASE WHEN UPPER(DATA_TYPE) = 'YEAR' THEN 4 WHEN UPPER(DATA_TYPE) = 'DATE' THEN 10 WHEN UPPER(DATA_TYPE) = 'DATETIME' OR UPPER(DATA_TYPE) = 'TIMESTAMP' THEN 19 + IF(DATETIME_PRECISION > 0, DATETIME_PRECISION + 1, DATETIME_PRECISION) WHEN UPPER(DATA_TYPE) = 'TIME' THEN 8 + IF(DATETIME_PRECISION > 0, DATETIME_PRECISION + 1, DATETIME_PRECISION) WHEN UPPER(DATA_TYPE) = 'TINYINT' AND LOCATE('ZEROFILL', UPPER(COLUMN_TYPE)) = 0 AND LOCATE('UNSIGNED', UPPER(COLUMN_TYPE)) = 0 AND LOCATE('(1)', COLUMN_TYPE) != 0 THEN 1 WHEN UPPER(DATA_TYPE) = 'MEDIUMINT' AND LOCATE('UNSIGNED', UPPER(COLUMN_TYPE)) != 0 THEN 8 WHEN UPPER(DATA_TYPE) = 'JSON' THEN 1073741824 WHEN UPPER(DATA_TYPE) = 'GEOMETRY' THEN 65535 WHEN UPPER(DATA_TYPE) = 'POINT' THEN 65535 WHEN UPPER(DATA_TYPE) = 'LINESTRING' THEN 65535 WHEN UPPER(DATA_TYPE) = 'POLYGON' THEN 65535 WHEN UPPER(DATA_TYPE) = 'MULTIPOINT' THEN 65535 WHEN UPPER(DATA_TYPE) = 'MULTILINESTRING' THEN 65535 WHEN UPPER(DATA_TYPE) = 'MULTIPOLYGON' THEN 65535 WHEN UPPER(DATA_TYPE) = 'GEOMETRYCOLLECTION' THEN 65535 WHEN UPPER(DATA_TYPE) = 'GEOMCOLLECTION' THEN 65535 WHEN CHARACTER_MAXIMUM_LENGTH IS NULL THEN NUMERIC_PRECISION WHEN CHARACTER_MAXIMUM_LENGTH > 2147483647 THEN 2147483647 ELSE CHARACTER_MAXIMUM_LENGTH END) AS COLUMN_SIZE, 65535 AS BUFFER_LENGTH, UPPER(CASE WHEN UPPER(DATA_TYPE) = 'DECIMAL' THEN NUMERIC_SCALE WHEN UPPER(DATA_TYPE) = 'FLOAT' OR UPPER(DATA_TYPE) = 'DOUBLE' THEN IF(NUMERIC_SCALE IS NULL, 0, NUMERIC_SCALE) ELSE NULL END) AS DECIMAL_DIGITS, 10 AS NUM_PREC_RADIX, CASE WHEN IS_NULLABLE COLLATE utf8mb3_general_ci= 'NO' THEN 0 ELSE CASE WHEN IS_NULLABLE COLLATE utf8mb3_general_ci= 'YES' THEN 1 ELSE 2 END END AS NULLABLE, COLUMN_COMMENT AS REMARKS, COLUMN_DEFAULT AS COLUMN_DEF, 0 AS SQL_DATA_TYPE, 0 AS SQL_DATETIME_SUB, CASE WHEN CHARACTER_OCTET_LENGTH > 2147483647 THEN 2147483647 ELSE CHARACTER_OCTET_LENGTH END AS CHAR_OCTET_LENGTH, ORDINAL_POSITION, IS_NULLABLE, NULL AS SCOPE_CATALOG, NULL AS SCOPE_SCHEMA, NULL AS SCOPE_TABLE, NULL AS SOURCE_DATA_TYPE, IF (EXTRA COLLATE utf8mb3_general_ci LIKE '%auto_increment%','YES','NO') AS IS_AUTOINCREMENT, IF (EXTRA COLLATE utf8mb3_general_ci LIKE  '%GENERATED%','YES','NO') AS IS_GENERATEDCOLUMN FROM INFORMATION_SCHEMA.COLUMNS WHERE TABLE_SCHEMA = 'spring_batch' AND COLUMN_NAME LIKE '%' ORDER BY TABLE_SCHEMA, TABLE_NAME, ORDINAL_POSITION
2026-01-17T10:58:21.280163Z	   49 Query	SET autocommit=0
2026-01-17T10:58:21.286580Z	   49 Query	SELECT JOB_INSTANCE_ID, JOB_NAME
FROM BATCH_JOB_INSTANCE
WHERE JOB_NAME = 'paymentReportJob'
 AND JOB_KEY = 'd41d8cd98f00b204e9800998ecf8427e'
2026-01-17T10:58:21.289821Z	   49 Query	COMMIT
2026-01-17T10:58:21.291022Z	   49 Query	SET autocommit=1
2026-01-17T10:58:21.293450Z	   49 Query	SELECT JOB_INSTANCE_ID, JOB_NAME
FROM BATCH_JOB_INSTANCE I1
WHERE I1.JOB_NAME = 'paymentReportJob' AND I1.JOB_INSTANCE_ID = (SELECT MAX(I2.JOB_INSTANCE_ID) FROM BATCH_JOB_INSTANCE I2 WHERE I2.JOB_NAME = 'paymentReportJob')
2026-01-17T10:58:21.296310Z	   49 Query	SELECT JOB_EXECUTION_ID, START_TIME, END_TIME, STATUS, EXIT_CODE, EXIT_MESSAGE, CREATE_TIME, LAST_UPDATED, VERSION
FROM BATCH_JOB_EXECUTION
 WHERE JOB_INSTANCE_ID = 1 AND JOB_EXECUTION_ID IN (SELECT MAX(JOB_EXECUTION_ID) FROM BATCH_JOB_EXECUTION E2 WHERE E2.JOB_INSTANCE_ID = 1)
2026-01-17T10:58:21.298654Z	   49 Query	SELECT JOB_EXECUTION_ID, PARAMETER_NAME, PARAMETER_TYPE, PARAMETER_VALUE, IDENTIFYING
FROM BATCH_JOB_EXECUTION_PARAMS
WHERE JOB_EXECUTION_ID = 1
2026-01-17T10:58:21.301839Z	   49 Query	SELECT JI.JOB_INSTANCE_ID, JOB_NAME, JOB_KEY, JI.VERSION
FROM BATCH_JOB_INSTANCE JI, BATCH_JOB_EXECUTION JE
WHERE JOB_EXECUTION_ID = 1 AND JI.JOB_INSTANCE_ID = JE.JOB_INSTANCE_ID
2026-01-17T10:58:21.303929Z	   49 Query	SELECT STEP_EXECUTION_ID, STEP_NAME, START_TIME, END_TIME, STATUS, COMMIT_COUNT, READ_COUNT, FILTER_COUNT, WRITE_COUNT, EXIT_CODE, EXIT_MESSAGE, READ_SKIP_COUNT, WRITE_SKIP_COUNT, PROCESS_SKIP_COUNT, ROLLBACK_COUNT, LAST_UPDATED, VERSION, CREATE_TIME
FROM BATCH_STEP_EXECUTION
 WHERE JOB_EXECUTION_ID = 1 ORDER BY STEP_EXECUTION_ID
2026-01-17T10:58:21.305961Z	   49 Query	SELECT SHORT_CONTEXT, SERIALIZED_CONTEXT
FROM BATCH_JOB_EXECUTION_CONTEXT
WHERE JOB_EXECUTION_ID = 1
2026-01-17T10:58:21.308565Z	   49 Query	SELECT SHORT_CONTEXT, SERIALIZED_CONTEXT
FROM BATCH_STEP_EXECUTION_CONTEXT
WHERE STEP_EXECUTION_ID = 1
2026-01-17T10:58:21.310980Z	   49 Query	SELECT @@session.transaction_isolation
2026-01-17T10:58:21.312395Z	   49 Query	SET SESSION TRANSACTION ISOLATION LEVEL SERIALIZABLE
2026-01-17T10:58:21.313634Z	   49 Query	SET autocommit=0
2026-01-17T10:58:21.315974Z	   49 Query	SELECT JOB_INSTANCE_ID, JOB_NAME
FROM BATCH_JOB_INSTANCE
WHERE JOB_NAME = 'paymentReportJob'
 AND JOB_KEY = '873184ac21ff8558bbd5b28473daefc6'
2026-01-17T10:58:21.317406Z	   49 Query	COMMIT
2026-01-17T10:58:21.318354Z	   49 Query	SET autocommit=1
2026-01-17T10:58:21.320006Z	   49 Query	SET SESSION TRANSACTION ISOLATION LEVEL REPEATABLE READ
2026-01-17T10:58:21.321224Z	   49 Query	SELECT @@session.transaction_isolation
2026-01-17T10:58:21.322433Z	   49 Query	SET SESSION TRANSACTION ISOLATION LEVEL SERIALIZABLE
2026-01-17T10:58:21.323513Z	   49 Query	SET autocommit=0
2026-01-17T10:58:21.324728Z	   49 Query	SELECT JOB_INSTANCE_ID, JOB_NAME
FROM BATCH_JOB_INSTANCE
WHERE JOB_NAME = 'paymentReportJob'
 AND JOB_KEY = '873184ac21ff8558bbd5b28473daefc6'
2026-01-17T10:58:21.326518Z	   49 Query	SELECT JOB_INSTANCE_ID, JOB_NAME
FROM BATCH_JOB_INSTANCE
WHERE JOB_NAME = 'paymentReportJob'
 AND JOB_KEY = '873184ac21ff8558bbd5b28473daefc6'
2026-01-17T10:58:21.328458Z	   50 Query	SET autocommit=0
2026-01-17T10:58:21.331075Z	   50 Query	update BATCH_JOB_SEQ set ID = last_insert_id(ID + 1) limit 1
2026-01-17T10:58:21.332606Z	   50 Query	select last_insert_id()
2026-01-17T10:58:21.333738Z	   50 Query	COMMIT
2026-01-17T10:58:21.337397Z	   50 Query	SET autocommit=1
2026-01-17T10:58:21.340601Z	   49 Query	INSERT INTO BATCH_JOB_INSTANCE(JOB_INSTANCE_ID, JOB_NAME, JOB_KEY, VERSION)
	VALUES (2, 'paymentReportJob', '873184ac21ff8558bbd5b28473daefc6', 0)
2026-01-17T10:58:21.342922Z	   50 Query	SET autocommit=0
2026-01-17T10:58:21.345014Z	   50 Query	update BATCH_JOB_EXECUTION_SEQ set ID = last_insert_id(ID + 1) limit 1
2026-01-17T10:58:21.347814Z	   50 Query	select last_insert_id()
2026-01-17T10:58:21.349995Z	   50 Query	COMMIT
2026-01-17T10:58:21.353035Z	   50 Query	SET autocommit=1
2026-01-17T10:58:21.361782Z	   49 Query	INSERT INTO BATCH_JOB_EXECUTION(JOB_EXECUTION_ID, JOB_INSTANCE_ID, START_TIME, END_TIME, STATUS, EXIT_CODE, EXIT_MESSAGE, VERSION, CREATE_TIME, LAST_UPDATED)
	VALUES (2, 2, null, null, 'STARTING', 'UNKNOWN', '', 0, '2026-01-17 19:58:21.341962', '2026-01-17 19:58:21.341978')
2026-01-17T10:58:21.366625Z	   49 Query	SELECT @@session.transaction_read_only
2026-01-17T10:58:21.369422Z	   49 Query	INSERT INTO BATCH_JOB_EXECUTION_PARAMS(JOB_EXECUTION_ID, PARAMETER_NAME, PARAMETER_TYPE, PARAMETER_VALUE, IDENTIFYING)
	VALUES (2, 'run.id', 'java.lang.Long', '2', 'Y')
2026-01-17T10:58:21.373409Z	   49 Query	INSERT INTO BATCH_JOB_EXECUTION_CONTEXT (SHORT_CONTEXT, SERIALIZED_CONTEXT, JOB_EXECUTION_ID)
	VALUES('rO0ABXNyABFqYXZhLnV0aWwuSGFzaE1hcAUH2sHDFmDRAwACRgAKbG9hZEZhY3RvckkACXRocmVzaG9sZHhwP0AAAAAAAAB3CAAAABAAAAAAeA==', null, 2)
2026-01-17T10:58:21.376146Z	   49 Query	COMMIT
2026-01-17T10:58:21.382098Z	   49 Query	SET autocommit=1
2026-01-17T10:58:21.384375Z	   49 Query	SET SESSION TRANSACTION ISOLATION LEVEL REPEATABLE READ
2026-01-17T10:58:21.392770Z	   49 Query	SET autocommit=0
2026-01-17T10:58:21.395033Z	   49 Query	SELECT VERSION
FROM BATCH_JOB_EXECUTION
WHERE JOB_EXECUTION_ID=2
2026-01-17T10:58:21.397573Z	   49 Query	SELECT COUNT(*)
FROM BATCH_JOB_EXECUTION
WHERE JOB_EXECUTION_ID = 2
2026-01-17T10:58:21.399553Z	   49 Query	UPDATE BATCH_JOB_EXECUTION
SET START_TIME = '2026-01-17 19:58:21.391796', END_TIME = null,  STATUS = 'STARTED', EXIT_CODE = 'UNKNOWN', EXIT_MESSAGE = '', VERSION = VERSION + 1, CREATE_TIME = '2026-01-17 19:58:21.341962', LAST_UPDATED = '2026-01-17 19:58:21.393734'
WHERE JOB_EXECUTION_ID = 2 AND VERSION = 0
2026-01-17T10:58:21.401058Z	   49 Query	COMMIT
2026-01-17T10:58:21.405127Z	   49 Query	SET autocommit=1
2026-01-17T10:58:21.406971Z	   49 Query	SET autocommit=0
2026-01-17T10:58:21.409291Z	   49 Query	SELECT SE.STEP_EXECUTION_ID, SE.STEP_NAME, SE.START_TIME, SE.END_TIME, SE.STATUS, SE.COMMIT_COUNT, SE.READ_COUNT, SE.FILTER_COUNT, SE.WRITE_COUNT, SE.EXIT_CODE, SE.EXIT_MESSAGE, SE.READ_SKIP_COUNT, SE.WRITE_SKIP_COUNT, SE.PROCESS_SKIP_COUNT, SE.ROLLBACK_COUNT, SE.LAST_UPDATED, SE.VERSION, SE.CREATE_TIME, JE.JOB_EXECUTION_ID, JE.START_TIME, JE.END_TIME, JE.STATUS, JE.EXIT_CODE, JE.EXIT_MESSAGE, JE.CREATE_TIME, JE.LAST_UPDATED, JE.VERSION
FROM BATCH_JOB_EXECUTION JE
	JOIN BATCH_STEP_EXECUTION SE ON SE.JOB_EXECUTION_ID = JE.JOB_EXECUTION_ID
WHERE JE.JOB_INSTANCE_ID = 2 AND SE.STEP_NAME = 'paymentReportStep'
2026-01-17T10:58:21.411620Z	   49 Query	COMMIT
2026-01-17T10:58:21.413516Z	   49 Query	SET autocommit=1
2026-01-17T10:58:21.414738Z	   49 Query	SET autocommit=0
2026-01-17T10:58:21.416336Z	   49 Query	SELECT COUNT(*)
FROM BATCH_JOB_EXECUTION JE
	JOIN BATCH_STEP_EXECUTION SE ON SE.JOB_EXECUTION_ID = JE.JOB_EXECUTION_ID
WHERE JE.JOB_INSTANCE_ID = 2 AND SE.STEP_NAME = 'paymentReportStep'
2026-01-17T10:58:21.418053Z	   49 Query	COMMIT
2026-01-17T10:58:21.419255Z	   49 Query	SET autocommit=1
2026-01-17T10:58:21.420711Z	   49 Query	SET autocommit=0
2026-01-17T10:58:21.421854Z	   50 Query	SET autocommit=0
2026-01-17T10:58:21.422922Z	   50 Query	update BATCH_STEP_EXECUTION_SEQ set ID = last_insert_id(ID + 1) limit 1
2026-01-17T10:58:21.424396Z	   50 Query	select last_insert_id()
2026-01-17T10:58:21.425473Z	   50 Query	COMMIT
2026-01-17T10:58:21.429311Z	   50 Query	SET autocommit=1
2026-01-17T10:58:21.431495Z	   49 Query	INSERT INTO BATCH_STEP_EXECUTION(STEP_EXECUTION_ID, VERSION, STEP_NAME, JOB_EXECUTION_ID, START_TIME, END_TIME, STATUS, COMMIT_COUNT, READ_COUNT, FILTER_COUNT, WRITE_COUNT, EXIT_CODE, EXIT_MESSAGE, READ_SKIP_COUNT, WRITE_SKIP_COUNT, PROCESS_SKIP_COUNT, ROLLBACK_COUNT, LAST_UPDATED, CREATE_TIME)
	VALUES (2, 0, 'paymentReportStep', 2, null, null, 'STARTING', 0, 0, 0, 0, 'EXECUTING', '', 0, 0, 0, 0, '2026-01-17 19:58:21.421344', '2026-01-17 19:58:21.420066')
2026-01-17T10:58:21.433969Z	   49 Query	INSERT INTO BATCH_STEP_EXECUTION_CONTEXT (SHORT_CONTEXT, SERIALIZED_CONTEXT, STEP_EXECUTION_ID)
	VALUES('rO0ABXNyABFqYXZhLnV0aWwuSGFzaE1hcAUH2sHDFmDRAwACRgAKbG9hZEZhY3RvckkACXRocmVzaG9sZHhwP0AAAAAAAAB3CAAAABAAAAAAeA==', null, 2)
2026-01-17T10:58:21.437478Z	   49 Query	COMMIT
2026-01-17T10:58:21.442589Z	   49 Query	SET autocommit=1
2026-01-17T10:58:21.446068Z	   49 Query	SET autocommit=0
2026-01-17T10:58:21.448502Z	   49 Query	UPDATE BATCH_STEP_EXECUTION
SET START_TIME = '2026-01-17 19:58:21.444487', END_TIME = null, STATUS = 'STARTED', COMMIT_COUNT = 0, READ_COUNT = 0, FILTER_COUNT = 0, WRITE_COUNT = 0, EXIT_CODE = 'EXECUTING', EXIT_MESSAGE = '', VERSION = VERSION + 1, READ_SKIP_COUNT = 0, PROCESS_SKIP_COUNT = 0, WRITE_SKIP_COUNT = 0, ROLLBACK_COUNT = 0, LAST_UPDATED = '2026-01-17 19:58:21.447435'
WHERE STEP_EXECUTION_ID = 2 AND VERSION = 0
2026-01-17T10:58:21.450947Z	   49 Query	SELECT VERSION
FROM BATCH_JOB_EXECUTION
WHERE JOB_EXECUTION_ID=2
2026-01-17T10:58:21.453276Z	   49 Query	COMMIT
2026-01-17T10:58:21.457703Z	   49 Query	SET autocommit=1
2026-01-17T10:58:21.477162Z	   49 Query	SET autocommit=0
2026-01-17T10:58:21.480010Z	   49 Query	UPDATE BATCH_STEP_EXECUTION_CONTEXT
SET SHORT_CONTEXT = 'rO0ABXNyABFqYXZhLnV0aWwuSGFzaE1hcAUH2sHDFmDRAwACRgAKbG9hZEZhY3RvckkACXRocmVzaG9sZHhwP0AAAAAAAAx3CAAAABAAAAAEdAAecGF5bWVudFJlcG9ydFJlYWRlci5yZWFkLmNvdW50c3IAEWphdmEubGFuZy5JbnRlZ2VyEuKgpPeBhzgCAAFJAAV2YWx1ZXhyABBqYXZhLmxhbmcuTnVtYmVyhqyVHQuU4IsCAAB4cAAAAAB0ABFiYXRjaC50YXNrbGV0VHlwZXQAPW9yZy5zcHJpbmdmcmFtZXdvcmsuYmF0Y2guY29yZS5zdGVwLml0ZW0uQ2h1bmtPcmllbnRlZFRhc2tsZXR0AA1iYXRjaC52ZXJzaW9udAAFNS4yLjR0AA5iYXRjaC5zdGVwVHlwZXQAN29yZy5zcHJpbmdmcmFtZXdvcmsuYmF0Y2guY29yZS5zdGVwLnRhc2tsZXQuVGFza2xldFN0ZXB4', SERIALIZED_CONTEXT = null
WHERE STEP_EXECUTION_ID = 2
2026-01-17T10:58:21.482341Z	   49 Query	COMMIT
2026-01-17T10:58:21.491117Z	   49 Query	SET autocommit=1
2026-01-17T10:58:21.496842Z	   49 Query	SET autocommit=0
2026-01-17T10:58:21.500907Z	   50 Query	SET autocommit=0
2026-01-17T10:58:21.634034Z	   50 Query	select ps1_0.id,ps1_0.discount_amount,ps1_0.final_amount,ps1_0.original_amount,ps1_0.partner_corp_name,ps1_0.payment_date from payment_source ps1_0 where ps1_0.payment_date=null limit 0,10
2026-01-17T10:58:21.645374Z	   50 Query	COMMIT
2026-01-17T10:58:21.646963Z	   50 Query	SET autocommit=1
2026-01-17T10:58:21.650739Z	   49 Query	UPDATE BATCH_STEP_EXECUTION_CONTEXT
SET SHORT_CONTEXT = 'rO0ABXNyABFqYXZhLnV0aWwuSGFzaE1hcAUH2sHDFmDRAwACRgAKbG9hZEZhY3RvckkACXRocmVzaG9sZHhwP0AAAAAAAAx3CAAAABAAAAAEdAAecGF5bWVudFJlcG9ydFJlYWRlci5yZWFkLmNvdW50c3IAEWphdmEubGFuZy5JbnRlZ2VyEuKgpPeBhzgCAAFJAAV2YWx1ZXhyABBqYXZhLmxhbmcuTnVtYmVyhqyVHQuU4IsCAAB4cAAAAAF0ABFiYXRjaC50YXNrbGV0VHlwZXQAPW9yZy5zcHJpbmdmcmFtZXdvcmsuYmF0Y2guY29yZS5zdGVwLml0ZW0uQ2h1bmtPcmllbnRlZFRhc2tsZXR0AA1iYXRjaC52ZXJzaW9udAAFNS4yLjR0AA5iYXRjaC5zdGVwVHlwZXQAN29yZy5zcHJpbmdmcmFtZXdvcmsuYmF0Y2guY29yZS5zdGVwLnRhc2tsZXQuVGFza2xldFN0ZXB4', SERIALIZED_CONTEXT = null
WHERE STEP_EXECUTION_ID = 2
2026-01-17T10:58:21.654384Z	   49 Query	UPDATE BATCH_STEP_EXECUTION
SET START_TIME = '2026-01-17 19:58:21.444487', END_TIME = null, STATUS = 'STARTED', COMMIT_COUNT = 1, READ_COUNT = 0, FILTER_COUNT = 0, WRITE_COUNT = 0, EXIT_CODE = 'EXECUTING', EXIT_MESSAGE = '', VERSION = VERSION + 1, READ_SKIP_COUNT = 0, PROCESS_SKIP_COUNT = 0, WRITE_SKIP_COUNT = 0, ROLLBACK_COUNT = 0, LAST_UPDATED = '2026-01-17 19:58:21.653166'
WHERE STEP_EXECUTION_ID = 2 AND VERSION = 1
2026-01-17T10:58:21.655746Z	   49 Query	SELECT VERSION
FROM BATCH_JOB_EXECUTION
WHERE JOB_EXECUTION_ID=2
2026-01-17T10:58:21.657202Z	   49 Query	COMMIT
2026-01-17T10:58:21.663418Z	   49 Query	SET autocommit=1
2026-01-17T10:58:21.666297Z	   49 Query	SET autocommit=0
2026-01-17T10:58:21.668831Z	   49 Query	UPDATE BATCH_STEP_EXECUTION_CONTEXT
SET SHORT_CONTEXT = 'rO0ABXNyABFqYXZhLnV0aWwuSGFzaE1hcAUH2sHDFmDRAwACRgAKbG9hZEZhY3RvckkACXRocmVzaG9sZHhwP0AAAAAAAAx3CAAAABAAAAAEdAAecGF5bWVudFJlcG9ydFJlYWRlci5yZWFkLmNvdW50c3IAEWphdmEubGFuZy5JbnRlZ2VyEuKgpPeBhzgCAAFJAAV2YWx1ZXhyABBqYXZhLmxhbmcuTnVtYmVyhqyVHQuU4IsCAAB4cAAAAAF0ABFiYXRjaC50YXNrbGV0VHlwZXQAPW9yZy5zcHJpbmdmcmFtZXdvcmsuYmF0Y2guY29yZS5zdGVwLml0ZW0uQ2h1bmtPcmllbnRlZFRhc2tsZXR0AA1iYXRjaC52ZXJzaW9udAAFNS4yLjR0AA5iYXRjaC5zdGVwVHlwZXQAN29yZy5zcHJpbmdmcmFtZXdvcmsuYmF0Y2guY29yZS5zdGVwLnRhc2tsZXQuVGFza2xldFN0ZXB4', SERIALIZED_CONTEXT = null
WHERE STEP_EXECUTION_ID = 2
2026-01-17T10:58:21.670535Z	   49 Query	COMMIT
2026-01-17T10:58:21.671990Z	   49 Query	SET autocommit=1
2026-01-17T10:58:21.673423Z	   49 Query	SET autocommit=0
2026-01-17T10:58:21.675124Z	   49 Query	UPDATE BATCH_STEP_EXECUTION
SET START_TIME = '2026-01-17 19:58:21.444487', END_TIME = '2026-01-17 19:58:21.66478', STATUS = 'COMPLETED', COMMIT_COUNT = 1, READ_COUNT = 0, FILTER_COUNT = 0, WRITE_COUNT = 0, EXIT_CODE = 'COMPLETED', EXIT_MESSAGE = '', VERSION = VERSION + 1, READ_SKIP_COUNT = 0, PROCESS_SKIP_COUNT = 0, WRITE_SKIP_COUNT = 0, ROLLBACK_COUNT = 0, LAST_UPDATED = '2026-01-17 19:58:21.674084'
WHERE STEP_EXECUTION_ID = 2 AND VERSION = 2
2026-01-17T10:58:21.676862Z	   49 Query	SELECT VERSION
FROM BATCH_JOB_EXECUTION
WHERE JOB_EXECUTION_ID=2
2026-01-17T10:58:21.678610Z	   49 Query	COMMIT
2026-01-17T10:58:21.682150Z	   49 Query	SET autocommit=1
2026-01-17T10:58:21.683699Z	   50 Query	SET autocommit=0
2026-01-17T10:58:21.685106Z	   50 Query	UPDATE BATCH_JOB_EXECUTION_CONTEXT
SET SHORT_CONTEXT = 'rO0ABXNyABFqYXZhLnV0aWwuSGFzaE1hcAUH2sHDFmDRAwACRgAKbG9hZEZhY3RvckkACXRocmVzaG9sZHhwP0AAAAAAAAx3CAAAABAAAAABdAANYmF0Y2gudmVyc2lvbnQABTUuMi40eA==', SERIALIZED_CONTEXT = null
WHERE JOB_EXECUTION_ID = 2
2026-01-17T10:58:21.687053Z	   50 Query	COMMIT
2026-01-17T10:58:21.691632Z	   50 Query	SET autocommit=1
2026-01-17T10:58:21.693798Z	   50 Query	SET autocommit=0
2026-01-17T10:58:21.695293Z	   50 Query	SELECT VERSION
FROM BATCH_JOB_EXECUTION
WHERE JOB_EXECUTION_ID=2
2026-01-17T10:58:21.697574Z	   50 Query	SELECT COUNT(*)
FROM BATCH_JOB_EXECUTION
WHERE JOB_EXECUTION_ID = 2
2026-01-17T10:58:21.699028Z	   50 Query	UPDATE BATCH_JOB_EXECUTION
SET START_TIME = '2026-01-17 19:58:21.391796', END_TIME = '2026-01-17 19:58:21.693122',  STATUS = 'COMPLETED', EXIT_CODE = 'COMPLETED', EXIT_MESSAGE = '', VERSION = VERSION + 1, CREATE_TIME = '2026-01-17 19:58:21.341962', LAST_UPDATED = '2026-01-17 19:58:21.694646'
WHERE JOB_EXECUTION_ID = 2 AND VERSION = 1
2026-01-17T10:58:21.700522Z	   50 Query	COMMIT
2026-01-17T10:58:21.704375Z	   50 Query	SET autocommit=1
2026-01-17T10:58:21.718782Z	   50 Quit	
2026-01-17T10:58:21.718892Z	   49 Quit	
2026-01-17T10:58:21.719196Z	   51 Quit	
2026-01-17T10:58:21.719912Z	   58 Quit	
2026-01-17T10:58:21.719959Z	   55 Quit	
2026-01-17T10:58:21.719975Z	   52 Quit	
2026-01-17T10:58:21.719991Z	   54 Quit	
2026-01-17T10:58:21.720047Z	   53 Quit	
2026-01-17T10:58:21.720147Z	   56 Quit	
2026-01-17T10:58:21.720210Z	   57 Quit	
2026-01-17T10:58:48.582634Z	   59 Connect	root@172.19.0.1 on spring_batch using TCP/IP
2026-01-17T10:58:48.593261Z	   59 Query	/* mysql-connector-j-9.5.0 (Revision: a7b3c94f50efbddb9f0dd69b3e0d1aaa25305cd6) */SELECT  @@session.auto_increment_increment AS auto_increment_increment, @@character_set_client AS character_set_client, @@character_set_connection AS character_set_connection, @@character_set_results AS character_set_results, @@character_set_server AS character_set_server, @@collation_server AS collation_server, @@collation_connection AS collation_connection, @@init_connect AS init_connect, @@interactive_timeout AS interactive_timeout, @@license AS license, @@lower_case_table_names AS lower_case_table_names, @@max_allowed_packet AS max_allowed_packet, @@net_write_timeout AS net_write_timeout, @@performance_schema AS performance_schema, @@sql_mode AS sql_mode, @@system_time_zone AS system_time_zone, @@time_zone AS time_zone, @@transaction_isolation AS transaction_isolation, @@wait_timeout AS wait_timeout
2026-01-17T10:58:48.601701Z	   59 Query	SET character_set_results = NULL
2026-01-17T10:58:48.603859Z	   59 Query	SET autocommit=1
2026-01-17T10:58:48.607014Z	   59 Query	SELECT @@session.transaction_read_only
2026-01-17T10:58:48.609104Z	   59 Query	SELECT @@session.transaction_isolation
2026-01-17T10:58:48.720720Z	   60 Connect	root@172.19.0.1 on spring_batch using TCP/IP
2026-01-17T10:58:48.723068Z	   60 Query	/* mysql-connector-j-9.5.0 (Revision: a7b3c94f50efbddb9f0dd69b3e0d1aaa25305cd6) */SELECT  @@session.auto_increment_increment AS auto_increment_increment, @@character_set_client AS character_set_client, @@character_set_connection AS character_set_connection, @@character_set_results AS character_set_results, @@character_set_server AS character_set_server, @@collation_server AS collation_server, @@collation_connection AS collation_connection, @@init_connect AS init_connect, @@interactive_timeout AS interactive_timeout, @@license AS license, @@lower_case_table_names AS lower_case_table_names, @@max_allowed_packet AS max_allowed_packet, @@net_write_timeout AS net_write_timeout, @@performance_schema AS performance_schema, @@sql_mode AS sql_mode, @@system_time_zone AS system_time_zone, @@time_zone AS time_zone, @@transaction_isolation AS transaction_isolation, @@wait_timeout AS wait_timeout
2026-01-17T10:58:48.725813Z	   60 Query	SET character_set_results = NULL
2026-01-17T10:58:48.727290Z	   60 Query	SET autocommit=1
2026-01-17T10:58:48.728492Z	   60 Query	SELECT @@session.transaction_read_only
2026-01-17T10:58:48.767253Z	   61 Connect	root@172.19.0.1 on spring_batch using TCP/IP
2026-01-17T10:58:48.769768Z	   61 Query	/* mysql-connector-j-9.5.0 (Revision: a7b3c94f50efbddb9f0dd69b3e0d1aaa25305cd6) */SELECT  @@session.auto_increment_increment AS auto_increment_increment, @@character_set_client AS character_set_client, @@character_set_connection AS character_set_connection, @@character_set_results AS character_set_results, @@character_set_server AS character_set_server, @@collation_server AS collation_server, @@collation_connection AS collation_connection, @@init_connect AS init_connect, @@interactive_timeout AS interactive_timeout, @@license AS license, @@lower_case_table_names AS lower_case_table_names, @@max_allowed_packet AS max_allowed_packet, @@net_write_timeout AS net_write_timeout, @@performance_schema AS performance_schema, @@sql_mode AS sql_mode, @@system_time_zone AS system_time_zone, @@time_zone AS time_zone, @@transaction_isolation AS transaction_isolation, @@wait_timeout AS wait_timeout
2026-01-17T10:58:48.772417Z	   61 Query	SET character_set_results = NULL
2026-01-17T10:58:48.775164Z	   61 Query	SET autocommit=1
2026-01-17T10:58:48.777694Z	   61 Query	SELECT @@session.transaction_read_only
2026-01-17T10:58:48.817271Z	   62 Connect	root@172.19.0.1 on spring_batch using TCP/IP
2026-01-17T10:58:48.819780Z	   62 Query	/* mysql-connector-j-9.5.0 (Revision: a7b3c94f50efbddb9f0dd69b3e0d1aaa25305cd6) */SELECT  @@session.auto_increment_increment AS auto_increment_increment, @@character_set_client AS character_set_client, @@character_set_connection AS character_set_connection, @@character_set_results AS character_set_results, @@character_set_server AS character_set_server, @@collation_server AS collation_server, @@collation_connection AS collation_connection, @@init_connect AS init_connect, @@interactive_timeout AS interactive_timeout, @@license AS license, @@lower_case_table_names AS lower_case_table_names, @@max_allowed_packet AS max_allowed_packet, @@net_write_timeout AS net_write_timeout, @@performance_schema AS performance_schema, @@sql_mode AS sql_mode, @@system_time_zone AS system_time_zone, @@time_zone AS time_zone, @@transaction_isolation AS transaction_isolation, @@wait_timeout AS wait_timeout
2026-01-17T10:58:48.823833Z	   62 Query	SET character_set_results = NULL
2026-01-17T10:58:48.826088Z	   62 Query	SET autocommit=1
2026-01-17T10:58:48.827353Z	   62 Query	SELECT @@session.transaction_read_only
2026-01-17T10:58:48.864358Z	   63 Connect	root@172.19.0.1 on spring_batch using TCP/IP
2026-01-17T10:58:48.866899Z	   63 Query	/* mysql-connector-j-9.5.0 (Revision: a7b3c94f50efbddb9f0dd69b3e0d1aaa25305cd6) */SELECT  @@session.auto_increment_increment AS auto_increment_increment, @@character_set_client AS character_set_client, @@character_set_connection AS character_set_connection, @@character_set_results AS character_set_results, @@character_set_server AS character_set_server, @@collation_server AS collation_server, @@collation_connection AS collation_connection, @@init_connect AS init_connect, @@interactive_timeout AS interactive_timeout, @@license AS license, @@lower_case_table_names AS lower_case_table_names, @@max_allowed_packet AS max_allowed_packet, @@net_write_timeout AS net_write_timeout, @@performance_schema AS performance_schema, @@sql_mode AS sql_mode, @@system_time_zone AS system_time_zone, @@time_zone AS time_zone, @@transaction_isolation AS transaction_isolation, @@wait_timeout AS wait_timeout
2026-01-17T10:58:48.867677Z	   59 Query	SELECT WORD FROM INFORMATION_SCHEMA.KEYWORDS WHERE RESERVED = 1 ORDER BY WORD
2026-01-17T10:58:48.868996Z	   63 Query	SET character_set_results = NULL
2026-01-17T10:58:48.870232Z	   63 Query	SET autocommit=1
2026-01-17T10:58:48.871719Z	   63 Query	SELECT @@session.transaction_read_only
2026-01-17T10:58:48.896983Z	   59 Query	SELECT @@character_set_database, @@sql_mode
2026-01-17T10:58:48.909580Z	   64 Connect	root@172.19.0.1 on spring_batch using TCP/IP
2026-01-17T10:58:48.911196Z	   64 Query	/* mysql-connector-j-9.5.0 (Revision: a7b3c94f50efbddb9f0dd69b3e0d1aaa25305cd6) */SELECT  @@session.auto_increment_increment AS auto_increment_increment, @@character_set_client AS character_set_client, @@character_set_connection AS character_set_connection, @@character_set_results AS character_set_results, @@character_set_server AS character_set_server, @@collation_server AS collation_server, @@collation_connection AS collation_connection, @@init_connect AS init_connect, @@interactive_timeout AS interactive_timeout, @@license AS license, @@lower_case_table_names AS lower_case_table_names, @@max_allowed_packet AS max_allowed_packet, @@net_write_timeout AS net_write_timeout, @@performance_schema AS performance_schema, @@sql_mode AS sql_mode, @@system_time_zone AS system_time_zone, @@time_zone AS time_zone, @@transaction_isolation AS transaction_isolation, @@wait_timeout AS wait_timeout
2026-01-17T10:58:48.913038Z	   64 Query	SET character_set_results = NULL
2026-01-17T10:58:48.914908Z	   64 Query	SET autocommit=1
2026-01-17T10:58:48.916266Z	   64 Query	SELECT @@session.transaction_read_only
2026-01-17T10:58:48.954560Z	   65 Connect	root@172.19.0.1 on spring_batch using TCP/IP
2026-01-17T10:58:48.955983Z	   65 Query	/* mysql-connector-j-9.5.0 (Revision: a7b3c94f50efbddb9f0dd69b3e0d1aaa25305cd6) */SELECT  @@session.auto_increment_increment AS auto_increment_increment, @@character_set_client AS character_set_client, @@character_set_connection AS character_set_connection, @@character_set_results AS character_set_results, @@character_set_server AS character_set_server, @@collation_server AS collation_server, @@collation_connection AS collation_connection, @@init_connect AS init_connect, @@interactive_timeout AS interactive_timeout, @@license AS license, @@lower_case_table_names AS lower_case_table_names, @@max_allowed_packet AS max_allowed_packet, @@net_write_timeout AS net_write_timeout, @@performance_schema AS performance_schema, @@sql_mode AS sql_mode, @@system_time_zone AS system_time_zone, @@time_zone AS time_zone, @@transaction_isolation AS transaction_isolation, @@wait_timeout AS wait_timeout
2026-01-17T10:58:48.958507Z	   65 Query	SET character_set_results = NULL
2026-01-17T10:58:48.959772Z	   65 Query	SET autocommit=1
2026-01-17T10:58:48.961053Z	   65 Query	SELECT @@session.transaction_read_only
2026-01-17T10:58:48.999626Z	   66 Connect	root@172.19.0.1 on spring_batch using TCP/IP
2026-01-17T10:58:49.002760Z	   66 Query	/* mysql-connector-j-9.5.0 (Revision: a7b3c94f50efbddb9f0dd69b3e0d1aaa25305cd6) */SELECT  @@session.auto_increment_increment AS auto_increment_increment, @@character_set_client AS character_set_client, @@character_set_connection AS character_set_connection, @@character_set_results AS character_set_results, @@character_set_server AS character_set_server, @@collation_server AS collation_server, @@collation_connection AS collation_connection, @@init_connect AS init_connect, @@interactive_timeout AS interactive_timeout, @@license AS license, @@lower_case_table_names AS lower_case_table_names, @@max_allowed_packet AS max_allowed_packet, @@net_write_timeout AS net_write_timeout, @@performance_schema AS performance_schema, @@sql_mode AS sql_mode, @@system_time_zone AS system_time_zone, @@time_zone AS time_zone, @@transaction_isolation AS transaction_isolation, @@wait_timeout AS wait_timeout
2026-01-17T10:58:49.004403Z	   66 Query	SET character_set_results = NULL
2026-01-17T10:58:49.005792Z	   66 Query	SET autocommit=1
2026-01-17T10:58:49.006858Z	   66 Query	SELECT @@session.transaction_read_only
2026-01-17T10:58:49.045627Z	   67 Connect	root@172.19.0.1 on spring_batch using TCP/IP
2026-01-17T10:58:49.048245Z	   67 Query	/* mysql-connector-j-9.5.0 (Revision: a7b3c94f50efbddb9f0dd69b3e0d1aaa25305cd6) */SELECT  @@session.auto_increment_increment AS auto_increment_increment, @@character_set_client AS character_set_client, @@character_set_connection AS character_set_connection, @@character_set_results AS character_set_results, @@character_set_server AS character_set_server, @@collation_server AS collation_server, @@collation_connection AS collation_connection, @@init_connect AS init_connect, @@interactive_timeout AS interactive_timeout, @@license AS license, @@lower_case_table_names AS lower_case_table_names, @@max_allowed_packet AS max_allowed_packet, @@net_write_timeout AS net_write_timeout, @@performance_schema AS performance_schema, @@sql_mode AS sql_mode, @@system_time_zone AS system_time_zone, @@time_zone AS time_zone, @@transaction_isolation AS transaction_isolation, @@wait_timeout AS wait_timeout
2026-01-17T10:58:49.051192Z	   67 Query	SET character_set_results = NULL
2026-01-17T10:58:49.053230Z	   67 Query	SET autocommit=1
2026-01-17T10:58:49.055261Z	   67 Query	SELECT @@session.transaction_read_only
2026-01-17T10:58:49.094132Z	   68 Connect	root@172.19.0.1 on spring_batch using TCP/IP
2026-01-17T10:58:49.096736Z	   68 Query	/* mysql-connector-j-9.5.0 (Revision: a7b3c94f50efbddb9f0dd69b3e0d1aaa25305cd6) */SELECT  @@session.auto_increment_increment AS auto_increment_increment, @@character_set_client AS character_set_client, @@character_set_connection AS character_set_connection, @@character_set_results AS character_set_results, @@character_set_server AS character_set_server, @@collation_server AS collation_server, @@collation_connection AS collation_connection, @@init_connect AS init_connect, @@interactive_timeout AS interactive_timeout, @@license AS license, @@lower_case_table_names AS lower_case_table_names, @@max_allowed_packet AS max_allowed_packet, @@net_write_timeout AS net_write_timeout, @@performance_schema AS performance_schema, @@sql_mode AS sql_mode, @@system_time_zone AS system_time_zone, @@time_zone AS time_zone, @@transaction_isolation AS transaction_isolation, @@wait_timeout AS wait_timeout
2026-01-17T10:58:49.099466Z	   68 Query	SET character_set_results = NULL
2026-01-17T10:58:49.101241Z	   68 Query	SET autocommit=1
2026-01-17T10:58:49.103045Z	   68 Query	SELECT @@session.transaction_read_only
2026-01-17T10:58:49.304963Z	   59 Query	SELECT TABLE_SCHEMA AS TABLE_CAT, NULL AS TABLE_SCHEM, TABLE_NAME, CASE WHEN TABLE_TYPE = 'BASE TABLE' THEN CASE WHEN TABLE_SCHEMA = 'mysql' OR TABLE_SCHEMA = 'performance_schema' OR TABLE_SCHEMA = 'sys' THEN 'SYSTEM TABLE' ELSE 'TABLE' END WHEN TABLE_TYPE = 'TEMPORARY' THEN 'LOCAL_TEMPORARY' ELSE TABLE_TYPE END AS TABLE_TYPE, TABLE_COMMENT AS REMARKS, NULL AS TYPE_CAT, NULL AS TYPE_SCHEM, NULL AS TYPE_NAME, NULL AS SELF_REFERENCING_COL_NAME, NULL AS REF_GENERATION FROM INFORMATION_SCHEMA.TABLES WHERE TABLE_SCHEMA = 'spring_batch' AND TABLE_NAME LIKE '%' HAVING TABLE_TYPE IN ('TABLE','VIEW',null,null,null) ORDER BY TABLE_TYPE, TABLE_SCHEMA, TABLE_NAME
2026-01-17T10:58:49.311191Z	   59 Query	SELECT DEFAULT_COLLATION_NAME FROM INFORMATION_SCHEMA.SCHEMATA WHERE SCHEMA_NAME = 'information_schema'
2026-01-17T10:58:49.315207Z	   59 Query	SELECT TABLE_SCHEMA, NULL, TABLE_NAME, COLUMN_NAME, CASE WHEN UPPER(DATA_TYPE) = 'DECIMAL' THEN 3 WHEN UPPER(DATA_TYPE) = 'DECIMAL UNSIGNED' THEN 3 WHEN UPPER(DATA_TYPE) = 'TINYINT' THEN IF(LOCATE('ZEROFILL', UPPER(COLUMN_TYPE)) = 0 AND LOCATE('UNSIGNED', UPPER(COLUMN_TYPE)) = 0 AND LOCATE('(1)', COLUMN_TYPE) != 0, -7, -6) WHEN UPPER(DATA_TYPE) = 'TINYINT UNSIGNED' THEN IF(LOCATE('ZEROFILL', UPPER(COLUMN_TYPE)) = 0 AND LOCATE('UNSIGNED', UPPER(COLUMN_TYPE)) = 0 AND LOCATE('(1)', COLUMN_TYPE) != 0, -7, -6) WHEN UPPER(DATA_TYPE) = 'BOOLEAN' THEN 16 WHEN UPPER(DATA_TYPE) = 'SMALLINT' THEN 5 WHEN UPPER(DATA_TYPE) = 'SMALLINT UNSIGNED' THEN 5 WHEN UPPER(DATA_TYPE) = 'INT' THEN 4 WHEN UPPER(DATA_TYPE) = 'INT UNSIGNED' THEN 4 WHEN UPPER(DATA_TYPE) = 'FLOAT' THEN 7 WHEN UPPER(DATA_TYPE) = 'FLOAT UNSIGNED' THEN 7 WHEN UPPER(DATA_TYPE) = 'DOUBLE' THEN 8 WHEN UPPER(DATA_TYPE) = 'DOUBLE UNSIGNED' THEN 8 WHEN UPPER(DATA_TYPE) = 'NULL' THEN 0 WHEN UPPER(DATA_TYPE) = 'TIMESTAMP' THEN 93 WHEN UPPER(DATA_TYPE) = 'BIGINT' THEN -5 WHEN UPPER(DATA_TYPE) = 'BIGINT UNSIGNED' THEN -5 WHEN UPPER(DATA_TYPE) = 'MEDIUMINT' THEN 4 WHEN UPPER(DATA_TYPE) = 'MEDIUMINT UNSIGNED' THEN 4 WHEN UPPER(DATA_TYPE) = 'DATE' THEN 91 WHEN UPPER(DATA_TYPE) = 'TIME' THEN 92 WHEN UPPER(DATA_TYPE) = 'DATETIME' THEN 93 WHEN UPPER(DATA_TYPE) = 'YEAR' THEN 91 WHEN UPPER(DATA_TYPE) = 'VARCHAR' THEN 12 WHEN UPPER(DATA_TYPE) = 'VARBINARY' THEN -3 WHEN UPPER(DATA_TYPE) = 'BIT' THEN -7 WHEN UPPER(DATA_TYPE) = 'JSON' THEN -1 WHEN UPPER(DATA_TYPE) = 'ENUM' THEN 1 WHEN UPPER(DATA_TYPE) = 'SET' THEN 1 WHEN UPPER(DATA_TYPE) = 'TINYBLOB' THEN -3 WHEN UPPER(DATA_TYPE) = 'TINYTEXT' THEN 12 WHEN UPPER(DATA_TYPE) = 'MEDIUMBLOB' THEN -4 WHEN UPPER(DATA_TYPE) = 'MEDIUMTEXT' THEN -1 WHEN UPPER(DATA_TYPE) = 'LONGBLOB' THEN -4 WHEN UPPER(DATA_TYPE) = 'LONGTEXT' THEN -1 WHEN UPPER(DATA_TYPE) = 'BLOB' THEN -4 WHEN UPPER(DATA_TYPE) = 'TEXT' THEN -1 WHEN UPPER(DATA_TYPE) = 'CHAR' THEN 1 WHEN UPPER(DATA_TYPE) = 'BINARY' THEN -2 WHEN UPPER(DATA_TYPE) = 'GEOMETRY' THEN -2 WHEN UPPER(DATA_TYPE) = 'VECTOR' THEN -4 WHEN UPPER(DATA_TYPE) = 'UNKNOWN' THEN 1111 WHEN UPPER(DATA_TYPE) = 'POINT' THEN -2 WHEN UPPER(DATA_TYPE) = 'LINESTRING' THEN -2 WHEN UPPER(DATA_TYPE) = 'POLYGON' THEN -2 WHEN UPPER(DATA_TYPE) = 'MULTIPOINT' THEN -2 WHEN UPPER(DATA_TYPE) = 'MULTILINESTRING' THEN -2 WHEN UPPER(DATA_TYPE) = 'MULTIPOLYGON' THEN -2 WHEN UPPER(DATA_TYPE) = 'GEOMETRYCOLLECTION' THEN -2 WHEN UPPER(DATA_TYPE) = 'GEOMCOLLECTION' THEN -2 ELSE 1111 END AS DATA_TYPE, UPPER(CASE WHEN UPPER(DATA_TYPE) = 'TINYINT' THEN CASE WHEN LOCATE('ZEROFILL', UPPER(COLUMN_TYPE)) = 0 AND LOCATE('UNSIGNED', UPPER(COLUMN_TYPE)) = 0 AND LOCATE('(1)', COLUMN_TYPE) != 0 THEN 'BIT' WHEN LOCATE('UNSIGNED', UPPER(COLUMN_TYPE)) != 0 AND LOCATE('UNSIGNED', UPPER(DATA_TYPE)) = 0 THEN 'TINYINT UNSIGNED' ELSE DATA_TYPE END WHEN LOCATE('UNSIGNED', UPPER(COLUMN_TYPE)) != 0 AND LOCATE('UNSIGNED', UPPER(DATA_TYPE)) = 0 AND LOCATE('SET', UPPER(DATA_TYPE)) <> 1 AND LOCATE('ENUM', UPPER(DATA_TYPE)) <> 1 THEN CONCAT(DATA_TYPE, ' UNSIGNED') WHEN UPPER(DATA_TYPE) = 'POINT' THEN 'GEOMETRY' WHEN UPPER(DATA_TYPE) = 'LINESTRING' THEN 'GEOMETRY' WHEN UPPER(DATA_TYPE) = 'POLYGON' THEN 'GEOMETRY' WHEN UPPER(DATA_TYPE) = 'MULTIPOINT' THEN 'GEOMETRY' WHEN UPPER(DATA_TYPE) = 'MULTILINESTRING' THEN 'GEOMETRY' WHEN UPPER(DATA_TYPE) = 'MULTIPOLYGON' THEN 'GEOMETRY' WHEN UPPER(DATA_TYPE) = 'GEOMETRYCOLLECTION' THEN 'GEOMETRY' WHEN UPPER(DATA_TYPE) = 'GEOMCOLLECTION' THEN 'GEOMETRY' ELSE UPPER(DATA_TYPE) END) AS TYPE_NAME, UPPER(CASE WHEN UPPER(DATA_TYPE) = 'YEAR' THEN 4 WHEN UPPER(DATA_TYPE) = 'DATE' THEN 10 WHEN UPPER(DATA_TYPE) = 'DATETIME' OR UPPER(DATA_TYPE) = 'TIMESTAMP' THEN 19 + IF(DATETIME_PRECISION > 0, DATETIME_PRECISION + 1, DATETIME_PRECISION) WHEN UPPER(DATA_TYPE) = 'TIME' THEN 8 + IF(DATETIME_PRECISION > 0, DATETIME_PRECISION + 1, DATETIME_PRECISION) WHEN UPPER(DATA_TYPE) = 'TINYINT' AND LOCATE('ZEROFILL', UPPER(COLUMN_TYPE)) = 0 AND LOCATE('UNSIGNED', UPPER(COLUMN_TYPE)) = 0 AND LOCATE('(1)', COLUMN_TYPE) != 0 THEN 1 WHEN UPPER(DATA_TYPE) = 'MEDIUMINT' AND LOCATE('UNSIGNED', UPPER(COLUMN_TYPE)) != 0 THEN 8 WHEN UPPER(DATA_TYPE) = 'JSON' THEN 1073741824 WHEN UPPER(DATA_TYPE) = 'GEOMETRY' THEN 65535 WHEN UPPER(DATA_TYPE) = 'POINT' THEN 65535 WHEN UPPER(DATA_TYPE) = 'LINESTRING' THEN 65535 WHEN UPPER(DATA_TYPE) = 'POLYGON' THEN 65535 WHEN UPPER(DATA_TYPE) = 'MULTIPOINT' THEN 65535 WHEN UPPER(DATA_TYPE) = 'MULTILINESTRING' THEN 65535 WHEN UPPER(DATA_TYPE) = 'MULTIPOLYGON' THEN 65535 WHEN UPPER(DATA_TYPE) = 'GEOMETRYCOLLECTION' THEN 65535 WHEN UPPER(DATA_TYPE) = 'GEOMCOLLECTION' THEN 65535 WHEN CHARACTER_MAXIMUM_LENGTH IS NULL THEN NUMERIC_PRECISION WHEN CHARACTER_MAXIMUM_LENGTH > 2147483647 THEN 2147483647 ELSE CHARACTER_MAXIMUM_LENGTH END) AS COLUMN_SIZE, 65535 AS BUFFER_LENGTH, UPPER(CASE WHEN UPPER(DATA_TYPE) = 'DECIMAL' THEN NUMERIC_SCALE WHEN UPPER(DATA_TYPE) = 'FLOAT' OR UPPER(DATA_TYPE) = 'DOUBLE' THEN IF(NUMERIC_SCALE IS NULL, 0, NUMERIC_SCALE) ELSE NULL END) AS DECIMAL_DIGITS, 10 AS NUM_PREC_RADIX, CASE WHEN IS_NULLABLE COLLATE utf8mb3_general_ci= 'NO' THEN 0 ELSE CASE WHEN IS_NULLABLE COLLATE utf8mb3_general_ci= 'YES' THEN 1 ELSE 2 END END AS NULLABLE, COLUMN_COMMENT AS REMARKS, COLUMN_DEFAULT AS COLUMN_DEF, 0 AS SQL_DATA_TYPE, 0 AS SQL_DATETIME_SUB, CASE WHEN CHARACTER_OCTET_LENGTH > 2147483647 THEN 2147483647 ELSE CHARACTER_OCTET_LENGTH END AS CHAR_OCTET_LENGTH, ORDINAL_POSITION, IS_NULLABLE, NULL AS SCOPE_CATALOG, NULL AS SCOPE_SCHEMA, NULL AS SCOPE_TABLE, NULL AS SOURCE_DATA_TYPE, IF (EXTRA COLLATE utf8mb3_general_ci LIKE '%auto_increment%','YES','NO') AS IS_AUTOINCREMENT, IF (EXTRA COLLATE utf8mb3_general_ci LIKE  '%GENERATED%','YES','NO') AS IS_GENERATEDCOLUMN FROM INFORMATION_SCHEMA.COLUMNS WHERE TABLE_SCHEMA = 'spring_batch' AND COLUMN_NAME LIKE '%' ORDER BY TABLE_SCHEMA, TABLE_NAME, ORDINAL_POSITION
2026-01-17T10:58:49.554942Z	   59 Query	SET autocommit=0
2026-01-17T10:58:49.562713Z	   59 Query	SELECT JOB_INSTANCE_ID, JOB_NAME
FROM BATCH_JOB_INSTANCE
WHERE JOB_NAME = 'paymentReportJob'
 AND JOB_KEY = '707ec73dd12b0f41282c25fa41873735'
2026-01-17T10:58:49.565568Z	   59 Query	COMMIT
2026-01-17T10:58:49.566683Z	   59 Query	SET autocommit=1
2026-01-17T10:58:49.569739Z	   59 Query	SELECT JOB_INSTANCE_ID, JOB_NAME
FROM BATCH_JOB_INSTANCE I1
WHERE I1.JOB_NAME = 'paymentReportJob' AND I1.JOB_INSTANCE_ID = (SELECT MAX(I2.JOB_INSTANCE_ID) FROM BATCH_JOB_INSTANCE I2 WHERE I2.JOB_NAME = 'paymentReportJob')
2026-01-17T10:58:49.573469Z	   59 Query	SELECT JOB_EXECUTION_ID, START_TIME, END_TIME, STATUS, EXIT_CODE, EXIT_MESSAGE, CREATE_TIME, LAST_UPDATED, VERSION
FROM BATCH_JOB_EXECUTION
 WHERE JOB_INSTANCE_ID = 2 AND JOB_EXECUTION_ID IN (SELECT MAX(JOB_EXECUTION_ID) FROM BATCH_JOB_EXECUTION E2 WHERE E2.JOB_INSTANCE_ID = 2)
2026-01-17T10:58:49.575868Z	   59 Query	SELECT JOB_EXECUTION_ID, PARAMETER_NAME, PARAMETER_TYPE, PARAMETER_VALUE, IDENTIFYING
FROM BATCH_JOB_EXECUTION_PARAMS
WHERE JOB_EXECUTION_ID = 2
2026-01-17T10:58:49.580109Z	   59 Query	SELECT JI.JOB_INSTANCE_ID, JOB_NAME, JOB_KEY, JI.VERSION
FROM BATCH_JOB_INSTANCE JI, BATCH_JOB_EXECUTION JE
WHERE JOB_EXECUTION_ID = 2 AND JI.JOB_INSTANCE_ID = JE.JOB_INSTANCE_ID
2026-01-17T10:58:49.582596Z	   59 Query	SELECT STEP_EXECUTION_ID, STEP_NAME, START_TIME, END_TIME, STATUS, COMMIT_COUNT, READ_COUNT, FILTER_COUNT, WRITE_COUNT, EXIT_CODE, EXIT_MESSAGE, READ_SKIP_COUNT, WRITE_SKIP_COUNT, PROCESS_SKIP_COUNT, ROLLBACK_COUNT, LAST_UPDATED, VERSION, CREATE_TIME
FROM BATCH_STEP_EXECUTION
 WHERE JOB_EXECUTION_ID = 2 ORDER BY STEP_EXECUTION_ID
2026-01-17T10:58:49.585277Z	   59 Query	SELECT SHORT_CONTEXT, SERIALIZED_CONTEXT
FROM BATCH_JOB_EXECUTION_CONTEXT
WHERE JOB_EXECUTION_ID = 2
2026-01-17T10:58:49.588922Z	   59 Query	SELECT SHORT_CONTEXT, SERIALIZED_CONTEXT
FROM BATCH_STEP_EXECUTION_CONTEXT
WHERE STEP_EXECUTION_ID = 2
2026-01-17T10:58:49.592489Z	   59 Query	SELECT @@session.transaction_isolation
2026-01-17T10:58:49.594642Z	   59 Query	SET SESSION TRANSACTION ISOLATION LEVEL SERIALIZABLE
2026-01-17T10:58:49.595879Z	   59 Query	SET autocommit=0
2026-01-17T10:58:49.597371Z	   59 Query	SELECT JOB_INSTANCE_ID, JOB_NAME
FROM BATCH_JOB_INSTANCE
WHERE JOB_NAME = 'paymentReportJob'
 AND JOB_KEY = 'ef3b5b103c05d4208ed52f829680cc97'
2026-01-17T10:58:49.599260Z	   59 Query	COMMIT
2026-01-17T10:58:49.601289Z	   59 Query	SET autocommit=1
2026-01-17T10:58:49.602691Z	   59 Query	SET SESSION TRANSACTION ISOLATION LEVEL REPEATABLE READ
2026-01-17T10:58:49.604382Z	   59 Query	SELECT @@session.transaction_isolation
2026-01-17T10:58:49.605705Z	   59 Query	SET SESSION TRANSACTION ISOLATION LEVEL SERIALIZABLE
2026-01-17T10:58:49.607010Z	   59 Query	SET autocommit=0
2026-01-17T10:58:49.608773Z	   59 Query	SELECT JOB_INSTANCE_ID, JOB_NAME
FROM BATCH_JOB_INSTANCE
WHERE JOB_NAME = 'paymentReportJob'
 AND JOB_KEY = 'ef3b5b103c05d4208ed52f829680cc97'
2026-01-17T10:58:49.610394Z	   59 Query	SELECT JOB_INSTANCE_ID, JOB_NAME
FROM BATCH_JOB_INSTANCE
WHERE JOB_NAME = 'paymentReportJob'
 AND JOB_KEY = 'ef3b5b103c05d4208ed52f829680cc97'
2026-01-17T10:58:49.612615Z	   60 Query	SET autocommit=0
2026-01-17T10:58:49.615967Z	   60 Query	update BATCH_JOB_SEQ set ID = last_insert_id(ID + 1) limit 1
2026-01-17T10:58:49.617649Z	   60 Query	select last_insert_id()
2026-01-17T10:58:49.619145Z	   60 Query	COMMIT
2026-01-17T10:58:49.621880Z	   60 Query	SET autocommit=1
2026-01-17T10:58:49.624569Z	   59 Query	INSERT INTO BATCH_JOB_INSTANCE(JOB_INSTANCE_ID, JOB_NAME, JOB_KEY, VERSION)
	VALUES (3, 'paymentReportJob', 'ef3b5b103c05d4208ed52f829680cc97', 0)
2026-01-17T10:58:49.626220Z	   60 Query	SET autocommit=0
2026-01-17T10:58:49.627771Z	   60 Query	update BATCH_JOB_EXECUTION_SEQ set ID = last_insert_id(ID + 1) limit 1
2026-01-17T10:58:49.629358Z	   60 Query	select last_insert_id()
2026-01-17T10:58:49.631748Z	   60 Query	COMMIT
2026-01-17T10:58:49.635010Z	   60 Query	SET autocommit=1
2026-01-17T10:58:49.643325Z	   59 Query	INSERT INTO BATCH_JOB_EXECUTION(JOB_EXECUTION_ID, JOB_INSTANCE_ID, START_TIME, END_TIME, STATUS, EXIT_CODE, EXIT_MESSAGE, VERSION, CREATE_TIME, LAST_UPDATED)
	VALUES (3, 3, null, null, 'STARTING', 'UNKNOWN', '', 0, '2026-01-17 19:58:49.625237', '2026-01-17 19:58:49.625254')
2026-01-17T10:58:49.647555Z	   59 Query	SELECT @@session.transaction_read_only
2026-01-17T10:58:49.649101Z	   59 Query	INSERT INTO BATCH_JOB_EXECUTION_PARAMS(JOB_EXECUTION_ID, PARAMETER_NAME, PARAMETER_TYPE, PARAMETER_VALUE, IDENTIFYING)
	VALUES (3, 'paymentDate', 'java.lang.String', '2025-05-01', 'Y')
2026-01-17T10:58:49.650902Z	   59 Query	INSERT INTO BATCH_JOB_EXECUTION_PARAMS(JOB_EXECUTION_ID, PARAMETER_NAME, PARAMETER_TYPE, PARAMETER_VALUE, IDENTIFYING)
	VALUES (3, 'run.id', 'java.lang.Long', '3', 'Y')
2026-01-17T10:58:49.654354Z	   59 Query	INSERT INTO BATCH_JOB_EXECUTION_CONTEXT (SHORT_CONTEXT, SERIALIZED_CONTEXT, JOB_EXECUTION_ID)
	VALUES('rO0ABXNyABFqYXZhLnV0aWwuSGFzaE1hcAUH2sHDFmDRAwACRgAKbG9hZEZhY3RvckkACXRocmVzaG9sZHhwP0AAAAAAAAB3CAAAABAAAAAAeA==', null, 3)
2026-01-17T10:58:49.656930Z	   59 Query	COMMIT
2026-01-17T10:58:49.662425Z	   59 Query	SET autocommit=1
2026-01-17T10:58:49.664330Z	   59 Query	SET SESSION TRANSACTION ISOLATION LEVEL REPEATABLE READ
2026-01-17T10:58:49.672155Z	   59 Query	SET autocommit=0
2026-01-17T10:58:49.674032Z	   59 Query	SELECT VERSION
FROM BATCH_JOB_EXECUTION
WHERE JOB_EXECUTION_ID=3
2026-01-17T10:58:49.676268Z	   59 Query	SELECT COUNT(*)
FROM BATCH_JOB_EXECUTION
WHERE JOB_EXECUTION_ID = 3
2026-01-17T10:58:49.678117Z	   59 Query	UPDATE BATCH_JOB_EXECUTION
SET START_TIME = '2026-01-17 19:58:49.671122', END_TIME = null,  STATUS = 'STARTED', EXIT_CODE = 'UNKNOWN', EXIT_MESSAGE = '', VERSION = VERSION + 1, CREATE_TIME = '2026-01-17 19:58:49.625237', LAST_UPDATED = '2026-01-17 19:58:49.672755'
WHERE JOB_EXECUTION_ID = 3 AND VERSION = 0
2026-01-17T10:58:49.679768Z	   59 Query	COMMIT
2026-01-17T10:58:49.683983Z	   59 Query	SET autocommit=1
2026-01-17T10:58:49.686416Z	   59 Query	SET autocommit=0
2026-01-17T10:58:49.689725Z	   59 Query	SELECT SE.STEP_EXECUTION_ID, SE.STEP_NAME, SE.START_TIME, SE.END_TIME, SE.STATUS, SE.COMMIT_COUNT, SE.READ_COUNT, SE.FILTER_COUNT, SE.WRITE_COUNT, SE.EXIT_CODE, SE.EXIT_MESSAGE, SE.READ_SKIP_COUNT, SE.WRITE_SKIP_COUNT, SE.PROCESS_SKIP_COUNT, SE.ROLLBACK_COUNT, SE.LAST_UPDATED, SE.VERSION, SE.CREATE_TIME, JE.JOB_EXECUTION_ID, JE.START_TIME, JE.END_TIME, JE.STATUS, JE.EXIT_CODE, JE.EXIT_MESSAGE, JE.CREATE_TIME, JE.LAST_UPDATED, JE.VERSION
FROM BATCH_JOB_EXECUTION JE
	JOIN BATCH_STEP_EXECUTION SE ON SE.JOB_EXECUTION_ID = JE.JOB_EXECUTION_ID
WHERE JE.JOB_INSTANCE_ID = 3 AND SE.STEP_NAME = 'paymentReportStep'
2026-01-17T10:58:49.692012Z	   59 Query	COMMIT
2026-01-17T10:58:49.693340Z	   59 Query	SET autocommit=1
2026-01-17T10:58:49.694647Z	   59 Query	SET autocommit=0
2026-01-17T10:58:49.695985Z	   59 Query	SELECT COUNT(*)
FROM BATCH_JOB_EXECUTION JE
	JOIN BATCH_STEP_EXECUTION SE ON SE.JOB_EXECUTION_ID = JE.JOB_EXECUTION_ID
WHERE JE.JOB_INSTANCE_ID = 3 AND SE.STEP_NAME = 'paymentReportStep'
2026-01-17T10:58:49.697624Z	   59 Query	COMMIT
2026-01-17T10:58:49.698727Z	   59 Query	SET autocommit=1
2026-01-17T10:58:49.699795Z	   59 Query	SET autocommit=0
2026-01-17T10:58:49.700995Z	   60 Query	SET autocommit=0
2026-01-17T10:58:49.702369Z	   60 Query	update BATCH_STEP_EXECUTION_SEQ set ID = last_insert_id(ID + 1) limit 1
2026-01-17T10:58:49.703779Z	   60 Query	select last_insert_id()
2026-01-17T10:58:49.705051Z	   60 Query	COMMIT
2026-01-17T10:58:49.710140Z	   60 Query	SET autocommit=1
2026-01-17T10:58:49.712559Z	   59 Query	INSERT INTO BATCH_STEP_EXECUTION(STEP_EXECUTION_ID, VERSION, STEP_NAME, JOB_EXECUTION_ID, START_TIME, END_TIME, STATUS, COMMIT_COUNT, READ_COUNT, FILTER_COUNT, WRITE_COUNT, EXIT_CODE, EXIT_MESSAGE, READ_SKIP_COUNT, WRITE_SKIP_COUNT, PROCESS_SKIP_COUNT, ROLLBACK_COUNT, LAST_UPDATED, CREATE_TIME)
	VALUES (3, 0, 'paymentReportStep', 3, null, null, 'STARTING', 0, 0, 0, 0, 'EXECUTING', '', 0, 0, 0, 0, '2026-01-17 19:58:49.700315', '2026-01-17 19:58:49.698938')
2026-01-17T10:58:49.714777Z	   59 Query	INSERT INTO BATCH_STEP_EXECUTION_CONTEXT (SHORT_CONTEXT, SERIALIZED_CONTEXT, STEP_EXECUTION_ID)
	VALUES('rO0ABXNyABFqYXZhLnV0aWwuSGFzaE1hcAUH2sHDFmDRAwACRgAKbG9hZEZhY3RvckkACXRocmVzaG9sZHhwP0AAAAAAAAB3CAAAABAAAAAAeA==', null, 3)
2026-01-17T10:58:49.717159Z	   59 Query	COMMIT
2026-01-17T10:58:49.721637Z	   59 Query	SET autocommit=1
2026-01-17T10:58:49.724626Z	   59 Query	SET autocommit=0
2026-01-17T10:58:49.726990Z	   59 Query	UPDATE BATCH_STEP_EXECUTION
SET START_TIME = '2026-01-17 19:58:49.722736', END_TIME = null, STATUS = 'STARTED', COMMIT_COUNT = 0, READ_COUNT = 0, FILTER_COUNT = 0, WRITE_COUNT = 0, EXIT_CODE = 'EXECUTING', EXIT_MESSAGE = '', VERSION = VERSION + 1, READ_SKIP_COUNT = 0, PROCESS_SKIP_COUNT = 0, WRITE_SKIP_COUNT = 0, ROLLBACK_COUNT = 0, LAST_UPDATED = '2026-01-17 19:58:49.725518'
WHERE STEP_EXECUTION_ID = 3 AND VERSION = 0
2026-01-17T10:58:49.729224Z	   59 Query	SELECT VERSION
FROM BATCH_JOB_EXECUTION
WHERE JOB_EXECUTION_ID=3
2026-01-17T10:58:49.731166Z	   59 Query	COMMIT
2026-01-17T10:58:49.734490Z	   59 Query	SET autocommit=1
2026-01-17T10:58:49.758423Z	   59 Query	SET autocommit=0
2026-01-17T10:58:49.761546Z	   59 Query	UPDATE BATCH_STEP_EXECUTION_CONTEXT
SET SHORT_CONTEXT = 'rO0ABXNyABFqYXZhLnV0aWwuSGFzaE1hcAUH2sHDFmDRAwACRgAKbG9hZEZhY3RvckkACXRocmVzaG9sZHhwP0AAAAAAAAx3CAAAABAAAAAEdAAecGF5bWVudFJlcG9ydFJlYWRlci5yZWFkLmNvdW50c3IAEWphdmEubGFuZy5JbnRlZ2VyEuKgpPeBhzgCAAFJAAV2YWx1ZXhyABBqYXZhLmxhbmcuTnVtYmVyhqyVHQuU4IsCAAB4cAAAAAB0ABFiYXRjaC50YXNrbGV0VHlwZXQAPW9yZy5zcHJpbmdmcmFtZXdvcmsuYmF0Y2guY29yZS5zdGVwLml0ZW0uQ2h1bmtPcmllbnRlZFRhc2tsZXR0AA1iYXRjaC52ZXJzaW9udAAFNS4yLjR0AA5iYXRjaC5zdGVwVHlwZXQAN29yZy5zcHJpbmdmcmFtZXdvcmsuYmF0Y2guY29yZS5zdGVwLnRhc2tsZXQuVGFza2xldFN0ZXB4', SERIALIZED_CONTEXT = null
WHERE STEP_EXECUTION_ID = 3
2026-01-17T10:58:49.763632Z	   59 Query	COMMIT
2026-01-17T10:58:49.769166Z	   59 Query	SET autocommit=1
2026-01-17T10:58:49.773147Z	   59 Query	SET autocommit=0
2026-01-17T10:58:49.775914Z	   60 Query	SET autocommit=0
2026-01-17T10:58:49.913664Z	   60 Query	select ps1_0.id,ps1_0.discount_amount,ps1_0.final_amount,ps1_0.original_amount,ps1_0.partner_corp_name,ps1_0.payment_date from payment_source ps1_0 where ps1_0.payment_date='2025-05-01' limit 0,10
2026-01-17T10:58:49.930567Z	   60 Query	COMMIT
2026-01-17T10:58:49.931749Z	   60 Query	SET autocommit=1
2026-01-17T10:58:59.950568Z	   59 Query	ROLLBACK
2026-01-17T10:58:59.954972Z	   59 Query	SET autocommit=1
2026-01-17T10:58:59.959438Z	   59 Query	SET autocommit=0
2026-01-17T10:59:02.170568Z	   59 Query	ROLLBACK
2026-01-17T10:59:02.173878Z	   59 Query	SET autocommit=1
2026-01-17T10:59:02.178481Z	   59 Query	SET autocommit=0
2026-01-17T10:59:02.180968Z	   59 Query	ROLLBACK
2026-01-17T10:59:02.182923Z	   59 Query	SET autocommit=1
2026-01-17T10:59:02.188650Z	   59 Query	SET autocommit=0
2026-01-17T10:59:02.190503Z	   59 Query	UPDATE BATCH_STEP_EXECUTION_CONTEXT
SET SHORT_CONTEXT = 'rO0ABXNyABFqYXZhLnV0aWwuSGFzaE1hcAUH2sHDFmDRAwACRgAKbG9hZEZhY3RvckkACXRocmVzaG9sZHhwP0AAAAAAAAx3CAAAABAAAAAEdAAecGF5bWVudFJlcG9ydFJlYWRlci5yZWFkLmNvdW50c3IAEWphdmEubGFuZy5JbnRlZ2VyEuKgpPeBhzgCAAFJAAV2YWx1ZXhyABBqYXZhLmxhbmcuTnVtYmVyhqyVHQuU4IsCAAB4cAAAAAB0ABFiYXRjaC50YXNrbGV0VHlwZXQAPW9yZy5zcHJpbmdmcmFtZXdvcmsuYmF0Y2guY29yZS5zdGVwLml0ZW0uQ2h1bmtPcmllbnRlZFRhc2tsZXR0AA1iYXRjaC52ZXJzaW9udAAFNS4yLjR0AA5iYXRjaC5zdGVwVHlwZXQAN29yZy5zcHJpbmdmcmFtZXdvcmsuYmF0Y2guY29yZS5zdGVwLnRhc2tsZXQuVGFza2xldFN0ZXB4', SERIALIZED_CONTEXT = null
WHERE STEP_EXECUTION_ID = 3
2026-01-17T10:59:02.192402Z	   59 Query	COMMIT
2026-01-17T10:59:02.194055Z	   59 Query	SET autocommit=1
2026-01-17T10:59:02.195968Z	   59 Query	SET autocommit=0
2026-01-17T10:59:02.198686Z	   59 Query	UPDATE BATCH_STEP_EXECUTION
SET START_TIME = '2026-01-17 19:58:49.722736', END_TIME = '2026-01-17 19:59:02.188377', STATUS = 'FAILED', COMMIT_COUNT = 0, READ_COUNT = 10, FILTER_COUNT = 0, WRITE_COUNT = 0, EXIT_CODE = 'FAILED', EXIT_MESSAGE = 'org.springframework.batch.core.step.skip.SkipLimitExceededException: Skip limit of ''1'' exceeded\n	at org.springframework.batch.core.step.skip.LimitCheckingItemSkipPolicy.shouldSkip(LimitCheckingItemSkipPolicy.java:125)\n	at org.springframework.batch.core.step.skip.ExceptionClassifierSkipPolicy.shouldSkip(ExceptionClassifierSkipPolicy.java:65)\n	at org.springframework.batch.core.step.item.FaultTolerantChunkProcessor.shouldSkip(FaultTolerantChunkProcessor.java:486)\n	at org.springframework.batch.core.step.item.FaultTolerantChunkProcessor.lambda$transform$1(FaultTolerantChunkProcessor.java:274)\n	at org.springframework.retry.support.RetryTemplate.handleRetryExhausted(RetryTemplate.java:573)\n	at org.springframework.retry.support.RetryTemplate.doExecute(RetryTemplate.java:418)\n	at org.springframework.retry.support.RetryTemplate.execute(RetryTemplate.java:276)\n	at org.springframework.batch.core.step.item.BatchRetryTemplate.execute(BatchRetryTemplate.java:216)\n	at org.springframework.batch.core.step.item.FaultTolerantChunkProcessor.transform(FaultTolerantChunkProcessor.java:291)\n	at org.springframework.batch.core.step.item.SimpleChunkProcessor.process(SimpleChunkProcessor.java:220)\n	at org.springframework.batch.core.step.item.ChunkOrientedTasklet.execute(ChunkOrientedTasklet.java:75)\n	at org.springframework.batch.core.step.tasklet.TaskletStep$ChunkTransactionCallback.doInTransaction(TaskletStep.java:383)\n	at org.springframework.batch.core.step.tasklet.TaskletStep$ChunkTransactionCallback.doInTransaction(TaskletStep.java:307)\n	at org.springframework.transaction.support.TransactionTemplate.execute(TransactionTemplate.java:140)\n	at org.springframework.batch.core.step.tasklet.TaskletStep$2.doInChunkContext(TaskletStep.java:250)\n	at org.springframework.batch.core.scope.context.StepContextRepeatCallback.doInIteration(StepContextRepeatCallback.java:82)\n	at org.springframework.batch.repeat.support.RepeatTemplate.getNextResult(RepeatTemplate.java:369)\n	at org.springframework.batch.repeat.support.RepeatTemplate.executeInternal(RepeatTemplate.java:206)\n	at org.springframework.batch.repeat.support.RepeatTemplate.iterate(RepeatTemplate.java:140)\n	at org.springframework.batch.core.step.tasklet.TaskletStep.doExecute(TaskletStep.java:235)\n	at org.springframework.batch.core.step.AbstractStep.execute(AbstractStep.java:230)\n	at org.springframework.batch.core.job.SimpleStepHandler.handleStep(SimpleStepHandler.java:153)\n	at org.springframework.batch.core.job.AbstractJob.handleStep(Abstrac', VERSION = VERSION + 1, READ_SKIP_COUNT = 0, PROCESS_SKIP_COUNT = 1, WRITE_SKIP_COUNT = 0, ROLLBACK_COUNT = 3, LAST_UPDATED = '2026-01-17 19:59:02.1978'
WHERE STEP_EXECUTION_ID = 3 AND VERSION = 1
2026-01-17T10:59:02.201391Z	   59 Query	SELECT VERSION
FROM BATCH_JOB_EXECUTION
WHERE JOB_EXECUTION_ID=3
2026-01-17T10:59:02.203302Z	   59 Query	COMMIT
2026-01-17T10:59:02.209336Z	   59 Query	SET autocommit=1
2026-01-17T10:59:02.211578Z	   60 Query	SET autocommit=0
2026-01-17T10:59:02.213075Z	   60 Query	UPDATE BATCH_JOB_EXECUTION_CONTEXT
SET SHORT_CONTEXT = 'rO0ABXNyABFqYXZhLnV0aWwuSGFzaE1hcAUH2sHDFmDRAwACRgAKbG9hZEZhY3RvckkACXRocmVzaG9sZHhwP0AAAAAAAAx3CAAAABAAAAABdAANYmF0Y2gudmVyc2lvbnQABTUuMi40eA==', SERIALIZED_CONTEXT = null
WHERE JOB_EXECUTION_ID = 3
2026-01-17T10:59:02.215283Z	   60 Query	COMMIT
2026-01-17T10:59:02.221582Z	   60 Query	SET autocommit=1
2026-01-17T10:59:02.224931Z	   60 Query	SET autocommit=0
2026-01-17T10:59:02.227957Z	   60 Query	SELECT VERSION
FROM BATCH_JOB_EXECUTION
WHERE JOB_EXECUTION_ID=3
2026-01-17T10:59:02.230479Z	   60 Query	SELECT COUNT(*)
FROM BATCH_JOB_EXECUTION
WHERE JOB_EXECUTION_ID = 3
2026-01-17T10:59:02.232580Z	   60 Query	UPDATE BATCH_JOB_EXECUTION
SET START_TIME = '2026-01-17 19:58:49.671122', END_TIME = '2026-01-17 19:59:02.223958',  STATUS = 'FAILED', EXIT_CODE = 'FAILED', EXIT_MESSAGE = 'org.springframework.batch.core.step.skip.SkipLimitExceededException: Skip limit of ''1'' exceeded\n	at org.springframework.batch.core.step.skip.LimitCheckingItemSkipPolicy.shouldSkip(LimitCheckingItemSkipPolicy.java:125)\n	at org.springframework.batch.core.step.skip.ExceptionClassifierSkipPolicy.shouldSkip(ExceptionClassifierSkipPolicy.java:65)\n	at org.springframework.batch.core.step.item.FaultTolerantChunkProcessor.shouldSkip(FaultTolerantChunkProcessor.java:486)\n	at org.springframework.batch.core.step.item.FaultTolerantChunkProcessor.lambda$transform$1(FaultTolerantChunkProcessor.java:274)\n	at org.springframework.retry.support.RetryTemplate.handleRetryExhausted(RetryTemplate.java:573)\n	at org.springframework.retry.support.RetryTemplate.doExecute(RetryTemplate.java:418)\n	at org.springframework.retry.support.RetryTemplate.execute(RetryTemplate.java:276)\n	at org.springframework.batch.core.step.item.BatchRetryTemplate.execute(BatchRetryTemplate.java:216)\n	at org.springframework.batch.core.step.item.FaultTolerantChunkProcessor.transform(FaultTolerantChunkProcessor.java:291)\n	at org.springframework.batch.core.step.item.SimpleChunkProcessor.process(SimpleChunkProcessor.java:220)\n	at org.springframework.batch.core.step.item.ChunkOrientedTasklet.execute(ChunkOrientedTasklet.java:75)\n	at org.springframework.batch.core.step.tasklet.TaskletStep$ChunkTransactionCallback.doInTransaction(TaskletStep.java:383)\n	at org.springframework.batch.core.step.tasklet.TaskletStep$ChunkTransactionCallback.doInTransaction(TaskletStep.java:307)\n	at org.springframework.transaction.support.TransactionTemplate.execute(TransactionTemplate.java:140)\n	at org.springframework.batch.core.step.tasklet.TaskletStep$2.doInChunkContext(TaskletStep.java:250)\n	at org.springframework.batch.core.scope.context.StepContextRepeatCallback.doInIteration(StepContextRepeatCallback.java:82)\n	at org.springframework.batch.repeat.support.RepeatTemplate.getNextResult(RepeatTemplate.java:369)\n	at org.springframework.batch.repeat.support.RepeatTemplate.executeInternal(RepeatTemplate.java:206)\n	at org.springframework.batch.repeat.support.RepeatTemplate.iterate(RepeatTemplate.java:140)\n	at org.springframework.batch.core.step.tasklet.TaskletStep.doExecute(TaskletStep.java:235)\n	at org.springframework.batch.core.step.AbstractStep.execute(AbstractStep.java:230)\n	at org.springframework.batch.core.job.SimpleStepHandler.handleStep(SimpleStepHandler.java:153)\n	at org.springframework.batch.core.job.AbstractJob.handleStep(Abstrac', VERSION = VERSION + 1, CREATE_TIME = '2026-01-17 19:58:49.625237', LAST_UPDATED = '2026-01-17 19:59:02.22746'
WHERE JOB_EXECUTION_ID = 3 AND VERSION = 1
2026-01-17T10:59:02.235482Z	   60 Query	COMMIT
2026-01-17T10:59:02.242269Z	   60 Query	SET autocommit=1
2026-01-17T10:59:02.253658Z	   60 Quit	
2026-01-17T10:59:02.254006Z	   62 Quit	
2026-01-17T10:59:02.255018Z	   61 Quit	
2026-01-17T10:59:02.255113Z	   59 Quit	
2026-01-17T10:59:02.255376Z	   65 Quit	
2026-01-17T10:59:02.255566Z	   67 Quit	
2026-01-17T10:59:02.255673Z	   63 Quit	
2026-01-17T10:59:02.255674Z	   64 Quit	
2026-01-17T10:59:02.255920Z	   66 Quit	
2026-01-17T10:59:02.255936Z	   68 Quit	
2026-01-17T10:59:33.608770Z	   69 Connect	root@172.19.0.1 on spring_batch using TCP/IP
2026-01-17T10:59:33.618932Z	   69 Query	/* mysql-connector-j-9.5.0 (Revision: a7b3c94f50efbddb9f0dd69b3e0d1aaa25305cd6) */SELECT  @@session.auto_increment_increment AS auto_increment_increment, @@character_set_client AS character_set_client, @@character_set_connection AS character_set_connection, @@character_set_results AS character_set_results, @@character_set_server AS character_set_server, @@collation_server AS collation_server, @@collation_connection AS collation_connection, @@init_connect AS init_connect, @@interactive_timeout AS interactive_timeout, @@license AS license, @@lower_case_table_names AS lower_case_table_names, @@max_allowed_packet AS max_allowed_packet, @@net_write_timeout AS net_write_timeout, @@performance_schema AS performance_schema, @@sql_mode AS sql_mode, @@system_time_zone AS system_time_zone, @@time_zone AS time_zone, @@transaction_isolation AS transaction_isolation, @@wait_timeout AS wait_timeout
2026-01-17T10:59:33.627958Z	   69 Query	SET character_set_results = NULL
2026-01-17T10:59:33.631147Z	   69 Query	SET autocommit=1
2026-01-17T10:59:33.636283Z	   69 Query	SELECT @@session.transaction_read_only
2026-01-17T10:59:33.639347Z	   69 Query	SELECT @@session.transaction_isolation
2026-01-17T10:59:33.747790Z	   70 Connect	root@172.19.0.1 on spring_batch using TCP/IP
2026-01-17T10:59:33.750080Z	   70 Query	/* mysql-connector-j-9.5.0 (Revision: a7b3c94f50efbddb9f0dd69b3e0d1aaa25305cd6) */SELECT  @@session.auto_increment_increment AS auto_increment_increment, @@character_set_client AS character_set_client, @@character_set_connection AS character_set_connection, @@character_set_results AS character_set_results, @@character_set_server AS character_set_server, @@collation_server AS collation_server, @@collation_connection AS collation_connection, @@init_connect AS init_connect, @@interactive_timeout AS interactive_timeout, @@license AS license, @@lower_case_table_names AS lower_case_table_names, @@max_allowed_packet AS max_allowed_packet, @@net_write_timeout AS net_write_timeout, @@performance_schema AS performance_schema, @@sql_mode AS sql_mode, @@system_time_zone AS system_time_zone, @@time_zone AS time_zone, @@transaction_isolation AS transaction_isolation, @@wait_timeout AS wait_timeout
2026-01-17T10:59:33.753529Z	   70 Query	SET character_set_results = NULL
2026-01-17T10:59:33.758008Z	   70 Query	SET autocommit=1
2026-01-17T10:59:33.760378Z	   70 Query	SELECT @@session.transaction_read_only
2026-01-17T10:59:33.794558Z	   71 Connect	root@172.19.0.1 on spring_batch using TCP/IP
2026-01-17T10:59:33.796215Z	   71 Query	/* mysql-connector-j-9.5.0 (Revision: a7b3c94f50efbddb9f0dd69b3e0d1aaa25305cd6) */SELECT  @@session.auto_increment_increment AS auto_increment_increment, @@character_set_client AS character_set_client, @@character_set_connection AS character_set_connection, @@character_set_results AS character_set_results, @@character_set_server AS character_set_server, @@collation_server AS collation_server, @@collation_connection AS collation_connection, @@init_connect AS init_connect, @@interactive_timeout AS interactive_timeout, @@license AS license, @@lower_case_table_names AS lower_case_table_names, @@max_allowed_packet AS max_allowed_packet, @@net_write_timeout AS net_write_timeout, @@performance_schema AS performance_schema, @@sql_mode AS sql_mode, @@system_time_zone AS system_time_zone, @@time_zone AS time_zone, @@transaction_isolation AS transaction_isolation, @@wait_timeout AS wait_timeout
2026-01-17T10:59:33.797884Z	   71 Query	SET character_set_results = NULL
2026-01-17T10:59:33.799751Z	   71 Query	SET autocommit=1
2026-01-17T10:59:33.801562Z	   71 Query	SELECT @@session.transaction_read_only
2026-01-17T10:59:33.841622Z	   72 Connect	root@172.19.0.1 on spring_batch using TCP/IP
2026-01-17T10:59:33.845263Z	   72 Query	/* mysql-connector-j-9.5.0 (Revision: a7b3c94f50efbddb9f0dd69b3e0d1aaa25305cd6) */SELECT  @@session.auto_increment_increment AS auto_increment_increment, @@character_set_client AS character_set_client, @@character_set_connection AS character_set_connection, @@character_set_results AS character_set_results, @@character_set_server AS character_set_server, @@collation_server AS collation_server, @@collation_connection AS collation_connection, @@init_connect AS init_connect, @@interactive_timeout AS interactive_timeout, @@license AS license, @@lower_case_table_names AS lower_case_table_names, @@max_allowed_packet AS max_allowed_packet, @@net_write_timeout AS net_write_timeout, @@performance_schema AS performance_schema, @@sql_mode AS sql_mode, @@system_time_zone AS system_time_zone, @@time_zone AS time_zone, @@transaction_isolation AS transaction_isolation, @@wait_timeout AS wait_timeout
2026-01-17T10:59:33.849795Z	   72 Query	SET character_set_results = NULL
2026-01-17T10:59:33.852626Z	   72 Query	SET autocommit=1
2026-01-17T10:59:33.855414Z	   72 Query	SELECT @@session.transaction_read_only
2026-01-17T10:59:33.892551Z	   73 Connect	root@172.19.0.1 on spring_batch using TCP/IP
2026-01-17T10:59:33.895629Z	   73 Query	/* mysql-connector-j-9.5.0 (Revision: a7b3c94f50efbddb9f0dd69b3e0d1aaa25305cd6) */SELECT  @@session.auto_increment_increment AS auto_increment_increment, @@character_set_client AS character_set_client, @@character_set_connection AS character_set_connection, @@character_set_results AS character_set_results, @@character_set_server AS character_set_server, @@collation_server AS collation_server, @@collation_connection AS collation_connection, @@init_connect AS init_connect, @@interactive_timeout AS interactive_timeout, @@license AS license, @@lower_case_table_names AS lower_case_table_names, @@max_allowed_packet AS max_allowed_packet, @@net_write_timeout AS net_write_timeout, @@performance_schema AS performance_schema, @@sql_mode AS sql_mode, @@system_time_zone AS system_time_zone, @@time_zone AS time_zone, @@transaction_isolation AS transaction_isolation, @@wait_timeout AS wait_timeout
2026-01-17T10:59:33.898582Z	   73 Query	SET character_set_results = NULL
2026-01-17T10:59:33.900907Z	   73 Query	SET autocommit=1
2026-01-17T10:59:33.903461Z	   73 Query	SELECT @@session.transaction_read_only
2026-01-17T10:59:33.941521Z	   74 Connect	root@172.19.0.1 on spring_batch using TCP/IP
2026-01-17T10:59:33.945220Z	   74 Query	/* mysql-connector-j-9.5.0 (Revision: a7b3c94f50efbddb9f0dd69b3e0d1aaa25305cd6) */SELECT  @@session.auto_increment_increment AS auto_increment_increment, @@character_set_client AS character_set_client, @@character_set_connection AS character_set_connection, @@character_set_results AS character_set_results, @@character_set_server AS character_set_server, @@collation_server AS collation_server, @@collation_connection AS collation_connection, @@init_connect AS init_connect, @@interactive_timeout AS interactive_timeout, @@license AS license, @@lower_case_table_names AS lower_case_table_names, @@max_allowed_packet AS max_allowed_packet, @@net_write_timeout AS net_write_timeout, @@performance_schema AS performance_schema, @@sql_mode AS sql_mode, @@system_time_zone AS system_time_zone, @@time_zone AS time_zone, @@transaction_isolation AS transaction_isolation, @@wait_timeout AS wait_timeout
2026-01-17T10:59:33.949865Z	   74 Query	SET character_set_results = NULL
2026-01-17T10:59:33.952966Z	   74 Query	SET autocommit=1
2026-01-17T10:59:33.956961Z	   74 Query	SELECT @@session.transaction_read_only
2026-01-17T10:59:33.959922Z	   69 Query	SELECT WORD FROM INFORMATION_SCHEMA.KEYWORDS WHERE RESERVED = 1 ORDER BY WORD
2026-01-17T10:59:33.992554Z	   69 Query	SELECT @@character_set_database, @@sql_mode
2026-01-17T10:59:33.994323Z	   75 Connect	root@172.19.0.1 on spring_batch using TCP/IP
2026-01-17T10:59:33.996180Z	   75 Query	/* mysql-connector-j-9.5.0 (Revision: a7b3c94f50efbddb9f0dd69b3e0d1aaa25305cd6) */SELECT  @@session.auto_increment_increment AS auto_increment_increment, @@character_set_client AS character_set_client, @@character_set_connection AS character_set_connection, @@character_set_results AS character_set_results, @@character_set_server AS character_set_server, @@collation_server AS collation_server, @@collation_connection AS collation_connection, @@init_connect AS init_connect, @@interactive_timeout AS interactive_timeout, @@license AS license, @@lower_case_table_names AS lower_case_table_names, @@max_allowed_packet AS max_allowed_packet, @@net_write_timeout AS net_write_timeout, @@performance_schema AS performance_schema, @@sql_mode AS sql_mode, @@system_time_zone AS system_time_zone, @@time_zone AS time_zone, @@transaction_isolation AS transaction_isolation, @@wait_timeout AS wait_timeout
2026-01-17T10:59:33.998782Z	   75 Query	SET character_set_results = NULL
2026-01-17T10:59:34.000502Z	   75 Query	SET autocommit=1
2026-01-17T10:59:34.002242Z	   75 Query	SELECT @@session.transaction_read_only
2026-01-17T10:59:34.042817Z	   76 Connect	root@172.19.0.1 on spring_batch using TCP/IP
2026-01-17T10:59:34.044966Z	   76 Query	/* mysql-connector-j-9.5.0 (Revision: a7b3c94f50efbddb9f0dd69b3e0d1aaa25305cd6) */SELECT  @@session.auto_increment_increment AS auto_increment_increment, @@character_set_client AS character_set_client, @@character_set_connection AS character_set_connection, @@character_set_results AS character_set_results, @@character_set_server AS character_set_server, @@collation_server AS collation_server, @@collation_connection AS collation_connection, @@init_connect AS init_connect, @@interactive_timeout AS interactive_timeout, @@license AS license, @@lower_case_table_names AS lower_case_table_names, @@max_allowed_packet AS max_allowed_packet, @@net_write_timeout AS net_write_timeout, @@performance_schema AS performance_schema, @@sql_mode AS sql_mode, @@system_time_zone AS system_time_zone, @@time_zone AS time_zone, @@transaction_isolation AS transaction_isolation, @@wait_timeout AS wait_timeout
2026-01-17T10:59:34.046564Z	   76 Query	SET character_set_results = NULL
2026-01-17T10:59:34.048036Z	   76 Query	SET autocommit=1
2026-01-17T10:59:34.049678Z	   76 Query	SELECT @@session.transaction_read_only
2026-01-17T10:59:34.089041Z	   77 Connect	root@172.19.0.1 on spring_batch using TCP/IP
2026-01-17T10:59:34.092099Z	   77 Query	/* mysql-connector-j-9.5.0 (Revision: a7b3c94f50efbddb9f0dd69b3e0d1aaa25305cd6) */SELECT  @@session.auto_increment_increment AS auto_increment_increment, @@character_set_client AS character_set_client, @@character_set_connection AS character_set_connection, @@character_set_results AS character_set_results, @@character_set_server AS character_set_server, @@collation_server AS collation_server, @@collation_connection AS collation_connection, @@init_connect AS init_connect, @@interactive_timeout AS interactive_timeout, @@license AS license, @@lower_case_table_names AS lower_case_table_names, @@max_allowed_packet AS max_allowed_packet, @@net_write_timeout AS net_write_timeout, @@performance_schema AS performance_schema, @@sql_mode AS sql_mode, @@system_time_zone AS system_time_zone, @@time_zone AS time_zone, @@transaction_isolation AS transaction_isolation, @@wait_timeout AS wait_timeout
2026-01-17T10:59:34.095918Z	   77 Query	SET character_set_results = NULL
2026-01-17T10:59:34.098840Z	   77 Query	SET autocommit=1
2026-01-17T10:59:34.100608Z	   77 Query	SELECT @@session.transaction_read_only
2026-01-17T10:59:34.139074Z	   78 Connect	root@172.19.0.1 on spring_batch using TCP/IP
2026-01-17T10:59:34.142385Z	   78 Query	/* mysql-connector-j-9.5.0 (Revision: a7b3c94f50efbddb9f0dd69b3e0d1aaa25305cd6) */SELECT  @@session.auto_increment_increment AS auto_increment_increment, @@character_set_client AS character_set_client, @@character_set_connection AS character_set_connection, @@character_set_results AS character_set_results, @@character_set_server AS character_set_server, @@collation_server AS collation_server, @@collation_connection AS collation_connection, @@init_connect AS init_connect, @@interactive_timeout AS interactive_timeout, @@license AS license, @@lower_case_table_names AS lower_case_table_names, @@max_allowed_packet AS max_allowed_packet, @@net_write_timeout AS net_write_timeout, @@performance_schema AS performance_schema, @@sql_mode AS sql_mode, @@system_time_zone AS system_time_zone, @@time_zone AS time_zone, @@transaction_isolation AS transaction_isolation, @@wait_timeout AS wait_timeout
2026-01-17T10:59:34.146214Z	   78 Query	SET character_set_results = NULL
2026-01-17T10:59:34.148562Z	   78 Query	SET autocommit=1
2026-01-17T10:59:34.157945Z	   78 Query	SELECT @@session.transaction_read_only
2026-01-17T10:59:34.484508Z	   69 Query	SELECT TABLE_SCHEMA AS TABLE_CAT, NULL AS TABLE_SCHEM, TABLE_NAME, CASE WHEN TABLE_TYPE = 'BASE TABLE' THEN CASE WHEN TABLE_SCHEMA = 'mysql' OR TABLE_SCHEMA = 'performance_schema' OR TABLE_SCHEMA = 'sys' THEN 'SYSTEM TABLE' ELSE 'TABLE' END WHEN TABLE_TYPE = 'TEMPORARY' THEN 'LOCAL_TEMPORARY' ELSE TABLE_TYPE END AS TABLE_TYPE, TABLE_COMMENT AS REMARKS, NULL AS TYPE_CAT, NULL AS TYPE_SCHEM, NULL AS TYPE_NAME, NULL AS SELF_REFERENCING_COL_NAME, NULL AS REF_GENERATION FROM INFORMATION_SCHEMA.TABLES WHERE TABLE_SCHEMA = 'spring_batch' AND TABLE_NAME LIKE '%' HAVING TABLE_TYPE IN ('TABLE','VIEW',null,null,null) ORDER BY TABLE_TYPE, TABLE_SCHEMA, TABLE_NAME
2026-01-17T10:59:34.490314Z	   69 Query	SELECT DEFAULT_COLLATION_NAME FROM INFORMATION_SCHEMA.SCHEMATA WHERE SCHEMA_NAME = 'information_schema'
2026-01-17T10:59:34.495174Z	   69 Query	SELECT TABLE_SCHEMA, NULL, TABLE_NAME, COLUMN_NAME, CASE WHEN UPPER(DATA_TYPE) = 'DECIMAL' THEN 3 WHEN UPPER(DATA_TYPE) = 'DECIMAL UNSIGNED' THEN 3 WHEN UPPER(DATA_TYPE) = 'TINYINT' THEN IF(LOCATE('ZEROFILL', UPPER(COLUMN_TYPE)) = 0 AND LOCATE('UNSIGNED', UPPER(COLUMN_TYPE)) = 0 AND LOCATE('(1)', COLUMN_TYPE) != 0, -7, -6) WHEN UPPER(DATA_TYPE) = 'TINYINT UNSIGNED' THEN IF(LOCATE('ZEROFILL', UPPER(COLUMN_TYPE)) = 0 AND LOCATE('UNSIGNED', UPPER(COLUMN_TYPE)) = 0 AND LOCATE('(1)', COLUMN_TYPE) != 0, -7, -6) WHEN UPPER(DATA_TYPE) = 'BOOLEAN' THEN 16 WHEN UPPER(DATA_TYPE) = 'SMALLINT' THEN 5 WHEN UPPER(DATA_TYPE) = 'SMALLINT UNSIGNED' THEN 5 WHEN UPPER(DATA_TYPE) = 'INT' THEN 4 WHEN UPPER(DATA_TYPE) = 'INT UNSIGNED' THEN 4 WHEN UPPER(DATA_TYPE) = 'FLOAT' THEN 7 WHEN UPPER(DATA_TYPE) = 'FLOAT UNSIGNED' THEN 7 WHEN UPPER(DATA_TYPE) = 'DOUBLE' THEN 8 WHEN UPPER(DATA_TYPE) = 'DOUBLE UNSIGNED' THEN 8 WHEN UPPER(DATA_TYPE) = 'NULL' THEN 0 WHEN UPPER(DATA_TYPE) = 'TIMESTAMP' THEN 93 WHEN UPPER(DATA_TYPE) = 'BIGINT' THEN -5 WHEN UPPER(DATA_TYPE) = 'BIGINT UNSIGNED' THEN -5 WHEN UPPER(DATA_TYPE) = 'MEDIUMINT' THEN 4 WHEN UPPER(DATA_TYPE) = 'MEDIUMINT UNSIGNED' THEN 4 WHEN UPPER(DATA_TYPE) = 'DATE' THEN 91 WHEN UPPER(DATA_TYPE) = 'TIME' THEN 92 WHEN UPPER(DATA_TYPE) = 'DATETIME' THEN 93 WHEN UPPER(DATA_TYPE) = 'YEAR' THEN 91 WHEN UPPER(DATA_TYPE) = 'VARCHAR' THEN 12 WHEN UPPER(DATA_TYPE) = 'VARBINARY' THEN -3 WHEN UPPER(DATA_TYPE) = 'BIT' THEN -7 WHEN UPPER(DATA_TYPE) = 'JSON' THEN -1 WHEN UPPER(DATA_TYPE) = 'ENUM' THEN 1 WHEN UPPER(DATA_TYPE) = 'SET' THEN 1 WHEN UPPER(DATA_TYPE) = 'TINYBLOB' THEN -3 WHEN UPPER(DATA_TYPE) = 'TINYTEXT' THEN 12 WHEN UPPER(DATA_TYPE) = 'MEDIUMBLOB' THEN -4 WHEN UPPER(DATA_TYPE) = 'MEDIUMTEXT' THEN -1 WHEN UPPER(DATA_TYPE) = 'LONGBLOB' THEN -4 WHEN UPPER(DATA_TYPE) = 'LONGTEXT' THEN -1 WHEN UPPER(DATA_TYPE) = 'BLOB' THEN -4 WHEN UPPER(DATA_TYPE) = 'TEXT' THEN -1 WHEN UPPER(DATA_TYPE) = 'CHAR' THEN 1 WHEN UPPER(DATA_TYPE) = 'BINARY' THEN -2 WHEN UPPER(DATA_TYPE) = 'GEOMETRY' THEN -2 WHEN UPPER(DATA_TYPE) = 'VECTOR' THEN -4 WHEN UPPER(DATA_TYPE) = 'UNKNOWN' THEN 1111 WHEN UPPER(DATA_TYPE) = 'POINT' THEN -2 WHEN UPPER(DATA_TYPE) = 'LINESTRING' THEN -2 WHEN UPPER(DATA_TYPE) = 'POLYGON' THEN -2 WHEN UPPER(DATA_TYPE) = 'MULTIPOINT' THEN -2 WHEN UPPER(DATA_TYPE) = 'MULTILINESTRING' THEN -2 WHEN UPPER(DATA_TYPE) = 'MULTIPOLYGON' THEN -2 WHEN UPPER(DATA_TYPE) = 'GEOMETRYCOLLECTION' THEN -2 WHEN UPPER(DATA_TYPE) = 'GEOMCOLLECTION' THEN -2 ELSE 1111 END AS DATA_TYPE, UPPER(CASE WHEN UPPER(DATA_TYPE) = 'TINYINT' THEN CASE WHEN LOCATE('ZEROFILL', UPPER(COLUMN_TYPE)) = 0 AND LOCATE('UNSIGNED', UPPER(COLUMN_TYPE)) = 0 AND LOCATE('(1)', COLUMN_TYPE) != 0 THEN 'BIT' WHEN LOCATE('UNSIGNED', UPPER(COLUMN_TYPE)) != 0 AND LOCATE('UNSIGNED', UPPER(DATA_TYPE)) = 0 THEN 'TINYINT UNSIGNED' ELSE DATA_TYPE END WHEN LOCATE('UNSIGNED', UPPER(COLUMN_TYPE)) != 0 AND LOCATE('UNSIGNED', UPPER(DATA_TYPE)) = 0 AND LOCATE('SET', UPPER(DATA_TYPE)) <> 1 AND LOCATE('ENUM', UPPER(DATA_TYPE)) <> 1 THEN CONCAT(DATA_TYPE, ' UNSIGNED') WHEN UPPER(DATA_TYPE) = 'POINT' THEN 'GEOMETRY' WHEN UPPER(DATA_TYPE) = 'LINESTRING' THEN 'GEOMETRY' WHEN UPPER(DATA_TYPE) = 'POLYGON' THEN 'GEOMETRY' WHEN UPPER(DATA_TYPE) = 'MULTIPOINT' THEN 'GEOMETRY' WHEN UPPER(DATA_TYPE) = 'MULTILINESTRING' THEN 'GEOMETRY' WHEN UPPER(DATA_TYPE) = 'MULTIPOLYGON' THEN 'GEOMETRY' WHEN UPPER(DATA_TYPE) = 'GEOMETRYCOLLECTION' THEN 'GEOMETRY' WHEN UPPER(DATA_TYPE) = 'GEOMCOLLECTION' THEN 'GEOMETRY' ELSE UPPER(DATA_TYPE) END) AS TYPE_NAME, UPPER(CASE WHEN UPPER(DATA_TYPE) = 'YEAR' THEN 4 WHEN UPPER(DATA_TYPE) = 'DATE' THEN 10 WHEN UPPER(DATA_TYPE) = 'DATETIME' OR UPPER(DATA_TYPE) = 'TIMESTAMP' THEN 19 + IF(DATETIME_PRECISION > 0, DATETIME_PRECISION + 1, DATETIME_PRECISION) WHEN UPPER(DATA_TYPE) = 'TIME' THEN 8 + IF(DATETIME_PRECISION > 0, DATETIME_PRECISION + 1, DATETIME_PRECISION) WHEN UPPER(DATA_TYPE) = 'TINYINT' AND LOCATE('ZEROFILL', UPPER(COLUMN_TYPE)) = 0 AND LOCATE('UNSIGNED', UPPER(COLUMN_TYPE)) = 0 AND LOCATE('(1)', COLUMN_TYPE) != 0 THEN 1 WHEN UPPER(DATA_TYPE) = 'MEDIUMINT' AND LOCATE('UNSIGNED', UPPER(COLUMN_TYPE)) != 0 THEN 8 WHEN UPPER(DATA_TYPE) = 'JSON' THEN 1073741824 WHEN UPPER(DATA_TYPE) = 'GEOMETRY' THEN 65535 WHEN UPPER(DATA_TYPE) = 'POINT' THEN 65535 WHEN UPPER(DATA_TYPE) = 'LINESTRING' THEN 65535 WHEN UPPER(DATA_TYPE) = 'POLYGON' THEN 65535 WHEN UPPER(DATA_TYPE) = 'MULTIPOINT' THEN 65535 WHEN UPPER(DATA_TYPE) = 'MULTILINESTRING' THEN 65535 WHEN UPPER(DATA_TYPE) = 'MULTIPOLYGON' THEN 65535 WHEN UPPER(DATA_TYPE) = 'GEOMETRYCOLLECTION' THEN 65535 WHEN UPPER(DATA_TYPE) = 'GEOMCOLLECTION' THEN 65535 WHEN CHARACTER_MAXIMUM_LENGTH IS NULL THEN NUMERIC_PRECISION WHEN CHARACTER_MAXIMUM_LENGTH > 2147483647 THEN 2147483647 ELSE CHARACTER_MAXIMUM_LENGTH END) AS COLUMN_SIZE, 65535 AS BUFFER_LENGTH, UPPER(CASE WHEN UPPER(DATA_TYPE) = 'DECIMAL' THEN NUMERIC_SCALE WHEN UPPER(DATA_TYPE) = 'FLOAT' OR UPPER(DATA_TYPE) = 'DOUBLE' THEN IF(NUMERIC_SCALE IS NULL, 0, NUMERIC_SCALE) ELSE NULL END) AS DECIMAL_DIGITS, 10 AS NUM_PREC_RADIX, CASE WHEN IS_NULLABLE COLLATE utf8mb3_general_ci= 'NO' THEN 0 ELSE CASE WHEN IS_NULLABLE COLLATE utf8mb3_general_ci= 'YES' THEN 1 ELSE 2 END END AS NULLABLE, COLUMN_COMMENT AS REMARKS, COLUMN_DEFAULT AS COLUMN_DEF, 0 AS SQL_DATA_TYPE, 0 AS SQL_DATETIME_SUB, CASE WHEN CHARACTER_OCTET_LENGTH > 2147483647 THEN 2147483647 ELSE CHARACTER_OCTET_LENGTH END AS CHAR_OCTET_LENGTH, ORDINAL_POSITION, IS_NULLABLE, NULL AS SCOPE_CATALOG, NULL AS SCOPE_SCHEMA, NULL AS SCOPE_TABLE, NULL AS SOURCE_DATA_TYPE, IF (EXTRA COLLATE utf8mb3_general_ci LIKE '%auto_increment%','YES','NO') AS IS_AUTOINCREMENT, IF (EXTRA COLLATE utf8mb3_general_ci LIKE  '%GENERATED%','YES','NO') AS IS_GENERATEDCOLUMN FROM INFORMATION_SCHEMA.COLUMNS WHERE TABLE_SCHEMA = 'spring_batch' AND COLUMN_NAME LIKE '%' ORDER BY TABLE_SCHEMA, TABLE_NAME, ORDINAL_POSITION
2026-01-17T10:59:34.773949Z	   69 Query	SET autocommit=0
2026-01-17T10:59:34.781946Z	   69 Query	SELECT JOB_INSTANCE_ID, JOB_NAME
FROM BATCH_JOB_INSTANCE
WHERE JOB_NAME = 'paymentReportJob'
 AND JOB_KEY = '707ec73dd12b0f41282c25fa41873735'
2026-01-17T10:59:34.785206Z	   69 Query	COMMIT
2026-01-17T10:59:34.786814Z	   69 Query	SET autocommit=1
2026-01-17T10:59:34.790120Z	   69 Query	SELECT JOB_INSTANCE_ID, JOB_NAME
FROM BATCH_JOB_INSTANCE I1
WHERE I1.JOB_NAME = 'paymentReportJob' AND I1.JOB_INSTANCE_ID = (SELECT MAX(I2.JOB_INSTANCE_ID) FROM BATCH_JOB_INSTANCE I2 WHERE I2.JOB_NAME = 'paymentReportJob')
2026-01-17T10:59:34.794060Z	   69 Query	SELECT JOB_EXECUTION_ID, START_TIME, END_TIME, STATUS, EXIT_CODE, EXIT_MESSAGE, CREATE_TIME, LAST_UPDATED, VERSION
FROM BATCH_JOB_EXECUTION
 WHERE JOB_INSTANCE_ID = 3 AND JOB_EXECUTION_ID IN (SELECT MAX(JOB_EXECUTION_ID) FROM BATCH_JOB_EXECUTION E2 WHERE E2.JOB_INSTANCE_ID = 3)
2026-01-17T10:59:34.796520Z	   69 Query	SELECT JOB_EXECUTION_ID, PARAMETER_NAME, PARAMETER_TYPE, PARAMETER_VALUE, IDENTIFYING
FROM BATCH_JOB_EXECUTION_PARAMS
WHERE JOB_EXECUTION_ID = 3
2026-01-17T10:59:34.799810Z	   69 Query	SELECT JI.JOB_INSTANCE_ID, JOB_NAME, JOB_KEY, JI.VERSION
FROM BATCH_JOB_INSTANCE JI, BATCH_JOB_EXECUTION JE
WHERE JOB_EXECUTION_ID = 3 AND JI.JOB_INSTANCE_ID = JE.JOB_INSTANCE_ID
2026-01-17T10:59:34.801746Z	   69 Query	SELECT STEP_EXECUTION_ID, STEP_NAME, START_TIME, END_TIME, STATUS, COMMIT_COUNT, READ_COUNT, FILTER_COUNT, WRITE_COUNT, EXIT_CODE, EXIT_MESSAGE, READ_SKIP_COUNT, WRITE_SKIP_COUNT, PROCESS_SKIP_COUNT, ROLLBACK_COUNT, LAST_UPDATED, VERSION, CREATE_TIME
FROM BATCH_STEP_EXECUTION
 WHERE JOB_EXECUTION_ID = 3 ORDER BY STEP_EXECUTION_ID
2026-01-17T10:59:34.804743Z	   69 Query	SELECT SHORT_CONTEXT, SERIALIZED_CONTEXT
FROM BATCH_JOB_EXECUTION_CONTEXT
WHERE JOB_EXECUTION_ID = 3
2026-01-17T10:59:34.808532Z	   69 Query	SELECT SHORT_CONTEXT, SERIALIZED_CONTEXT
FROM BATCH_STEP_EXECUTION_CONTEXT
WHERE STEP_EXECUTION_ID = 3
2026-01-17T10:59:34.811722Z	   69 Query	SELECT @@session.transaction_isolation
2026-01-17T10:59:34.813243Z	   69 Query	SET SESSION TRANSACTION ISOLATION LEVEL SERIALIZABLE
2026-01-17T10:59:34.814733Z	   69 Query	SET autocommit=0
2026-01-17T10:59:34.816883Z	   69 Query	SELECT JOB_INSTANCE_ID, JOB_NAME
FROM BATCH_JOB_INSTANCE
WHERE JOB_NAME = 'paymentReportJob'
 AND JOB_KEY = '0b04e9c32800fdc7f51451bf7e4b0189'
2026-01-17T10:59:34.818491Z	   69 Query	COMMIT
2026-01-17T10:59:34.820357Z	   69 Query	SET autocommit=1
2026-01-17T10:59:34.821675Z	   69 Query	SET SESSION TRANSACTION ISOLATION LEVEL REPEATABLE READ
2026-01-17T10:59:34.823822Z	   69 Query	SELECT @@session.transaction_isolation
2026-01-17T10:59:34.826068Z	   69 Query	SET SESSION TRANSACTION ISOLATION LEVEL SERIALIZABLE
2026-01-17T10:59:34.827514Z	   69 Query	SET autocommit=0
2026-01-17T10:59:34.828957Z	   69 Query	SELECT JOB_INSTANCE_ID, JOB_NAME
FROM BATCH_JOB_INSTANCE
WHERE JOB_NAME = 'paymentReportJob'
 AND JOB_KEY = '0b04e9c32800fdc7f51451bf7e4b0189'
2026-01-17T10:59:34.830521Z	   69 Query	SELECT JOB_INSTANCE_ID, JOB_NAME
FROM BATCH_JOB_INSTANCE
WHERE JOB_NAME = 'paymentReportJob'
 AND JOB_KEY = '0b04e9c32800fdc7f51451bf7e4b0189'
2026-01-17T10:59:34.832686Z	   70 Query	SET autocommit=0
2026-01-17T10:59:34.835946Z	   70 Query	update BATCH_JOB_SEQ set ID = last_insert_id(ID + 1) limit 1
2026-01-17T10:59:34.837849Z	   70 Query	select last_insert_id()
2026-01-17T10:59:34.839387Z	   70 Query	COMMIT
2026-01-17T10:59:34.844628Z	   70 Query	SET autocommit=1
2026-01-17T10:59:34.848883Z	   69 Query	INSERT INTO BATCH_JOB_INSTANCE(JOB_INSTANCE_ID, JOB_NAME, JOB_KEY, VERSION)
	VALUES (4, 'paymentReportJob', '0b04e9c32800fdc7f51451bf7e4b0189', 0)
2026-01-17T10:59:34.852274Z	   70 Query	SET autocommit=0
2026-01-17T10:59:34.855133Z	   70 Query	update BATCH_JOB_EXECUTION_SEQ set ID = last_insert_id(ID + 1) limit 1
2026-01-17T10:59:34.861221Z	   70 Query	select last_insert_id()
2026-01-17T10:59:34.863609Z	   70 Query	COMMIT
2026-01-17T10:59:34.868546Z	   70 Query	SET autocommit=1
2026-01-17T10:59:34.879862Z	   69 Query	INSERT INTO BATCH_JOB_EXECUTION(JOB_EXECUTION_ID, JOB_INSTANCE_ID, START_TIME, END_TIME, STATUS, EXIT_CODE, EXIT_MESSAGE, VERSION, CREATE_TIME, LAST_UPDATED)
	VALUES (4, 4, null, null, 'STARTING', 'UNKNOWN', '', 0, '2026-01-17 19:59:34.851589', '2026-01-17 19:59:34.851607')
2026-01-17T10:59:34.886454Z	   69 Query	SELECT @@session.transaction_read_only
2026-01-17T10:59:34.889722Z	   69 Query	INSERT INTO BATCH_JOB_EXECUTION_PARAMS(JOB_EXECUTION_ID, PARAMETER_NAME, PARAMETER_TYPE, PARAMETER_VALUE, IDENTIFYING)
	VALUES (4, 'paymentDate', 'java.lang.String', '2025-05-01', 'Y')
2026-01-17T10:59:34.892818Z	   69 Query	INSERT INTO BATCH_JOB_EXECUTION_PARAMS(JOB_EXECUTION_ID, PARAMETER_NAME, PARAMETER_TYPE, PARAMETER_VALUE, IDENTIFYING)
	VALUES (4, 'run.id', 'java.lang.Long', '4', 'Y')
2026-01-17T10:59:34.896065Z	   69 Query	INSERT INTO BATCH_JOB_EXECUTION_CONTEXT (SHORT_CONTEXT, SERIALIZED_CONTEXT, JOB_EXECUTION_ID)
	VALUES('rO0ABXNyABFqYXZhLnV0aWwuSGFzaE1hcAUH2sHDFmDRAwACRgAKbG9hZEZhY3RvckkACXRocmVzaG9sZHhwP0AAAAAAAAB3CAAAABAAAAAAeA==', null, 4)
2026-01-17T10:59:34.899316Z	   69 Query	COMMIT
2026-01-17T10:59:34.904904Z	   69 Query	SET autocommit=1
2026-01-17T10:59:34.907040Z	   69 Query	SET SESSION TRANSACTION ISOLATION LEVEL REPEATABLE READ
2026-01-17T10:59:34.923632Z	   69 Query	SET autocommit=0
2026-01-17T10:59:34.926718Z	   69 Query	SELECT VERSION
FROM BATCH_JOB_EXECUTION
WHERE JOB_EXECUTION_ID=4
2026-01-17T10:59:34.929549Z	   69 Query	SELECT COUNT(*)
FROM BATCH_JOB_EXECUTION
WHERE JOB_EXECUTION_ID = 4
2026-01-17T10:59:34.931991Z	   69 Query	UPDATE BATCH_JOB_EXECUTION
SET START_TIME = '2026-01-17 19:59:34.922479', END_TIME = null,  STATUS = 'STARTED', EXIT_CODE = 'UNKNOWN', EXIT_MESSAGE = '', VERSION = VERSION + 1, CREATE_TIME = '2026-01-17 19:59:34.851589', LAST_UPDATED = '2026-01-17 19:59:34.925534'
WHERE JOB_EXECUTION_ID = 4 AND VERSION = 0
2026-01-17T10:59:34.933519Z	   69 Query	COMMIT
2026-01-17T10:59:34.940419Z	   69 Query	SET autocommit=1
2026-01-17T10:59:34.942844Z	   69 Query	SET autocommit=0
2026-01-17T10:59:34.947239Z	   69 Query	SELECT SE.STEP_EXECUTION_ID, SE.STEP_NAME, SE.START_TIME, SE.END_TIME, SE.STATUS, SE.COMMIT_COUNT, SE.READ_COUNT, SE.FILTER_COUNT, SE.WRITE_COUNT, SE.EXIT_CODE, SE.EXIT_MESSAGE, SE.READ_SKIP_COUNT, SE.WRITE_SKIP_COUNT, SE.PROCESS_SKIP_COUNT, SE.ROLLBACK_COUNT, SE.LAST_UPDATED, SE.VERSION, SE.CREATE_TIME, JE.JOB_EXECUTION_ID, JE.START_TIME, JE.END_TIME, JE.STATUS, JE.EXIT_CODE, JE.EXIT_MESSAGE, JE.CREATE_TIME, JE.LAST_UPDATED, JE.VERSION
FROM BATCH_JOB_EXECUTION JE
	JOIN BATCH_STEP_EXECUTION SE ON SE.JOB_EXECUTION_ID = JE.JOB_EXECUTION_ID
WHERE JE.JOB_INSTANCE_ID = 4 AND SE.STEP_NAME = 'paymentReportStep'
2026-01-17T10:59:34.950487Z	   69 Query	COMMIT
2026-01-17T10:59:34.952801Z	   69 Query	SET autocommit=1
2026-01-17T10:59:34.956717Z	   69 Query	SET autocommit=0
2026-01-17T10:59:34.960218Z	   69 Query	SELECT COUNT(*)
FROM BATCH_JOB_EXECUTION JE
	JOIN BATCH_STEP_EXECUTION SE ON SE.JOB_EXECUTION_ID = JE.JOB_EXECUTION_ID
WHERE JE.JOB_INSTANCE_ID = 4 AND SE.STEP_NAME = 'paymentReportStep'
2026-01-17T10:59:34.963606Z	   69 Query	COMMIT
2026-01-17T10:59:34.965674Z	   69 Query	SET autocommit=1
2026-01-17T10:59:34.968600Z	   69 Query	SET autocommit=0
2026-01-17T10:59:34.972010Z	   70 Query	SET autocommit=0
2026-01-17T10:59:34.974463Z	   70 Query	update BATCH_STEP_EXECUTION_SEQ set ID = last_insert_id(ID + 1) limit 1
2026-01-17T10:59:34.977712Z	   70 Query	select last_insert_id()
2026-01-17T10:59:34.980898Z	   70 Query	COMMIT
2026-01-17T10:59:34.993029Z	   70 Query	SET autocommit=1
2026-01-17T10:59:34.996642Z	   69 Query	INSERT INTO BATCH_STEP_EXECUTION(STEP_EXECUTION_ID, VERSION, STEP_NAME, JOB_EXECUTION_ID, START_TIME, END_TIME, STATUS, COMMIT_COUNT, READ_COUNT, FILTER_COUNT, WRITE_COUNT, EXIT_CODE, EXIT_MESSAGE, READ_SKIP_COUNT, WRITE_SKIP_COUNT, PROCESS_SKIP_COUNT, ROLLBACK_COUNT, LAST_UPDATED, CREATE_TIME)
	VALUES (4, 0, 'paymentReportStep', 4, null, null, 'STARTING', 0, 0, 0, 0, 'EXECUTING', '', 0, 0, 0, 0, '2026-01-17 19:59:34.971729', '2026-01-17 19:59:34.968008')
2026-01-17T10:59:35.000626Z	   69 Query	INSERT INTO BATCH_STEP_EXECUTION_CONTEXT (SHORT_CONTEXT, SERIALIZED_CONTEXT, STEP_EXECUTION_ID)
	VALUES('rO0ABXNyABFqYXZhLnV0aWwuSGFzaE1hcAUH2sHDFmDRAwACRgAKbG9hZEZhY3RvckkACXRocmVzaG9sZHhwP0AAAAAAAAB3CAAAABAAAAAAeA==', null, 4)
2026-01-17T10:59:35.003331Z	   69 Query	COMMIT
2026-01-17T10:59:35.010654Z	   69 Query	SET autocommit=1
2026-01-17T10:59:35.014151Z	   69 Query	SET autocommit=0
2026-01-17T10:59:35.018233Z	   69 Query	UPDATE BATCH_STEP_EXECUTION
SET START_TIME = '2026-01-17 19:59:35.012875', END_TIME = null, STATUS = 'STARTED', COMMIT_COUNT = 0, READ_COUNT = 0, FILTER_COUNT = 0, WRITE_COUNT = 0, EXIT_CODE = 'EXECUTING', EXIT_MESSAGE = '', VERSION = VERSION + 1, READ_SKIP_COUNT = 0, PROCESS_SKIP_COUNT = 0, WRITE_SKIP_COUNT = 0, ROLLBACK_COUNT = 0, LAST_UPDATED = '2026-01-17 19:59:35.017264'
WHERE STEP_EXECUTION_ID = 4 AND VERSION = 0
2026-01-17T10:59:35.020790Z	   69 Query	SELECT VERSION
FROM BATCH_JOB_EXECUTION
WHERE JOB_EXECUTION_ID=4
2026-01-17T10:59:35.023933Z	   69 Query	COMMIT
2026-01-17T10:59:35.029128Z	   69 Query	SET autocommit=1
2026-01-17T10:59:35.052722Z	   69 Query	SET autocommit=0
2026-01-17T10:59:35.055029Z	   69 Query	UPDATE BATCH_STEP_EXECUTION_CONTEXT
SET SHORT_CONTEXT = 'rO0ABXNyABFqYXZhLnV0aWwuSGFzaE1hcAUH2sHDFmDRAwACRgAKbG9hZEZhY3RvckkACXRocmVzaG9sZHhwP0AAAAAAAAx3CAAAABAAAAAEdAAecGF5bWVudFJlcG9ydFJlYWRlci5yZWFkLmNvdW50c3IAEWphdmEubGFuZy5JbnRlZ2VyEuKgpPeBhzgCAAFJAAV2YWx1ZXhyABBqYXZhLmxhbmcuTnVtYmVyhqyVHQuU4IsCAAB4cAAAAAB0ABFiYXRjaC50YXNrbGV0VHlwZXQAPW9yZy5zcHJpbmdmcmFtZXdvcmsuYmF0Y2guY29yZS5zdGVwLml0ZW0uQ2h1bmtPcmllbnRlZFRhc2tsZXR0AA1iYXRjaC52ZXJzaW9udAAFNS4yLjR0AA5iYXRjaC5zdGVwVHlwZXQAN29yZy5zcHJpbmdmcmFtZXdvcmsuYmF0Y2guY29yZS5zdGVwLnRhc2tsZXQuVGFza2xldFN0ZXB4', SERIALIZED_CONTEXT = null
WHERE STEP_EXECUTION_ID = 4
2026-01-17T10:59:35.057689Z	   69 Query	COMMIT
2026-01-17T10:59:35.063907Z	   69 Query	SET autocommit=1
2026-01-17T10:59:35.068324Z	   69 Query	SET autocommit=0
2026-01-17T10:59:35.072040Z	   70 Query	SET autocommit=0
2026-01-17T10:59:35.229201Z	   70 Query	select ps1_0.id,ps1_0.discount_amount,ps1_0.final_amount,ps1_0.original_amount,ps1_0.partner_corp_name,ps1_0.payment_date from payment_source ps1_0 where ps1_0.payment_date='2025-05-01' limit 0,10
2026-01-17T10:59:35.250632Z	   70 Query	COMMIT
2026-01-17T10:59:35.252565Z	   70 Query	SET autocommit=1
2026-01-17T10:59:39.583201Z	   69 Query	ROLLBACK
2026-01-17T10:59:39.586233Z	   69 Query	SET autocommit=1
2026-01-17T10:59:39.592343Z	   69 Query	SET autocommit=0
2026-01-17T10:59:41.891601Z	   69 Query	ROLLBACK
2026-01-17T10:59:41.895042Z	   69 Query	SET autocommit=1
2026-01-17T10:59:41.898449Z	   69 Query	SET autocommit=0
2026-01-17T10:59:48.547449Z	   69 Query	insert into payment (amount,payment_date,status) values (2800.00,'2025-05-01','PAYMENT')
2026-01-17T10:59:48.558432Z	   69 Query	insert into payment (amount,payment_date,status) values (3750.00,'2025-05-01','PAYMENT')
2026-01-17T10:59:48.563977Z	   69 Query	insert into payment (amount,payment_date,status) values (4700.00,'2025-05-01','PAYMENT')
2026-01-17T10:59:48.568435Z	   69 Query	insert into payment (amount,payment_date,status) values (5650.00,'2025-05-01','PAYMENT')
2026-01-17T10:59:48.573103Z	   69 Query	insert into payment (amount,payment_date,status) values (6600.00,'2025-05-01','PAYMENT')
2026-01-17T10:59:48.577576Z	   69 Query	insert into payment (amount,payment_date,status) values (7550.00,'2025-05-01','PAYMENT')
2026-01-17T10:59:48.582027Z	   69 Query	insert into payment (amount,payment_date,status) values (8500.00,'2025-05-01','PAYMENT')
2026-01-17T10:59:48.586694Z	   69 Query	insert into payment (amount,payment_date,status) values (9450.00,'2025-05-01','PAYMENT')
2026-01-17T10:59:48.590742Z	   69 Query	UPDATE BATCH_STEP_EXECUTION_CONTEXT
SET SHORT_CONTEXT = 'rO0ABXNyABFqYXZhLnV0aWwuSGFzaE1hcAUH2sHDFmDRAwACRgAKbG9hZEZhY3RvckkACXRocmVzaG9sZHhwP0AAAAAAAAx3CAAAABAAAAAEdAAecGF5bWVudFJlcG9ydFJlYWRlci5yZWFkLmNvdW50c3IAEWphdmEubGFuZy5JbnRlZ2VyEuKgpPeBhzgCAAFJAAV2YWx1ZXhyABBqYXZhLmxhbmcuTnVtYmVyhqyVHQuU4IsCAAB4cAAAAAp0ABFiYXRjaC50YXNrbGV0VHlwZXQAPW9yZy5zcHJpbmdmcmFtZXdvcmsuYmF0Y2guY29yZS5zdGVwLml0ZW0uQ2h1bmtPcmllbnRlZFRhc2tsZXR0AA1iYXRjaC52ZXJzaW9udAAFNS4yLjR0AA5iYXRjaC5zdGVwVHlwZXQAN29yZy5zcHJpbmdmcmFtZXdvcmsuYmF0Y2guY29yZS5zdGVwLnRhc2tsZXQuVGFza2xldFN0ZXB4', SERIALIZED_CONTEXT = null
WHERE STEP_EXECUTION_ID = 4
2026-01-17T10:59:48.593643Z	   69 Query	UPDATE BATCH_STEP_EXECUTION
SET START_TIME = '2026-01-17 19:59:35.012875', END_TIME = null, STATUS = 'STARTED', COMMIT_COUNT = 1, READ_COUNT = 10, FILTER_COUNT = 0, WRITE_COUNT = 8, EXIT_CODE = 'EXECUTING', EXIT_MESSAGE = '', VERSION = VERSION + 1, READ_SKIP_COUNT = 0, PROCESS_SKIP_COUNT = 2, WRITE_SKIP_COUNT = 0, ROLLBACK_COUNT = 2, LAST_UPDATED = '2026-01-17 19:59:48.592237'
WHERE STEP_EXECUTION_ID = 4 AND VERSION = 1
2026-01-17T10:59:48.597184Z	   69 Query	SELECT VERSION
FROM BATCH_JOB_EXECUTION
WHERE JOB_EXECUTION_ID=4
2026-01-17T10:59:48.600843Z	   69 Query	COMMIT
2026-01-17T10:59:48.609146Z	   69 Query	SET autocommit=1
2026-01-17T10:59:48.612227Z	   69 Query	SET autocommit=0
2026-01-17T10:59:48.614884Z	   70 Query	SET autocommit=0
2026-01-17T10:59:48.622608Z	   70 Query	select ps1_0.id,ps1_0.discount_amount,ps1_0.final_amount,ps1_0.original_amount,ps1_0.partner_corp_name,ps1_0.payment_date from payment_source ps1_0 where ps1_0.payment_date='2025-05-01' limit 10,10
2026-01-17T10:59:48.627582Z	   70 Query	COMMIT
2026-01-17T10:59:48.629726Z	   70 Query	SET autocommit=1
2026-01-17T10:59:48.635046Z	   69 Query	insert into payment (amount,payment_date,status) values (10400.00,'2025-05-01','PAYMENT')
2026-01-17T10:59:48.640736Z	   69 Query	insert into payment (amount,payment_date,status) values (11350.00,'2025-05-01','PAYMENT')
2026-01-17T10:59:48.646059Z	   69 Query	insert into payment (amount,payment_date,status) values (12300.00,'2025-05-01','PAYMENT')
2026-01-17T10:59:48.649662Z	   69 Query	insert into payment (amount,payment_date,status) values (13250.00,'2025-05-01','PAYMENT')
2026-01-17T10:59:48.653728Z	   69 Query	insert into payment (amount,payment_date,status) values (14200.00,'2025-05-01','PAYMENT')
2026-01-17T10:59:48.659283Z	   69 Query	insert into payment (amount,payment_date,status) values (15150.00,'2025-05-01','PAYMENT')
2026-01-17T10:59:48.664154Z	   69 Query	insert into payment (amount,payment_date,status) values (16100.00,'2025-05-01','PAYMENT')
2026-01-17T10:59:48.668587Z	   69 Query	insert into payment (amount,payment_date,status) values (17050.00,'2025-05-01','PAYMENT')
2026-01-17T10:59:48.672630Z	   69 Query	insert into payment (amount,payment_date,status) values (18000.00,'2025-05-01','PAYMENT')
2026-01-17T10:59:48.677164Z	   69 Query	insert into payment (amount,payment_date,status) values (18950.00,'2025-05-01','PAYMENT')
2026-01-17T10:59:48.680477Z	   69 Query	UPDATE BATCH_STEP_EXECUTION_CONTEXT
SET SHORT_CONTEXT = 'rO0ABXNyABFqYXZhLnV0aWwuSGFzaE1hcAUH2sHDFmDRAwACRgAKbG9hZEZhY3RvckkACXRocmVzaG9sZHhwP0AAAAAAAAx3CAAAABAAAAAEdAAecGF5bWVudFJlcG9ydFJlYWRlci5yZWFkLmNvdW50c3IAEWphdmEubGFuZy5JbnRlZ2VyEuKgpPeBhzgCAAFJAAV2YWx1ZXhyABBqYXZhLmxhbmcuTnVtYmVyhqyVHQuU4IsCAAB4cAAAABR0ABFiYXRjaC50YXNrbGV0VHlwZXQAPW9yZy5zcHJpbmdmcmFtZXdvcmsuYmF0Y2guY29yZS5zdGVwLml0ZW0uQ2h1bmtPcmllbnRlZFRhc2tsZXR0AA1iYXRjaC52ZXJzaW9udAAFNS4yLjR0AA5iYXRjaC5zdGVwVHlwZXQAN29yZy5zcHJpbmdmcmFtZXdvcmsuYmF0Y2guY29yZS5zdGVwLnRhc2tsZXQuVGFza2xldFN0ZXB4', SERIALIZED_CONTEXT = null
WHERE STEP_EXECUTION_ID = 4
2026-01-17T10:59:48.683162Z	   69 Query	UPDATE BATCH_STEP_EXECUTION
SET START_TIME = '2026-01-17 19:59:35.012875', END_TIME = null, STATUS = 'STARTED', COMMIT_COUNT = 2, READ_COUNT = 20, FILTER_COUNT = 0, WRITE_COUNT = 18, EXIT_CODE = 'EXECUTING', EXIT_MESSAGE = '', VERSION = VERSION + 1, READ_SKIP_COUNT = 0, PROCESS_SKIP_COUNT = 2, WRITE_SKIP_COUNT = 0, ROLLBACK_COUNT = 2, LAST_UPDATED = '2026-01-17 19:59:48.681898'
WHERE STEP_EXECUTION_ID = 4 AND VERSION = 2
2026-01-17T10:59:48.686044Z	   69 Query	SELECT VERSION
FROM BATCH_JOB_EXECUTION
WHERE JOB_EXECUTION_ID=4
2026-01-17T10:59:48.688880Z	   69 Query	COMMIT
2026-01-17T10:59:48.694497Z	   69 Query	SET autocommit=1
2026-01-17T10:59:48.696260Z	   69 Query	SET autocommit=0
2026-01-17T10:59:48.698501Z	   70 Query	SET autocommit=0
2026-01-17T10:59:48.701180Z	   70 Query	select ps1_0.id,ps1_0.discount_amount,ps1_0.final_amount,ps1_0.original_amount,ps1_0.partner_corp_name,ps1_0.payment_date from payment_source ps1_0 where ps1_0.payment_date='2025-05-01' limit 20,10
2026-01-17T10:59:48.703613Z	   70 Query	COMMIT
2026-01-17T10:59:48.705695Z	   70 Query	SET autocommit=1
2026-01-17T10:59:48.707979Z	   69 Query	UPDATE BATCH_STEP_EXECUTION_CONTEXT
SET SHORT_CONTEXT = 'rO0ABXNyABFqYXZhLnV0aWwuSGFzaE1hcAUH2sHDFmDRAwACRgAKbG9hZEZhY3RvckkACXRocmVzaG9sZHhwP0AAAAAAAAx3CAAAABAAAAAEdAAecGF5bWVudFJlcG9ydFJlYWRlci5yZWFkLmNvdW50c3IAEWphdmEubGFuZy5JbnRlZ2VyEuKgpPeBhzgCAAFJAAV2YWx1ZXhyABBqYXZhLmxhbmcuTnVtYmVyhqyVHQuU4IsCAAB4cAAAABV0ABFiYXRjaC50YXNrbGV0VHlwZXQAPW9yZy5zcHJpbmdmcmFtZXdvcmsuYmF0Y2guY29yZS5zdGVwLml0ZW0uQ2h1bmtPcmllbnRlZFRhc2tsZXR0AA1iYXRjaC52ZXJzaW9udAAFNS4yLjR0AA5iYXRjaC5zdGVwVHlwZXQAN29yZy5zcHJpbmdmcmFtZXdvcmsuYmF0Y2guY29yZS5zdGVwLnRhc2tsZXQuVGFza2xldFN0ZXB4', SERIALIZED_CONTEXT = null
WHERE STEP_EXECUTION_ID = 4
2026-01-17T10:59:48.710220Z	   69 Query	UPDATE BATCH_STEP_EXECUTION
SET START_TIME = '2026-01-17 19:59:35.012875', END_TIME = null, STATUS = 'STARTED', COMMIT_COUNT = 3, READ_COUNT = 20, FILTER_COUNT = 0, WRITE_COUNT = 18, EXIT_CODE = 'EXECUTING', EXIT_MESSAGE = '', VERSION = VERSION + 1, READ_SKIP_COUNT = 0, PROCESS_SKIP_COUNT = 2, WRITE_SKIP_COUNT = 0, ROLLBACK_COUNT = 2, LAST_UPDATED = '2026-01-17 19:59:48.70886'
WHERE STEP_EXECUTION_ID = 4 AND VERSION = 3
2026-01-17T10:59:48.712430Z	   69 Query	SELECT VERSION
FROM BATCH_JOB_EXECUTION
WHERE JOB_EXECUTION_ID=4
2026-01-17T10:59:48.713887Z	   69 Query	COMMIT
2026-01-17T10:59:48.717927Z	   69 Query	SET autocommit=1
2026-01-17T10:59:48.721720Z	   69 Query	SET autocommit=0
2026-01-17T10:59:48.724836Z	   69 Query	UPDATE BATCH_STEP_EXECUTION_CONTEXT
SET SHORT_CONTEXT = 'rO0ABXNyABFqYXZhLnV0aWwuSGFzaE1hcAUH2sHDFmDRAwACRgAKbG9hZEZhY3RvckkACXRocmVzaG9sZHhwP0AAAAAAAAx3CAAAABAAAAAEdAAecGF5bWVudFJlcG9ydFJlYWRlci5yZWFkLmNvdW50c3IAEWphdmEubGFuZy5JbnRlZ2VyEuKgpPeBhzgCAAFJAAV2YWx1ZXhyABBqYXZhLmxhbmcuTnVtYmVyhqyVHQuU4IsCAAB4cAAAABV0ABFiYXRjaC50YXNrbGV0VHlwZXQAPW9yZy5zcHJpbmdmcmFtZXdvcmsuYmF0Y2guY29yZS5zdGVwLml0ZW0uQ2h1bmtPcmllbnRlZFRhc2tsZXR0AA1iYXRjaC52ZXJzaW9udAAFNS4yLjR0AA5iYXRjaC5zdGVwVHlwZXQAN29yZy5zcHJpbmdmcmFtZXdvcmsuYmF0Y2guY29yZS5zdGVwLnRhc2tsZXQuVGFza2xldFN0ZXB4', SERIALIZED_CONTEXT = null
WHERE STEP_EXECUTION_ID = 4
2026-01-17T10:59:48.726610Z	   69 Query	COMMIT
2026-01-17T10:59:48.728188Z	   69 Query	SET autocommit=1
2026-01-17T10:59:48.730153Z	   69 Query	SET autocommit=0
2026-01-17T10:59:48.732804Z	   69 Query	UPDATE BATCH_STEP_EXECUTION
SET START_TIME = '2026-01-17 19:59:35.012875', END_TIME = '2026-01-17 19:59:48.720337', STATUS = 'COMPLETED', COMMIT_COUNT = 3, READ_COUNT = 20, FILTER_COUNT = 0, WRITE_COUNT = 18, EXIT_CODE = 'COMPLETED', EXIT_MESSAGE = '', VERSION = VERSION + 1, READ_SKIP_COUNT = 0, PROCESS_SKIP_COUNT = 2, WRITE_SKIP_COUNT = 0, ROLLBACK_COUNT = 2, LAST_UPDATED = '2026-01-17 19:59:48.731694'
WHERE STEP_EXECUTION_ID = 4 AND VERSION = 4
2026-01-17T10:59:48.735083Z	   69 Query	SELECT VERSION
FROM BATCH_JOB_EXECUTION
WHERE JOB_EXECUTION_ID=4
2026-01-17T10:59:48.739909Z	   69 Query	COMMIT
2026-01-17T10:59:48.745024Z	   69 Query	SET autocommit=1
2026-01-17T10:59:48.747282Z	   70 Query	SET autocommit=0
2026-01-17T10:59:48.751019Z	   70 Query	UPDATE BATCH_JOB_EXECUTION_CONTEXT
SET SHORT_CONTEXT = 'rO0ABXNyABFqYXZhLnV0aWwuSGFzaE1hcAUH2sHDFmDRAwACRgAKbG9hZEZhY3RvckkACXRocmVzaG9sZHhwP0AAAAAAAAx3CAAAABAAAAABdAANYmF0Y2gudmVyc2lvbnQABTUuMi40eA==', SERIALIZED_CONTEXT = null
WHERE JOB_EXECUTION_ID = 4
2026-01-17T10:59:48.758936Z	   70 Query	COMMIT
2026-01-17T10:59:48.765123Z	   70 Query	SET autocommit=1
2026-01-17T10:59:48.770741Z	   70 Query	SET autocommit=0
2026-01-17T10:59:48.774576Z	   70 Query	SELECT VERSION
FROM BATCH_JOB_EXECUTION
WHERE JOB_EXECUTION_ID=4
2026-01-17T10:59:48.776590Z	   70 Query	SELECT COUNT(*)
FROM BATCH_JOB_EXECUTION
WHERE JOB_EXECUTION_ID = 4
2026-01-17T10:59:48.778850Z	   70 Query	UPDATE BATCH_JOB_EXECUTION
SET START_TIME = '2026-01-17 19:59:34.922479', END_TIME = '2026-01-17 19:59:48.769045',  STATUS = 'COMPLETED', EXIT_CODE = 'COMPLETED', EXIT_MESSAGE = '', VERSION = VERSION + 1, CREATE_TIME = '2026-01-17 19:59:34.851589', LAST_UPDATED = '2026-01-17 19:59:48.773064'
WHERE JOB_EXECUTION_ID = 4 AND VERSION = 1
2026-01-17T10:59:48.781658Z	   70 Query	COMMIT
2026-01-17T10:59:48.786970Z	   70 Query	SET autocommit=1
2026-01-17T10:59:48.799182Z	   72 Quit	
2026-01-17T10:59:48.799699Z	   69 Quit	
2026-01-17T10:59:48.799929Z	   70 Quit	
2026-01-17T10:59:48.800621Z	   73 Quit	
2026-01-17T10:59:48.800633Z	   75 Quit	
2026-01-17T10:59:48.800691Z	   74 Quit	
2026-01-17T10:59:48.800706Z	   78 Quit	
2026-01-17T10:59:48.800714Z	   71 Quit	
2026-01-17T10:59:48.800722Z	   76 Quit	
2026-01-17T10:59:48.800854Z	   77 Quit	
2026-01-17T10:59:54.073597Z	   79 Connect	root@172.19.0.1 on  using SSL/TLS
2026-01-17T10:59:54.076750Z	   79 Query	/* mysql-connector-j-8.2.0 (Revision: 06a1f724497fd81c6a659131fda822c9e5085b6c) */SELECT  @@session.auto_increment_increment AS auto_increment_increment, @@character_set_client AS character_set_client, @@character_set_connection AS character_set_connection, @@character_set_results AS character_set_results, @@character_set_server AS character_set_server, @@collation_server AS collation_server, @@collation_connection AS collation_connection, @@init_connect AS init_connect, @@interactive_timeout AS interactive_timeout, @@license AS license, @@lower_case_table_names AS lower_case_table_names, @@max_allowed_packet AS max_allowed_packet, @@net_write_timeout AS net_write_timeout, @@performance_schema AS performance_schema, @@sql_mode AS sql_mode, @@system_time_zone AS system_time_zone, @@time_zone AS time_zone, @@transaction_isolation AS transaction_isolation, @@wait_timeout AS wait_timeout
2026-01-17T10:59:54.080511Z	   79 Query	SET autocommit=1
2026-01-17T10:59:54.083148Z	   79 Query	select version(), @@version_comment, database()
2026-01-17T10:59:54.085329Z	   79 Query	show variables like 'aurora\_version'
2026-01-17T10:59:54.099942Z	   79 Query	/* ApplicationName=IntelliJ IDEA 2024.1.6 */ set session transaction read write
2026-01-17T10:59:54.105896Z	   79 Query	/* ApplicationName=IntelliJ IDEA 2024.1.6 */ use spring_batch
2026-01-17T10:59:54.110518Z	   79 Query	SELECT @@session.transaction_read_only
2026-01-17T10:59:54.119205Z	   79 Query	/* ApplicationName=IntelliJ IDEA 2024.1.6 */ select database()
2026-01-17T10:59:54.127784Z	   79 Query	/* ApplicationName=IntelliJ IDEA 2024.1.6 */ SET net_write_timeout=600
2026-01-17T10:59:54.129256Z	   79 Query	/* ApplicationName=IntelliJ IDEA 2024.1.6 */ SET SQL_SELECT_LIMIT=501
2026-01-17T10:59:54.130660Z	   79 Query	/* ApplicationName=IntelliJ IDEA 2024.1.6 */ SELECT t.*
FROM spring_batch.payment t
LIMIT 501
2026-01-17T10:59:54.164865Z	   79 Query	SELECT @@session.transaction_isolation
2026-01-17T11:00:29.513828Z	   80 Connect	root@172.19.0.1 on  using SSL/TLS
2026-01-17T11:00:29.517329Z	   80 Query	/* mysql-connector-j-8.2.0 (Revision: 06a1f724497fd81c6a659131fda822c9e5085b6c) */SELECT  @@session.auto_increment_increment AS auto_increment_increment, @@character_set_client AS character_set_client, @@character_set_connection AS character_set_connection, @@character_set_results AS character_set_results, @@character_set_server AS character_set_server, @@collation_server AS collation_server, @@collation_connection AS collation_connection, @@init_connect AS init_connect, @@interactive_timeout AS interactive_timeout, @@license AS license, @@lower_case_table_names AS lower_case_table_names, @@max_allowed_packet AS max_allowed_packet, @@net_write_timeout AS net_write_timeout, @@performance_schema AS performance_schema, @@sql_mode AS sql_mode, @@system_time_zone AS system_time_zone, @@time_zone AS time_zone, @@transaction_isolation AS transaction_isolation, @@wait_timeout AS wait_timeout
2026-01-17T11:00:29.521582Z	   80 Query	SET autocommit=1
2026-01-17T11:00:29.524515Z	   80 Query	select version(), @@version_comment, database()
2026-01-17T11:00:29.528125Z	   80 Query	show variables like 'aurora\_version'
2026-01-17T11:00:29.546933Z	   80 Query	/* ApplicationName=IntelliJ IDEA 2024.1.6 */ set session transaction read write
2026-01-17T11:00:29.553973Z	   80 Query	/* ApplicationName=IntelliJ IDEA 2024.1.6 */ use spring_batch
2026-01-17T11:00:29.559323Z	   80 Query	SELECT @@session.transaction_read_only
2026-01-17T11:00:29.569605Z	   80 Query	/* ApplicationName=IntelliJ IDEA 2024.1.6 */ select database()
2026-01-17T11:00:29.577735Z	   80 Query	/* ApplicationName=IntelliJ IDEA 2024.1.6 */ SET net_write_timeout=600
2026-01-17T11:00:29.579407Z	   80 Query	/* ApplicationName=IntelliJ IDEA 2024.1.6 */ SET SQL_SELECT_LIMIT=501
2026-01-17T11:00:29.581326Z	   80 Query	/* ApplicationName=IntelliJ IDEA 2024.1.6 */ SELECT t.*
FROM spring_batch.BATCH_STEP_EXECUTION t
LIMIT 501
2026-01-17T11:00:29.628850Z	   80 Query	SELECT @@session.transaction_isolation
2026-01-17T11:07:05.250134Z	   81 Connect	root@172.19.0.1 on spring_batch using TCP/IP
2026-01-17T11:07:05.260569Z	   81 Query	/* mysql-connector-j-9.5.0 (Revision: a7b3c94f50efbddb9f0dd69b3e0d1aaa25305cd6) */SELECT  @@session.auto_increment_increment AS auto_increment_increment, @@character_set_client AS character_set_client, @@character_set_connection AS character_set_connection, @@character_set_results AS character_set_results, @@character_set_server AS character_set_server, @@collation_server AS collation_server, @@collation_connection AS collation_connection, @@init_connect AS init_connect, @@interactive_timeout AS interactive_timeout, @@license AS license, @@lower_case_table_names AS lower_case_table_names, @@max_allowed_packet AS max_allowed_packet, @@net_write_timeout AS net_write_timeout, @@performance_schema AS performance_schema, @@sql_mode AS sql_mode, @@system_time_zone AS system_time_zone, @@time_zone AS time_zone, @@transaction_isolation AS transaction_isolation, @@wait_timeout AS wait_timeout
2026-01-17T11:07:05.266121Z	   81 Query	SET character_set_results = NULL
2026-01-17T11:07:05.268528Z	   81 Query	SET autocommit=1
2026-01-17T11:07:05.272288Z	   81 Query	SELECT @@session.transaction_read_only
2026-01-17T11:07:05.275072Z	   81 Query	SELECT @@session.transaction_isolation
2026-01-17T11:07:05.385810Z	   82 Connect	root@172.19.0.1 on spring_batch using TCP/IP
2026-01-17T11:07:05.388204Z	   82 Query	/* mysql-connector-j-9.5.0 (Revision: a7b3c94f50efbddb9f0dd69b3e0d1aaa25305cd6) */SELECT  @@session.auto_increment_increment AS auto_increment_increment, @@character_set_client AS character_set_client, @@character_set_connection AS character_set_connection, @@character_set_results AS character_set_results, @@character_set_server AS character_set_server, @@collation_server AS collation_server, @@collation_connection AS collation_connection, @@init_connect AS init_connect, @@interactive_timeout AS interactive_timeout, @@license AS license, @@lower_case_table_names AS lower_case_table_names, @@max_allowed_packet AS max_allowed_packet, @@net_write_timeout AS net_write_timeout, @@performance_schema AS performance_schema, @@sql_mode AS sql_mode, @@system_time_zone AS system_time_zone, @@time_zone AS time_zone, @@transaction_isolation AS transaction_isolation, @@wait_timeout AS wait_timeout
2026-01-17T11:07:05.391075Z	   82 Query	SET character_set_results = NULL
2026-01-17T11:07:05.392851Z	   82 Query	SET autocommit=1
2026-01-17T11:07:05.394963Z	   82 Query	SELECT @@session.transaction_read_only
2026-01-17T11:07:05.431951Z	   83 Connect	root@172.19.0.1 on spring_batch using TCP/IP
2026-01-17T11:07:05.434000Z	   83 Query	/* mysql-connector-j-9.5.0 (Revision: a7b3c94f50efbddb9f0dd69b3e0d1aaa25305cd6) */SELECT  @@session.auto_increment_increment AS auto_increment_increment, @@character_set_client AS character_set_client, @@character_set_connection AS character_set_connection, @@character_set_results AS character_set_results, @@character_set_server AS character_set_server, @@collation_server AS collation_server, @@collation_connection AS collation_connection, @@init_connect AS init_connect, @@interactive_timeout AS interactive_timeout, @@license AS license, @@lower_case_table_names AS lower_case_table_names, @@max_allowed_packet AS max_allowed_packet, @@net_write_timeout AS net_write_timeout, @@performance_schema AS performance_schema, @@sql_mode AS sql_mode, @@system_time_zone AS system_time_zone, @@time_zone AS time_zone, @@transaction_isolation AS transaction_isolation, @@wait_timeout AS wait_timeout
2026-01-17T11:07:05.436500Z	   83 Query	SET character_set_results = NULL
2026-01-17T11:07:05.439862Z	   83 Query	SET autocommit=1
2026-01-17T11:07:05.443210Z	   83 Query	SELECT @@session.transaction_read_only
2026-01-17T11:07:05.484649Z	   84 Connect	root@172.19.0.1 on spring_batch using TCP/IP
2026-01-17T11:07:05.488589Z	   84 Query	/* mysql-connector-j-9.5.0 (Revision: a7b3c94f50efbddb9f0dd69b3e0d1aaa25305cd6) */SELECT  @@session.auto_increment_increment AS auto_increment_increment, @@character_set_client AS character_set_client, @@character_set_connection AS character_set_connection, @@character_set_results AS character_set_results, @@character_set_server AS character_set_server, @@collation_server AS collation_server, @@collation_connection AS collation_connection, @@init_connect AS init_connect, @@interactive_timeout AS interactive_timeout, @@license AS license, @@lower_case_table_names AS lower_case_table_names, @@max_allowed_packet AS max_allowed_packet, @@net_write_timeout AS net_write_timeout, @@performance_schema AS performance_schema, @@sql_mode AS sql_mode, @@system_time_zone AS system_time_zone, @@time_zone AS time_zone, @@transaction_isolation AS transaction_isolation, @@wait_timeout AS wait_timeout
2026-01-17T11:07:05.491427Z	   84 Query	SET character_set_results = NULL
2026-01-17T11:07:05.494703Z	   84 Query	SET autocommit=1
2026-01-17T11:07:05.497819Z	   84 Query	SELECT @@session.transaction_read_only
2026-01-17T11:07:05.541695Z	   85 Connect	root@172.19.0.1 on spring_batch using TCP/IP
2026-01-17T11:07:05.544707Z	   85 Query	/* mysql-connector-j-9.5.0 (Revision: a7b3c94f50efbddb9f0dd69b3e0d1aaa25305cd6) */SELECT  @@session.auto_increment_increment AS auto_increment_increment, @@character_set_client AS character_set_client, @@character_set_connection AS character_set_connection, @@character_set_results AS character_set_results, @@character_set_server AS character_set_server, @@collation_server AS collation_server, @@collation_connection AS collation_connection, @@init_connect AS init_connect, @@interactive_timeout AS interactive_timeout, @@license AS license, @@lower_case_table_names AS lower_case_table_names, @@max_allowed_packet AS max_allowed_packet, @@net_write_timeout AS net_write_timeout, @@performance_schema AS performance_schema, @@sql_mode AS sql_mode, @@system_time_zone AS system_time_zone, @@time_zone AS time_zone, @@transaction_isolation AS transaction_isolation, @@wait_timeout AS wait_timeout
2026-01-17T11:07:05.548172Z	   85 Query	SET character_set_results = NULL
2026-01-17T11:07:05.549951Z	   85 Query	SET autocommit=1
2026-01-17T11:07:05.551194Z	   85 Query	SELECT @@session.transaction_read_only
2026-01-17T11:07:05.561128Z	   81 Query	SELECT WORD FROM INFORMATION_SCHEMA.KEYWORDS WHERE RESERVED = 1 ORDER BY WORD
2026-01-17T11:07:05.591382Z	   86 Connect	root@172.19.0.1 on spring_batch using TCP/IP
2026-01-17T11:07:05.591406Z	   81 Query	SELECT @@character_set_database, @@sql_mode
2026-01-17T11:07:05.593723Z	   86 Query	/* mysql-connector-j-9.5.0 (Revision: a7b3c94f50efbddb9f0dd69b3e0d1aaa25305cd6) */SELECT  @@session.auto_increment_increment AS auto_increment_increment, @@character_set_client AS character_set_client, @@character_set_connection AS character_set_connection, @@character_set_results AS character_set_results, @@character_set_server AS character_set_server, @@collation_server AS collation_server, @@collation_connection AS collation_connection, @@init_connect AS init_connect, @@interactive_timeout AS interactive_timeout, @@license AS license, @@lower_case_table_names AS lower_case_table_names, @@max_allowed_packet AS max_allowed_packet, @@net_write_timeout AS net_write_timeout, @@performance_schema AS performance_schema, @@sql_mode AS sql_mode, @@system_time_zone AS system_time_zone, @@time_zone AS time_zone, @@transaction_isolation AS transaction_isolation, @@wait_timeout AS wait_timeout
2026-01-17T11:07:05.596312Z	   86 Query	SET character_set_results = NULL
2026-01-17T11:07:05.598909Z	   86 Query	SET autocommit=1
2026-01-17T11:07:05.600712Z	   86 Query	SELECT @@session.transaction_read_only
2026-01-17T11:07:05.636407Z	   87 Connect	root@172.19.0.1 on spring_batch using TCP/IP
2026-01-17T11:07:05.638115Z	   87 Query	/* mysql-connector-j-9.5.0 (Revision: a7b3c94f50efbddb9f0dd69b3e0d1aaa25305cd6) */SELECT  @@session.auto_increment_increment AS auto_increment_increment, @@character_set_client AS character_set_client, @@character_set_connection AS character_set_connection, @@character_set_results AS character_set_results, @@character_set_server AS character_set_server, @@collation_server AS collation_server, @@collation_connection AS collation_connection, @@init_connect AS init_connect, @@interactive_timeout AS interactive_timeout, @@license AS license, @@lower_case_table_names AS lower_case_table_names, @@max_allowed_packet AS max_allowed_packet, @@net_write_timeout AS net_write_timeout, @@performance_schema AS performance_schema, @@sql_mode AS sql_mode, @@system_time_zone AS system_time_zone, @@time_zone AS time_zone, @@transaction_isolation AS transaction_isolation, @@wait_timeout AS wait_timeout
2026-01-17T11:07:05.640241Z	   87 Query	SET character_set_results = NULL
2026-01-17T11:07:05.643080Z	   87 Query	SET autocommit=1
2026-01-17T11:07:05.644753Z	   87 Query	SELECT @@session.transaction_read_only
2026-01-17T11:07:05.679544Z	   88 Connect	root@172.19.0.1 on spring_batch using TCP/IP
2026-01-17T11:07:05.681818Z	   88 Query	/* mysql-connector-j-9.5.0 (Revision: a7b3c94f50efbddb9f0dd69b3e0d1aaa25305cd6) */SELECT  @@session.auto_increment_increment AS auto_increment_increment, @@character_set_client AS character_set_client, @@character_set_connection AS character_set_connection, @@character_set_results AS character_set_results, @@character_set_server AS character_set_server, @@collation_server AS collation_server, @@collation_connection AS collation_connection, @@init_connect AS init_connect, @@interactive_timeout AS interactive_timeout, @@license AS license, @@lower_case_table_names AS lower_case_table_names, @@max_allowed_packet AS max_allowed_packet, @@net_write_timeout AS net_write_timeout, @@performance_schema AS performance_schema, @@sql_mode AS sql_mode, @@system_time_zone AS system_time_zone, @@time_zone AS time_zone, @@transaction_isolation AS transaction_isolation, @@wait_timeout AS wait_timeout
2026-01-17T11:07:05.684435Z	   88 Query	SET character_set_results = NULL
2026-01-17T11:07:05.686301Z	   88 Query	SET autocommit=1
2026-01-17T11:07:05.688882Z	   88 Query	SELECT @@session.transaction_read_only
2026-01-17T11:07:05.727954Z	   89 Connect	root@172.19.0.1 on spring_batch using TCP/IP
2026-01-17T11:07:05.730827Z	   89 Query	/* mysql-connector-j-9.5.0 (Revision: a7b3c94f50efbddb9f0dd69b3e0d1aaa25305cd6) */SELECT  @@session.auto_increment_increment AS auto_increment_increment, @@character_set_client AS character_set_client, @@character_set_connection AS character_set_connection, @@character_set_results AS character_set_results, @@character_set_server AS character_set_server, @@collation_server AS collation_server, @@collation_connection AS collation_connection, @@init_connect AS init_connect, @@interactive_timeout AS interactive_timeout, @@license AS license, @@lower_case_table_names AS lower_case_table_names, @@max_allowed_packet AS max_allowed_packet, @@net_write_timeout AS net_write_timeout, @@performance_schema AS performance_schema, @@sql_mode AS sql_mode, @@system_time_zone AS system_time_zone, @@time_zone AS time_zone, @@transaction_isolation AS transaction_isolation, @@wait_timeout AS wait_timeout
2026-01-17T11:07:05.734296Z	   89 Query	SET character_set_results = NULL
2026-01-17T11:07:05.736700Z	   89 Query	SET autocommit=1
2026-01-17T11:07:05.739958Z	   89 Query	SELECT @@session.transaction_read_only
2026-01-17T11:07:05.783957Z	   90 Connect	root@172.19.0.1 on spring_batch using TCP/IP
2026-01-17T11:07:05.787860Z	   90 Query	/* mysql-connector-j-9.5.0 (Revision: a7b3c94f50efbddb9f0dd69b3e0d1aaa25305cd6) */SELECT  @@session.auto_increment_increment AS auto_increment_increment, @@character_set_client AS character_set_client, @@character_set_connection AS character_set_connection, @@character_set_results AS character_set_results, @@character_set_server AS character_set_server, @@collation_server AS collation_server, @@collation_connection AS collation_connection, @@init_connect AS init_connect, @@interactive_timeout AS interactive_timeout, @@license AS license, @@lower_case_table_names AS lower_case_table_names, @@max_allowed_packet AS max_allowed_packet, @@net_write_timeout AS net_write_timeout, @@performance_schema AS performance_schema, @@sql_mode AS sql_mode, @@system_time_zone AS system_time_zone, @@time_zone AS time_zone, @@transaction_isolation AS transaction_isolation, @@wait_timeout AS wait_timeout
2026-01-17T11:07:05.791340Z	   90 Query	SET character_set_results = NULL
2026-01-17T11:07:05.794191Z	   90 Query	SET autocommit=1
2026-01-17T11:07:05.797249Z	   90 Query	SELECT @@session.transaction_read_only
2026-01-17T11:07:06.059403Z	   81 Query	SELECT TABLE_SCHEMA AS TABLE_CAT, NULL AS TABLE_SCHEM, TABLE_NAME, CASE WHEN TABLE_TYPE = 'BASE TABLE' THEN CASE WHEN TABLE_SCHEMA = 'mysql' OR TABLE_SCHEMA = 'performance_schema' OR TABLE_SCHEMA = 'sys' THEN 'SYSTEM TABLE' ELSE 'TABLE' END WHEN TABLE_TYPE = 'TEMPORARY' THEN 'LOCAL_TEMPORARY' ELSE TABLE_TYPE END AS TABLE_TYPE, TABLE_COMMENT AS REMARKS, NULL AS TYPE_CAT, NULL AS TYPE_SCHEM, NULL AS TYPE_NAME, NULL AS SELF_REFERENCING_COL_NAME, NULL AS REF_GENERATION FROM INFORMATION_SCHEMA.TABLES WHERE TABLE_SCHEMA = 'spring_batch' AND TABLE_NAME LIKE '%' HAVING TABLE_TYPE IN ('TABLE','VIEW',null,null,null) ORDER BY TABLE_TYPE, TABLE_SCHEMA, TABLE_NAME
2026-01-17T11:07:06.065351Z	   81 Query	SELECT DEFAULT_COLLATION_NAME FROM INFORMATION_SCHEMA.SCHEMATA WHERE SCHEMA_NAME = 'information_schema'
2026-01-17T11:07:06.070456Z	   81 Query	SELECT TABLE_SCHEMA, NULL, TABLE_NAME, COLUMN_NAME, CASE WHEN UPPER(DATA_TYPE) = 'DECIMAL' THEN 3 WHEN UPPER(DATA_TYPE) = 'DECIMAL UNSIGNED' THEN 3 WHEN UPPER(DATA_TYPE) = 'TINYINT' THEN IF(LOCATE('ZEROFILL', UPPER(COLUMN_TYPE)) = 0 AND LOCATE('UNSIGNED', UPPER(COLUMN_TYPE)) = 0 AND LOCATE('(1)', COLUMN_TYPE) != 0, -7, -6) WHEN UPPER(DATA_TYPE) = 'TINYINT UNSIGNED' THEN IF(LOCATE('ZEROFILL', UPPER(COLUMN_TYPE)) = 0 AND LOCATE('UNSIGNED', UPPER(COLUMN_TYPE)) = 0 AND LOCATE('(1)', COLUMN_TYPE) != 0, -7, -6) WHEN UPPER(DATA_TYPE) = 'BOOLEAN' THEN 16 WHEN UPPER(DATA_TYPE) = 'SMALLINT' THEN 5 WHEN UPPER(DATA_TYPE) = 'SMALLINT UNSIGNED' THEN 5 WHEN UPPER(DATA_TYPE) = 'INT' THEN 4 WHEN UPPER(DATA_TYPE) = 'INT UNSIGNED' THEN 4 WHEN UPPER(DATA_TYPE) = 'FLOAT' THEN 7 WHEN UPPER(DATA_TYPE) = 'FLOAT UNSIGNED' THEN 7 WHEN UPPER(DATA_TYPE) = 'DOUBLE' THEN 8 WHEN UPPER(DATA_TYPE) = 'DOUBLE UNSIGNED' THEN 8 WHEN UPPER(DATA_TYPE) = 'NULL' THEN 0 WHEN UPPER(DATA_TYPE) = 'TIMESTAMP' THEN 93 WHEN UPPER(DATA_TYPE) = 'BIGINT' THEN -5 WHEN UPPER(DATA_TYPE) = 'BIGINT UNSIGNED' THEN -5 WHEN UPPER(DATA_TYPE) = 'MEDIUMINT' THEN 4 WHEN UPPER(DATA_TYPE) = 'MEDIUMINT UNSIGNED' THEN 4 WHEN UPPER(DATA_TYPE) = 'DATE' THEN 91 WHEN UPPER(DATA_TYPE) = 'TIME' THEN 92 WHEN UPPER(DATA_TYPE) = 'DATETIME' THEN 93 WHEN UPPER(DATA_TYPE) = 'YEAR' THEN 91 WHEN UPPER(DATA_TYPE) = 'VARCHAR' THEN 12 WHEN UPPER(DATA_TYPE) = 'VARBINARY' THEN -3 WHEN UPPER(DATA_TYPE) = 'BIT' THEN -7 WHEN UPPER(DATA_TYPE) = 'JSON' THEN -1 WHEN UPPER(DATA_TYPE) = 'ENUM' THEN 1 WHEN UPPER(DATA_TYPE) = 'SET' THEN 1 WHEN UPPER(DATA_TYPE) = 'TINYBLOB' THEN -3 WHEN UPPER(DATA_TYPE) = 'TINYTEXT' THEN 12 WHEN UPPER(DATA_TYPE) = 'MEDIUMBLOB' THEN -4 WHEN UPPER(DATA_TYPE) = 'MEDIUMTEXT' THEN -1 WHEN UPPER(DATA_TYPE) = 'LONGBLOB' THEN -4 WHEN UPPER(DATA_TYPE) = 'LONGTEXT' THEN -1 WHEN UPPER(DATA_TYPE) = 'BLOB' THEN -4 WHEN UPPER(DATA_TYPE) = 'TEXT' THEN -1 WHEN UPPER(DATA_TYPE) = 'CHAR' THEN 1 WHEN UPPER(DATA_TYPE) = 'BINARY' THEN -2 WHEN UPPER(DATA_TYPE) = 'GEOMETRY' THEN -2 WHEN UPPER(DATA_TYPE) = 'VECTOR' THEN -4 WHEN UPPER(DATA_TYPE) = 'UNKNOWN' THEN 1111 WHEN UPPER(DATA_TYPE) = 'POINT' THEN -2 WHEN UPPER(DATA_TYPE) = 'LINESTRING' THEN -2 WHEN UPPER(DATA_TYPE) = 'POLYGON' THEN -2 WHEN UPPER(DATA_TYPE) = 'MULTIPOINT' THEN -2 WHEN UPPER(DATA_TYPE) = 'MULTILINESTRING' THEN -2 WHEN UPPER(DATA_TYPE) = 'MULTIPOLYGON' THEN -2 WHEN UPPER(DATA_TYPE) = 'GEOMETRYCOLLECTION' THEN -2 WHEN UPPER(DATA_TYPE) = 'GEOMCOLLECTION' THEN -2 ELSE 1111 END AS DATA_TYPE, UPPER(CASE WHEN UPPER(DATA_TYPE) = 'TINYINT' THEN CASE WHEN LOCATE('ZEROFILL', UPPER(COLUMN_TYPE)) = 0 AND LOCATE('UNSIGNED', UPPER(COLUMN_TYPE)) = 0 AND LOCATE('(1)', COLUMN_TYPE) != 0 THEN 'BIT' WHEN LOCATE('UNSIGNED', UPPER(COLUMN_TYPE)) != 0 AND LOCATE('UNSIGNED', UPPER(DATA_TYPE)) = 0 THEN 'TINYINT UNSIGNED' ELSE DATA_TYPE END WHEN LOCATE('UNSIGNED', UPPER(COLUMN_TYPE)) != 0 AND LOCATE('UNSIGNED', UPPER(DATA_TYPE)) = 0 AND LOCATE('SET', UPPER(DATA_TYPE)) <> 1 AND LOCATE('ENUM', UPPER(DATA_TYPE)) <> 1 THEN CONCAT(DATA_TYPE, ' UNSIGNED') WHEN UPPER(DATA_TYPE) = 'POINT' THEN 'GEOMETRY' WHEN UPPER(DATA_TYPE) = 'LINESTRING' THEN 'GEOMETRY' WHEN UPPER(DATA_TYPE) = 'POLYGON' THEN 'GEOMETRY' WHEN UPPER(DATA_TYPE) = 'MULTIPOINT' THEN 'GEOMETRY' WHEN UPPER(DATA_TYPE) = 'MULTILINESTRING' THEN 'GEOMETRY' WHEN UPPER(DATA_TYPE) = 'MULTIPOLYGON' THEN 'GEOMETRY' WHEN UPPER(DATA_TYPE) = 'GEOMETRYCOLLECTION' THEN 'GEOMETRY' WHEN UPPER(DATA_TYPE) = 'GEOMCOLLECTION' THEN 'GEOMETRY' ELSE UPPER(DATA_TYPE) END) AS TYPE_NAME, UPPER(CASE WHEN UPPER(DATA_TYPE) = 'YEAR' THEN 4 WHEN UPPER(DATA_TYPE) = 'DATE' THEN 10 WHEN UPPER(DATA_TYPE) = 'DATETIME' OR UPPER(DATA_TYPE) = 'TIMESTAMP' THEN 19 + IF(DATETIME_PRECISION > 0, DATETIME_PRECISION + 1, DATETIME_PRECISION) WHEN UPPER(DATA_TYPE) = 'TIME' THEN 8 + IF(DATETIME_PRECISION > 0, DATETIME_PRECISION + 1, DATETIME_PRECISION) WHEN UPPER(DATA_TYPE) = 'TINYINT' AND LOCATE('ZEROFILL', UPPER(COLUMN_TYPE)) = 0 AND LOCATE('UNSIGNED', UPPER(COLUMN_TYPE)) = 0 AND LOCATE('(1)', COLUMN_TYPE) != 0 THEN 1 WHEN UPPER(DATA_TYPE) = 'MEDIUMINT' AND LOCATE('UNSIGNED', UPPER(COLUMN_TYPE)) != 0 THEN 8 WHEN UPPER(DATA_TYPE) = 'JSON' THEN 1073741824 WHEN UPPER(DATA_TYPE) = 'GEOMETRY' THEN 65535 WHEN UPPER(DATA_TYPE) = 'POINT' THEN 65535 WHEN UPPER(DATA_TYPE) = 'LINESTRING' THEN 65535 WHEN UPPER(DATA_TYPE) = 'POLYGON' THEN 65535 WHEN UPPER(DATA_TYPE) = 'MULTIPOINT' THEN 65535 WHEN UPPER(DATA_TYPE) = 'MULTILINESTRING' THEN 65535 WHEN UPPER(DATA_TYPE) = 'MULTIPOLYGON' THEN 65535 WHEN UPPER(DATA_TYPE) = 'GEOMETRYCOLLECTION' THEN 65535 WHEN UPPER(DATA_TYPE) = 'GEOMCOLLECTION' THEN 65535 WHEN CHARACTER_MAXIMUM_LENGTH IS NULL THEN NUMERIC_PRECISION WHEN CHARACTER_MAXIMUM_LENGTH > 2147483647 THEN 2147483647 ELSE CHARACTER_MAXIMUM_LENGTH END) AS COLUMN_SIZE, 65535 AS BUFFER_LENGTH, UPPER(CASE WHEN UPPER(DATA_TYPE) = 'DECIMAL' THEN NUMERIC_SCALE WHEN UPPER(DATA_TYPE) = 'FLOAT' OR UPPER(DATA_TYPE) = 'DOUBLE' THEN IF(NUMERIC_SCALE IS NULL, 0, NUMERIC_SCALE) ELSE NULL END) AS DECIMAL_DIGITS, 10 AS NUM_PREC_RADIX, CASE WHEN IS_NULLABLE COLLATE utf8mb3_general_ci= 'NO' THEN 0 ELSE CASE WHEN IS_NULLABLE COLLATE utf8mb3_general_ci= 'YES' THEN 1 ELSE 2 END END AS NULLABLE, COLUMN_COMMENT AS REMARKS, COLUMN_DEFAULT AS COLUMN_DEF, 0 AS SQL_DATA_TYPE, 0 AS SQL_DATETIME_SUB, CASE WHEN CHARACTER_OCTET_LENGTH > 2147483647 THEN 2147483647 ELSE CHARACTER_OCTET_LENGTH END AS CHAR_OCTET_LENGTH, ORDINAL_POSITION, IS_NULLABLE, NULL AS SCOPE_CATALOG, NULL AS SCOPE_SCHEMA, NULL AS SCOPE_TABLE, NULL AS SOURCE_DATA_TYPE, IF (EXTRA COLLATE utf8mb3_general_ci LIKE '%auto_increment%','YES','NO') AS IS_AUTOINCREMENT, IF (EXTRA COLLATE utf8mb3_general_ci LIKE  '%GENERATED%','YES','NO') AS IS_GENERATEDCOLUMN FROM INFORMATION_SCHEMA.COLUMNS WHERE TABLE_SCHEMA = 'spring_batch' AND COLUMN_NAME LIKE '%' ORDER BY TABLE_SCHEMA, TABLE_NAME, ORDINAL_POSITION
2026-01-17T11:07:06.339554Z	   81 Query	SET autocommit=0
2026-01-17T11:07:06.347511Z	   81 Query	SELECT JOB_INSTANCE_ID, JOB_NAME
FROM BATCH_JOB_INSTANCE
WHERE JOB_NAME = 'paymentReportJob'
 AND JOB_KEY = '707ec73dd12b0f41282c25fa41873735'
2026-01-17T11:07:06.349865Z	   81 Query	COMMIT
2026-01-17T11:07:06.351225Z	   81 Query	SET autocommit=1
2026-01-17T11:07:06.353770Z	   81 Query	SELECT JOB_INSTANCE_ID, JOB_NAME
FROM BATCH_JOB_INSTANCE I1
WHERE I1.JOB_NAME = 'paymentReportJob' AND I1.JOB_INSTANCE_ID = (SELECT MAX(I2.JOB_INSTANCE_ID) FROM BATCH_JOB_INSTANCE I2 WHERE I2.JOB_NAME = 'paymentReportJob')
2026-01-17T11:07:06.357824Z	   81 Query	SELECT JOB_EXECUTION_ID, START_TIME, END_TIME, STATUS, EXIT_CODE, EXIT_MESSAGE, CREATE_TIME, LAST_UPDATED, VERSION
FROM BATCH_JOB_EXECUTION
 WHERE JOB_INSTANCE_ID = 4 AND JOB_EXECUTION_ID IN (SELECT MAX(JOB_EXECUTION_ID) FROM BATCH_JOB_EXECUTION E2 WHERE E2.JOB_INSTANCE_ID = 4)
2026-01-17T11:07:06.360166Z	   81 Query	SELECT JOB_EXECUTION_ID, PARAMETER_NAME, PARAMETER_TYPE, PARAMETER_VALUE, IDENTIFYING
FROM BATCH_JOB_EXECUTION_PARAMS
WHERE JOB_EXECUTION_ID = 4
2026-01-17T11:07:06.363550Z	   81 Query	SELECT JI.JOB_INSTANCE_ID, JOB_NAME, JOB_KEY, JI.VERSION
FROM BATCH_JOB_INSTANCE JI, BATCH_JOB_EXECUTION JE
WHERE JOB_EXECUTION_ID = 4 AND JI.JOB_INSTANCE_ID = JE.JOB_INSTANCE_ID
2026-01-17T11:07:06.365798Z	   81 Query	SELECT STEP_EXECUTION_ID, STEP_NAME, START_TIME, END_TIME, STATUS, COMMIT_COUNT, READ_COUNT, FILTER_COUNT, WRITE_COUNT, EXIT_CODE, EXIT_MESSAGE, READ_SKIP_COUNT, WRITE_SKIP_COUNT, PROCESS_SKIP_COUNT, ROLLBACK_COUNT, LAST_UPDATED, VERSION, CREATE_TIME
FROM BATCH_STEP_EXECUTION
 WHERE JOB_EXECUTION_ID = 4 ORDER BY STEP_EXECUTION_ID
2026-01-17T11:07:06.368746Z	   81 Query	SELECT SHORT_CONTEXT, SERIALIZED_CONTEXT
FROM BATCH_JOB_EXECUTION_CONTEXT
WHERE JOB_EXECUTION_ID = 4
2026-01-17T11:07:06.371589Z	   81 Query	SELECT SHORT_CONTEXT, SERIALIZED_CONTEXT
FROM BATCH_STEP_EXECUTION_CONTEXT
WHERE STEP_EXECUTION_ID = 4
2026-01-17T11:07:06.375530Z	   81 Query	SELECT @@session.transaction_isolation
2026-01-17T11:07:06.377498Z	   81 Query	SET SESSION TRANSACTION ISOLATION LEVEL SERIALIZABLE
2026-01-17T11:07:06.378514Z	   81 Query	SET autocommit=0
2026-01-17T11:07:06.380073Z	   81 Query	SELECT JOB_INSTANCE_ID, JOB_NAME
FROM BATCH_JOB_INSTANCE
WHERE JOB_NAME = 'paymentReportJob'
 AND JOB_KEY = 'ce0c5d8f269f4067a92d8bbd029e0140'
2026-01-17T11:07:06.381536Z	   81 Query	COMMIT
2026-01-17T11:07:06.382663Z	   81 Query	SET autocommit=1
2026-01-17T11:07:06.383837Z	   81 Query	SET SESSION TRANSACTION ISOLATION LEVEL REPEATABLE READ
2026-01-17T11:07:06.385109Z	   81 Query	SELECT @@session.transaction_isolation
2026-01-17T11:07:06.386458Z	   81 Query	SET SESSION TRANSACTION ISOLATION LEVEL SERIALIZABLE
2026-01-17T11:07:06.388485Z	   81 Query	SET autocommit=0
2026-01-17T11:07:06.390334Z	   81 Query	SELECT JOB_INSTANCE_ID, JOB_NAME
FROM BATCH_JOB_INSTANCE
WHERE JOB_NAME = 'paymentReportJob'
 AND JOB_KEY = 'ce0c5d8f269f4067a92d8bbd029e0140'
2026-01-17T11:07:06.392735Z	   81 Query	SELECT JOB_INSTANCE_ID, JOB_NAME
FROM BATCH_JOB_INSTANCE
WHERE JOB_NAME = 'paymentReportJob'
 AND JOB_KEY = 'ce0c5d8f269f4067a92d8bbd029e0140'
2026-01-17T11:07:06.394702Z	   82 Query	SET autocommit=0
2026-01-17T11:07:06.399071Z	   82 Query	update BATCH_JOB_SEQ set ID = last_insert_id(ID + 1) limit 1
2026-01-17T11:07:06.401519Z	   82 Query	select last_insert_id()
2026-01-17T11:07:06.402758Z	   82 Query	COMMIT
2026-01-17T11:07:06.409469Z	   82 Query	SET autocommit=1
2026-01-17T11:07:06.412408Z	   81 Query	INSERT INTO BATCH_JOB_INSTANCE(JOB_INSTANCE_ID, JOB_NAME, JOB_KEY, VERSION)
	VALUES (5, 'paymentReportJob', 'ce0c5d8f269f4067a92d8bbd029e0140', 0)
2026-01-17T11:07:06.414936Z	   82 Query	SET autocommit=0
2026-01-17T11:07:06.417259Z	   82 Query	update BATCH_JOB_EXECUTION_SEQ set ID = last_insert_id(ID + 1) limit 1
2026-01-17T11:07:06.420211Z	   82 Query	select last_insert_id()
2026-01-17T11:07:06.423779Z	   82 Query	COMMIT
2026-01-17T11:07:06.429557Z	   82 Query	SET autocommit=1
2026-01-17T11:07:06.437352Z	   81 Query	INSERT INTO BATCH_JOB_EXECUTION(JOB_EXECUTION_ID, JOB_INSTANCE_ID, START_TIME, END_TIME, STATUS, EXIT_CODE, EXIT_MESSAGE, VERSION, CREATE_TIME, LAST_UPDATED)
	VALUES (5, 5, null, null, 'STARTING', 'UNKNOWN', '', 0, '2026-01-17 20:07:06.414062', '2026-01-17 20:07:06.414076')
2026-01-17T11:07:06.442293Z	   81 Query	SELECT @@session.transaction_read_only
2026-01-17T11:07:06.444433Z	   81 Query	INSERT INTO BATCH_JOB_EXECUTION_PARAMS(JOB_EXECUTION_ID, PARAMETER_NAME, PARAMETER_TYPE, PARAMETER_VALUE, IDENTIFYING)
	VALUES (5, 'paymentDate', 'java.lang.String', '2025-05-01', 'Y')
2026-01-17T11:07:06.446169Z	   81 Query	INSERT INTO BATCH_JOB_EXECUTION_PARAMS(JOB_EXECUTION_ID, PARAMETER_NAME, PARAMETER_TYPE, PARAMETER_VALUE, IDENTIFYING)
	VALUES (5, 'run.id', 'java.lang.Long', '5', 'Y')
2026-01-17T11:07:06.449628Z	   81 Query	INSERT INTO BATCH_JOB_EXECUTION_CONTEXT (SHORT_CONTEXT, SERIALIZED_CONTEXT, JOB_EXECUTION_ID)
	VALUES('rO0ABXNyABFqYXZhLnV0aWwuSGFzaE1hcAUH2sHDFmDRAwACRgAKbG9hZEZhY3RvckkACXRocmVzaG9sZHhwP0AAAAAAAAB3CAAAABAAAAAAeA==', null, 5)
2026-01-17T11:07:06.452674Z	   81 Query	COMMIT
2026-01-17T11:07:06.459851Z	   81 Query	SET autocommit=1
2026-01-17T11:07:06.463064Z	   81 Query	SET SESSION TRANSACTION ISOLATION LEVEL REPEATABLE READ
2026-01-17T11:07:06.472438Z	   81 Query	SET autocommit=0
2026-01-17T11:07:06.477408Z	   81 Query	SELECT VERSION
FROM BATCH_JOB_EXECUTION
WHERE JOB_EXECUTION_ID=5
2026-01-17T11:07:06.480681Z	   81 Query	SELECT COUNT(*)
FROM BATCH_JOB_EXECUTION
WHERE JOB_EXECUTION_ID = 5
2026-01-17T11:07:06.483302Z	   81 Query	UPDATE BATCH_JOB_EXECUTION
SET START_TIME = '2026-01-17 20:07:06.471172', END_TIME = null,  STATUS = 'STARTED', EXIT_CODE = 'UNKNOWN', EXIT_MESSAGE = '', VERSION = VERSION + 1, CREATE_TIME = '2026-01-17 20:07:06.414062', LAST_UPDATED = '2026-01-17 20:07:06.474806'
WHERE JOB_EXECUTION_ID = 5 AND VERSION = 0
2026-01-17T11:07:06.485218Z	   81 Query	COMMIT
2026-01-17T11:07:06.490562Z	   81 Query	SET autocommit=1
2026-01-17T11:07:06.493536Z	   81 Query	SET autocommit=0
2026-01-17T11:07:06.496656Z	   81 Query	SELECT SE.STEP_EXECUTION_ID, SE.STEP_NAME, SE.START_TIME, SE.END_TIME, SE.STATUS, SE.COMMIT_COUNT, SE.READ_COUNT, SE.FILTER_COUNT, SE.WRITE_COUNT, SE.EXIT_CODE, SE.EXIT_MESSAGE, SE.READ_SKIP_COUNT, SE.WRITE_SKIP_COUNT, SE.PROCESS_SKIP_COUNT, SE.ROLLBACK_COUNT, SE.LAST_UPDATED, SE.VERSION, SE.CREATE_TIME, JE.JOB_EXECUTION_ID, JE.START_TIME, JE.END_TIME, JE.STATUS, JE.EXIT_CODE, JE.EXIT_MESSAGE, JE.CREATE_TIME, JE.LAST_UPDATED, JE.VERSION
FROM BATCH_JOB_EXECUTION JE
	JOIN BATCH_STEP_EXECUTION SE ON SE.JOB_EXECUTION_ID = JE.JOB_EXECUTION_ID
WHERE JE.JOB_INSTANCE_ID = 5 AND SE.STEP_NAME = 'paymentReportStep'
2026-01-17T11:07:06.499592Z	   81 Query	COMMIT
2026-01-17T11:07:06.501552Z	   81 Query	SET autocommit=1
2026-01-17T11:07:06.503909Z	   81 Query	SET autocommit=0
2026-01-17T11:07:06.505956Z	   81 Query	SELECT COUNT(*)
FROM BATCH_JOB_EXECUTION JE
	JOIN BATCH_STEP_EXECUTION SE ON SE.JOB_EXECUTION_ID = JE.JOB_EXECUTION_ID
WHERE JE.JOB_INSTANCE_ID = 5 AND SE.STEP_NAME = 'paymentReportStep'
2026-01-17T11:07:06.509553Z	   81 Query	COMMIT
2026-01-17T11:07:06.511220Z	   81 Query	SET autocommit=1
2026-01-17T11:07:06.512486Z	   81 Query	SET autocommit=0
2026-01-17T11:07:06.513928Z	   82 Query	SET autocommit=0
2026-01-17T11:07:06.515666Z	   82 Query	update BATCH_STEP_EXECUTION_SEQ set ID = last_insert_id(ID + 1) limit 1
2026-01-17T11:07:06.517002Z	   82 Query	select last_insert_id()
2026-01-17T11:07:06.518884Z	   82 Query	COMMIT
2026-01-17T11:07:06.526513Z	   82 Query	SET autocommit=1
2026-01-17T11:07:06.529528Z	   81 Query	INSERT INTO BATCH_STEP_EXECUTION(STEP_EXECUTION_ID, VERSION, STEP_NAME, JOB_EXECUTION_ID, START_TIME, END_TIME, STATUS, COMMIT_COUNT, READ_COUNT, FILTER_COUNT, WRITE_COUNT, EXIT_CODE, EXIT_MESSAGE, READ_SKIP_COUNT, WRITE_SKIP_COUNT, PROCESS_SKIP_COUNT, ROLLBACK_COUNT, LAST_UPDATED, CREATE_TIME)
	VALUES (5, 0, 'paymentReportStep', 5, null, null, 'STARTING', 0, 0, 0, 0, 'EXECUTING', '', 0, 0, 0, 0, '2026-01-17 20:07:06.513522', '2026-01-17 20:07:06.512036')
2026-01-17T11:07:06.533409Z	   81 Query	INSERT INTO BATCH_STEP_EXECUTION_CONTEXT (SHORT_CONTEXT, SERIALIZED_CONTEXT, STEP_EXECUTION_ID)
	VALUES('rO0ABXNyABFqYXZhLnV0aWwuSGFzaE1hcAUH2sHDFmDRAwACRgAKbG9hZEZhY3RvckkACXRocmVzaG9sZHhwP0AAAAAAAAB3CAAAABAAAAAAeA==', null, 5)
2026-01-17T11:07:06.535635Z	   81 Query	COMMIT
2026-01-17T11:07:06.547584Z	   81 Query	SET autocommit=1
2026-01-17T11:07:06.550937Z	   81 Query	SET autocommit=0
2026-01-17T11:07:06.554821Z	   81 Query	UPDATE BATCH_STEP_EXECUTION
SET START_TIME = '2026-01-17 20:07:06.549635', END_TIME = null, STATUS = 'STARTED', COMMIT_COUNT = 0, READ_COUNT = 0, FILTER_COUNT = 0, WRITE_COUNT = 0, EXIT_CODE = 'EXECUTING', EXIT_MESSAGE = '', VERSION = VERSION + 1, READ_SKIP_COUNT = 0, PROCESS_SKIP_COUNT = 0, WRITE_SKIP_COUNT = 0, ROLLBACK_COUNT = 0, LAST_UPDATED = '2026-01-17 20:07:06.552749'
WHERE STEP_EXECUTION_ID = 5 AND VERSION = 0
2026-01-17T11:07:06.558096Z	   81 Query	SELECT VERSION
FROM BATCH_JOB_EXECUTION
WHERE JOB_EXECUTION_ID=5
2026-01-17T11:07:06.562171Z	   81 Query	COMMIT
2026-01-17T11:07:06.568594Z	   81 Query	SET autocommit=1
2026-01-17T11:07:06.589730Z	   81 Query	SET autocommit=0
2026-01-17T11:07:06.592979Z	   81 Query	UPDATE BATCH_STEP_EXECUTION_CONTEXT
SET SHORT_CONTEXT = 'rO0ABXNyABFqYXZhLnV0aWwuSGFzaE1hcAUH2sHDFmDRAwACRgAKbG9hZEZhY3RvckkACXRocmVzaG9sZHhwP0AAAAAAAAx3CAAAABAAAAAEdAAecGF5bWVudFJlcG9ydFJlYWRlci5yZWFkLmNvdW50c3IAEWphdmEubGFuZy5JbnRlZ2VyEuKgpPeBhzgCAAFJAAV2YWx1ZXhyABBqYXZhLmxhbmcuTnVtYmVyhqyVHQuU4IsCAAB4cAAAAAB0ABFiYXRjaC50YXNrbGV0VHlwZXQAPW9yZy5zcHJpbmdmcmFtZXdvcmsuYmF0Y2guY29yZS5zdGVwLml0ZW0uQ2h1bmtPcmllbnRlZFRhc2tsZXR0AA1iYXRjaC52ZXJzaW9udAAFNS4yLjR0AA5iYXRjaC5zdGVwVHlwZXQAN29yZy5zcHJpbmdmcmFtZXdvcmsuYmF0Y2guY29yZS5zdGVwLnRhc2tsZXQuVGFza2xldFN0ZXB4', SERIALIZED_CONTEXT = null
WHERE STEP_EXECUTION_ID = 5
2026-01-17T11:07:06.594791Z	   81 Query	COMMIT
2026-01-17T11:07:06.600853Z	   81 Query	SET autocommit=1
2026-01-17T11:07:06.605329Z	   81 Query	SET autocommit=0
2026-01-17T11:07:06.608197Z	   82 Query	SET autocommit=0
2026-01-17T11:07:06.756967Z	   82 Query	select ps1_0.id,ps1_0.discount_amount,ps1_0.final_amount,ps1_0.original_amount,ps1_0.partner_corp_name,ps1_0.payment_date from payment_source ps1_0 where ps1_0.payment_date='2025-05-01' limit 0,10
2026-01-17T11:07:06.777912Z	   82 Query	COMMIT
2026-01-17T11:07:06.779888Z	   82 Query	SET autocommit=1
2026-01-17T11:07:06.785735Z	   81 Query	ROLLBACK
2026-01-17T11:07:06.787548Z	   81 Query	SET autocommit=1
2026-01-17T11:07:06.789558Z	   81 Query	SET autocommit=0
2026-01-17T11:07:06.791604Z	   81 Query	ROLLBACK
2026-01-17T11:07:06.793218Z	   81 Query	SET autocommit=1
2026-01-17T11:07:06.794754Z	   81 Query	SET autocommit=0
2026-01-17T11:07:06.805209Z	   81 Query	insert into payment (amount,payment_date,status) values (2800.00,'2025-05-01','PAYMENT')
2026-01-17T11:07:06.814130Z	   81 Query	insert into payment (amount,payment_date,status) values (3750.00,'2025-05-01','PAYMENT')
2026-01-17T11:07:06.817137Z	   81 Query	insert into payment (amount,payment_date,status) values (4700.00,'2025-05-01','PAYMENT')
2026-01-17T11:07:06.820621Z	   81 Query	insert into payment (amount,payment_date,status) values (5650.00,'2025-05-01','PAYMENT')
2026-01-17T11:07:06.824923Z	   81 Query	insert into payment (amount,payment_date,status) values (6600.00,'2025-05-01','PAYMENT')
2026-01-17T11:07:06.830597Z	   81 Query	insert into payment (amount,payment_date,status) values (7550.00,'2025-05-01','PAYMENT')
2026-01-17T11:07:06.834430Z	   81 Query	insert into payment (amount,payment_date,status) values (8500.00,'2025-05-01','PAYMENT')
2026-01-17T11:07:06.838809Z	   81 Query	insert into payment (amount,payment_date,status) values (9450.00,'2025-05-01','PAYMENT')
2026-01-17T11:07:06.843927Z	   81 Query	UPDATE BATCH_STEP_EXECUTION_CONTEXT
SET SHORT_CONTEXT = 'rO0ABXNyABFqYXZhLnV0aWwuSGFzaE1hcAUH2sHDFmDRAwACRgAKbG9hZEZhY3RvckkACXRocmVzaG9sZHhwP0AAAAAAAAx3CAAAABAAAAAEdAAecGF5bWVudFJlcG9ydFJlYWRlci5yZWFkLmNvdW50c3IAEWphdmEubGFuZy5JbnRlZ2VyEuKgpPeBhzgCAAFJAAV2YWx1ZXhyABBqYXZhLmxhbmcuTnVtYmVyhqyVHQuU4IsCAAB4cAAAAAp0ABFiYXRjaC50YXNrbGV0VHlwZXQAPW9yZy5zcHJpbmdmcmFtZXdvcmsuYmF0Y2guY29yZS5zdGVwLml0ZW0uQ2h1bmtPcmllbnRlZFRhc2tsZXR0AA1iYXRjaC52ZXJzaW9udAAFNS4yLjR0AA5iYXRjaC5zdGVwVHlwZXQAN29yZy5zcHJpbmdmcmFtZXdvcmsuYmF0Y2guY29yZS5zdGVwLnRhc2tsZXQuVGFza2xldFN0ZXB4', SERIALIZED_CONTEXT = null
WHERE STEP_EXECUTION_ID = 5
2026-01-17T11:07:06.848175Z	   81 Query	UPDATE BATCH_STEP_EXECUTION
SET START_TIME = '2026-01-17 20:07:06.549635', END_TIME = null, STATUS = 'STARTED', COMMIT_COUNT = 1, READ_COUNT = 10, FILTER_COUNT = 0, WRITE_COUNT = 8, EXIT_CODE = 'EXECUTING', EXIT_MESSAGE = '', VERSION = VERSION + 1, READ_SKIP_COUNT = 0, PROCESS_SKIP_COUNT = 2, WRITE_SKIP_COUNT = 0, ROLLBACK_COUNT = 2, LAST_UPDATED = '2026-01-17 20:07:06.846663'
WHERE STEP_EXECUTION_ID = 5 AND VERSION = 1
2026-01-17T11:07:06.850360Z	   81 Query	SELECT VERSION
FROM BATCH_JOB_EXECUTION
WHERE JOB_EXECUTION_ID=5
2026-01-17T11:07:06.852422Z	   81 Query	COMMIT
2026-01-17T11:07:06.858247Z	   81 Query	SET autocommit=1
2026-01-17T11:07:06.861626Z	   81 Query	SET autocommit=0
2026-01-17T11:07:06.864394Z	   82 Query	SET autocommit=0
2026-01-17T11:07:06.867799Z	   82 Query	select ps1_0.id,ps1_0.discount_amount,ps1_0.final_amount,ps1_0.original_amount,ps1_0.partner_corp_name,ps1_0.payment_date from payment_source ps1_0 where ps1_0.payment_date='2025-05-01' limit 10,10
2026-01-17T11:07:06.871646Z	   82 Query	COMMIT
2026-01-17T11:07:06.874142Z	   82 Query	SET autocommit=1
2026-01-17T11:07:06.878808Z	   81 Query	insert into payment (amount,payment_date,status) values (10400.00,'2025-05-01','PAYMENT')
2026-01-17T11:07:06.880958Z	   81 Query	insert into payment (amount,payment_date,status) values (11350.00,'2025-05-01','PAYMENT')
2026-01-17T11:07:06.883742Z	   81 Query	insert into payment (amount,payment_date,status) values (12300.00,'2025-05-01','PAYMENT')
2026-01-17T11:07:06.886433Z	   81 Query	insert into payment (amount,payment_date,status) values (13250.00,'2025-05-01','PAYMENT')
2026-01-17T11:07:06.891104Z	   81 Query	insert into payment (amount,payment_date,status) values (14200.00,'2025-05-01','PAYMENT')
2026-01-17T11:07:06.894468Z	   81 Query	insert into payment (amount,payment_date,status) values (15150.00,'2025-05-01','PAYMENT')
2026-01-17T11:07:06.899425Z	   81 Query	insert into payment (amount,payment_date,status) values (16100.00,'2025-05-01','PAYMENT')
2026-01-17T11:07:06.903439Z	   81 Query	insert into payment (amount,payment_date,status) values (17050.00,'2025-05-01','PAYMENT')
2026-01-17T11:07:06.907445Z	   81 Query	insert into payment (amount,payment_date,status) values (18000.00,'2025-05-01','PAYMENT')
2026-01-17T11:07:06.911226Z	   81 Query	insert into payment (amount,payment_date,status) values (18950.00,'2025-05-01','PAYMENT')
2026-01-17T11:07:06.914221Z	   81 Query	UPDATE BATCH_STEP_EXECUTION_CONTEXT
SET SHORT_CONTEXT = 'rO0ABXNyABFqYXZhLnV0aWwuSGFzaE1hcAUH2sHDFmDRAwACRgAKbG9hZEZhY3RvckkACXRocmVzaG9sZHhwP0AAAAAAAAx3CAAAABAAAAAEdAAecGF5bWVudFJlcG9ydFJlYWRlci5yZWFkLmNvdW50c3IAEWphdmEubGFuZy5JbnRlZ2VyEuKgpPeBhzgCAAFJAAV2YWx1ZXhyABBqYXZhLmxhbmcuTnVtYmVyhqyVHQuU4IsCAAB4cAAAABR0ABFiYXRjaC50YXNrbGV0VHlwZXQAPW9yZy5zcHJpbmdmcmFtZXdvcmsuYmF0Y2guY29yZS5zdGVwLml0ZW0uQ2h1bmtPcmllbnRlZFRhc2tsZXR0AA1iYXRjaC52ZXJzaW9udAAFNS4yLjR0AA5iYXRjaC5zdGVwVHlwZXQAN29yZy5zcHJpbmdmcmFtZXdvcmsuYmF0Y2guY29yZS5zdGVwLnRhc2tsZXQuVGFza2xldFN0ZXB4', SERIALIZED_CONTEXT = null
WHERE STEP_EXECUTION_ID = 5
2026-01-17T11:07:06.917572Z	   81 Query	UPDATE BATCH_STEP_EXECUTION
SET START_TIME = '2026-01-17 20:07:06.549635', END_TIME = null, STATUS = 'STARTED', COMMIT_COUNT = 2, READ_COUNT = 20, FILTER_COUNT = 0, WRITE_COUNT = 18, EXIT_CODE = 'EXECUTING', EXIT_MESSAGE = '', VERSION = VERSION + 1, READ_SKIP_COUNT = 0, PROCESS_SKIP_COUNT = 2, WRITE_SKIP_COUNT = 0, ROLLBACK_COUNT = 2, LAST_UPDATED = '2026-01-17 20:07:06.916183'
WHERE STEP_EXECUTION_ID = 5 AND VERSION = 2
2026-01-17T11:07:06.920380Z	   81 Query	SELECT VERSION
FROM BATCH_JOB_EXECUTION
WHERE JOB_EXECUTION_ID=5
2026-01-17T11:07:06.922767Z	   81 Query	COMMIT
2026-01-17T11:07:06.930938Z	   81 Query	SET autocommit=1
2026-01-17T11:07:06.933459Z	   81 Query	SET autocommit=0
2026-01-17T11:07:06.935651Z	   82 Query	SET autocommit=0
2026-01-17T11:07:06.938550Z	   82 Query	select ps1_0.id,ps1_0.discount_amount,ps1_0.final_amount,ps1_0.original_amount,ps1_0.partner_corp_name,ps1_0.payment_date from payment_source ps1_0 where ps1_0.payment_date='2025-05-01' limit 20,10
2026-01-17T11:07:06.940373Z	   82 Query	COMMIT
2026-01-17T11:07:06.942009Z	   82 Query	SET autocommit=1
2026-01-17T11:07:06.944329Z	   81 Query	UPDATE BATCH_STEP_EXECUTION_CONTEXT
SET SHORT_CONTEXT = 'rO0ABXNyABFqYXZhLnV0aWwuSGFzaE1hcAUH2sHDFmDRAwACRgAKbG9hZEZhY3RvckkACXRocmVzaG9sZHhwP0AAAAAAAAx3CAAAABAAAAAEdAAecGF5bWVudFJlcG9ydFJlYWRlci5yZWFkLmNvdW50c3IAEWphdmEubGFuZy5JbnRlZ2VyEuKgpPeBhzgCAAFJAAV2YWx1ZXhyABBqYXZhLmxhbmcuTnVtYmVyhqyVHQuU4IsCAAB4cAAAABV0ABFiYXRjaC50YXNrbGV0VHlwZXQAPW9yZy5zcHJpbmdmcmFtZXdvcmsuYmF0Y2guY29yZS5zdGVwLml0ZW0uQ2h1bmtPcmllbnRlZFRhc2tsZXR0AA1iYXRjaC52ZXJzaW9udAAFNS4yLjR0AA5iYXRjaC5zdGVwVHlwZXQAN29yZy5zcHJpbmdmcmFtZXdvcmsuYmF0Y2guY29yZS5zdGVwLnRhc2tsZXQuVGFza2xldFN0ZXB4', SERIALIZED_CONTEXT = null
WHERE STEP_EXECUTION_ID = 5
2026-01-17T11:07:06.945879Z	   81 Query	UPDATE BATCH_STEP_EXECUTION
SET START_TIME = '2026-01-17 20:07:06.549635', END_TIME = null, STATUS = 'STARTED', COMMIT_COUNT = 3, READ_COUNT = 20, FILTER_COUNT = 0, WRITE_COUNT = 18, EXIT_CODE = 'EXECUTING', EXIT_MESSAGE = '', VERSION = VERSION + 1, READ_SKIP_COUNT = 0, PROCESS_SKIP_COUNT = 2, WRITE_SKIP_COUNT = 0, ROLLBACK_COUNT = 2, LAST_UPDATED = '2026-01-17 20:07:06.945344'
WHERE STEP_EXECUTION_ID = 5 AND VERSION = 3
2026-01-17T11:07:06.948343Z	   81 Query	SELECT VERSION
FROM BATCH_JOB_EXECUTION
WHERE JOB_EXECUTION_ID=5
2026-01-17T11:07:06.950463Z	   81 Query	COMMIT
2026-01-17T11:07:06.959611Z	   81 Query	SET autocommit=1
2026-01-17T11:07:06.966083Z	   81 Query	SET autocommit=0
2026-01-17T11:07:06.970980Z	   81 Query	UPDATE BATCH_STEP_EXECUTION_CONTEXT
SET SHORT_CONTEXT = 'rO0ABXNyABFqYXZhLnV0aWwuSGFzaE1hcAUH2sHDFmDRAwACRgAKbG9hZEZhY3RvckkACXRocmVzaG9sZHhwP0AAAAAAAAx3CAAAABAAAAAEdAAecGF5bWVudFJlcG9ydFJlYWRlci5yZWFkLmNvdW50c3IAEWphdmEubGFuZy5JbnRlZ2VyEuKgpPeBhzgCAAFJAAV2YWx1ZXhyABBqYXZhLmxhbmcuTnVtYmVyhqyVHQuU4IsCAAB4cAAAABV0ABFiYXRjaC50YXNrbGV0VHlwZXQAPW9yZy5zcHJpbmdmcmFtZXdvcmsuYmF0Y2guY29yZS5zdGVwLml0ZW0uQ2h1bmtPcmllbnRlZFRhc2tsZXR0AA1iYXRjaC52ZXJzaW9udAAFNS4yLjR0AA5iYXRjaC5zdGVwVHlwZXQAN29yZy5zcHJpbmdmcmFtZXdvcmsuYmF0Y2guY29yZS5zdGVwLnRhc2tsZXQuVGFza2xldFN0ZXB4', SERIALIZED_CONTEXT = null
WHERE STEP_EXECUTION_ID = 5
2026-01-17T11:07:06.976680Z	   81 Query	COMMIT
2026-01-17T11:07:06.979084Z	   81 Query	SET autocommit=1
2026-01-17T11:07:06.981768Z	   81 Query	SET autocommit=0
2026-01-17T11:07:06.984892Z	   81 Query	UPDATE BATCH_STEP_EXECUTION
SET START_TIME = '2026-01-17 20:07:06.549635', END_TIME = '2026-01-17 20:07:06.964619', STATUS = 'COMPLETED', COMMIT_COUNT = 3, READ_COUNT = 20, FILTER_COUNT = 0, WRITE_COUNT = 18, EXIT_CODE = 'COMPLETED', EXIT_MESSAGE = '', VERSION = VERSION + 1, READ_SKIP_COUNT = 0, PROCESS_SKIP_COUNT = 2, WRITE_SKIP_COUNT = 0, ROLLBACK_COUNT = 2, LAST_UPDATED = '2026-01-17 20:07:06.983863'
WHERE STEP_EXECUTION_ID = 5 AND VERSION = 4
2026-01-17T11:07:06.988441Z	   81 Query	SELECT VERSION
FROM BATCH_JOB_EXECUTION
WHERE JOB_EXECUTION_ID=5
2026-01-17T11:07:06.992140Z	   81 Query	COMMIT
2026-01-17T11:07:06.998846Z	   81 Query	SET autocommit=1
2026-01-17T11:07:07.003127Z	   82 Query	SET autocommit=0
2026-01-17T11:07:07.006725Z	   82 Query	UPDATE BATCH_JOB_EXECUTION_CONTEXT
SET SHORT_CONTEXT = 'rO0ABXNyABFqYXZhLnV0aWwuSGFzaE1hcAUH2sHDFmDRAwACRgAKbG9hZEZhY3RvckkACXRocmVzaG9sZHhwP0AAAAAAAAx3CAAAABAAAAABdAANYmF0Y2gudmVyc2lvbnQABTUuMi40eA==', SERIALIZED_CONTEXT = null
WHERE JOB_EXECUTION_ID = 5
2026-01-17T11:07:07.012864Z	   82 Query	COMMIT
2026-01-17T11:07:07.018466Z	   82 Query	SET autocommit=1
2026-01-17T11:07:07.024739Z	   82 Query	SET autocommit=0
2026-01-17T11:07:07.027977Z	   82 Query	SELECT VERSION
FROM BATCH_JOB_EXECUTION
WHERE JOB_EXECUTION_ID=5
2026-01-17T11:07:07.031165Z	   82 Query	SELECT COUNT(*)
FROM BATCH_JOB_EXECUTION
WHERE JOB_EXECUTION_ID = 5
2026-01-17T11:07:07.034999Z	   82 Query	UPDATE BATCH_JOB_EXECUTION
SET START_TIME = '2026-01-17 20:07:06.471172', END_TIME = '2026-01-17 20:07:07.022694',  STATUS = 'COMPLETED', EXIT_CODE = 'COMPLETED', EXIT_MESSAGE = '', VERSION = VERSION + 1, CREATE_TIME = '2026-01-17 20:07:06.414062', LAST_UPDATED = '2026-01-17 20:07:07.026977'
WHERE JOB_EXECUTION_ID = 5 AND VERSION = 1
2026-01-17T11:07:07.039457Z	   82 Query	COMMIT
2026-01-17T11:07:07.048901Z	   82 Query	SET autocommit=1
2026-01-17T11:07:07.061495Z	   81 Quit	
2026-01-17T11:07:07.064122Z	   89 Quit	
2026-01-17T11:07:07.063126Z	   83 Quit	
2026-01-17T11:07:07.064534Z	   88 Quit	
2026-01-17T11:07:07.064639Z	   85 Quit	
2026-01-17T11:07:07.064642Z	   86 Quit	
2026-01-17T11:07:07.064643Z	   90 Quit	
2026-01-17T11:07:07.062872Z	   82 Quit	
2026-01-17T11:07:07.064647Z	   87 Quit	
2026-01-17T11:07:07.064658Z	   84 Quit	
2026-01-17T11:07:23.873632Z	   91 Connect	root@172.19.0.1 on spring_batch using TCP/IP
2026-01-17T11:07:23.881078Z	   91 Query	/* mysql-connector-j-9.5.0 (Revision: a7b3c94f50efbddb9f0dd69b3e0d1aaa25305cd6) */SELECT  @@session.auto_increment_increment AS auto_increment_increment, @@character_set_client AS character_set_client, @@character_set_connection AS character_set_connection, @@character_set_results AS character_set_results, @@character_set_server AS character_set_server, @@collation_server AS collation_server, @@collation_connection AS collation_connection, @@init_connect AS init_connect, @@interactive_timeout AS interactive_timeout, @@license AS license, @@lower_case_table_names AS lower_case_table_names, @@max_allowed_packet AS max_allowed_packet, @@net_write_timeout AS net_write_timeout, @@performance_schema AS performance_schema, @@sql_mode AS sql_mode, @@system_time_zone AS system_time_zone, @@time_zone AS time_zone, @@transaction_isolation AS transaction_isolation, @@wait_timeout AS wait_timeout
2026-01-17T11:07:23.888814Z	   91 Query	SET character_set_results = NULL
2026-01-17T11:07:23.893418Z	   91 Query	SET autocommit=1
2026-01-17T11:07:23.898384Z	   91 Query	SELECT @@session.transaction_read_only
2026-01-17T11:07:23.900360Z	   91 Query	SELECT @@session.transaction_isolation
2026-01-17T11:07:24.010574Z	   92 Connect	root@172.19.0.1 on spring_batch using TCP/IP
2026-01-17T11:07:24.013123Z	   92 Query	/* mysql-connector-j-9.5.0 (Revision: a7b3c94f50efbddb9f0dd69b3e0d1aaa25305cd6) */SELECT  @@session.auto_increment_increment AS auto_increment_increment, @@character_set_client AS character_set_client, @@character_set_connection AS character_set_connection, @@character_set_results AS character_set_results, @@character_set_server AS character_set_server, @@collation_server AS collation_server, @@collation_connection AS collation_connection, @@init_connect AS init_connect, @@interactive_timeout AS interactive_timeout, @@license AS license, @@lower_case_table_names AS lower_case_table_names, @@max_allowed_packet AS max_allowed_packet, @@net_write_timeout AS net_write_timeout, @@performance_schema AS performance_schema, @@sql_mode AS sql_mode, @@system_time_zone AS system_time_zone, @@time_zone AS time_zone, @@transaction_isolation AS transaction_isolation, @@wait_timeout AS wait_timeout
2026-01-17T11:07:24.015433Z	   92 Query	SET character_set_results = NULL
2026-01-17T11:07:24.018731Z	   92 Query	SET autocommit=1
2026-01-17T11:07:24.020766Z	   92 Query	SELECT @@session.transaction_read_only
2026-01-17T11:07:24.060951Z	   93 Connect	root@172.19.0.1 on spring_batch using TCP/IP
2026-01-17T11:07:24.062672Z	   93 Query	/* mysql-connector-j-9.5.0 (Revision: a7b3c94f50efbddb9f0dd69b3e0d1aaa25305cd6) */SELECT  @@session.auto_increment_increment AS auto_increment_increment, @@character_set_client AS character_set_client, @@character_set_connection AS character_set_connection, @@character_set_results AS character_set_results, @@character_set_server AS character_set_server, @@collation_server AS collation_server, @@collation_connection AS collation_connection, @@init_connect AS init_connect, @@interactive_timeout AS interactive_timeout, @@license AS license, @@lower_case_table_names AS lower_case_table_names, @@max_allowed_packet AS max_allowed_packet, @@net_write_timeout AS net_write_timeout, @@performance_schema AS performance_schema, @@sql_mode AS sql_mode, @@system_time_zone AS system_time_zone, @@time_zone AS time_zone, @@transaction_isolation AS transaction_isolation, @@wait_timeout AS wait_timeout
2026-01-17T11:07:24.064631Z	   93 Query	SET character_set_results = NULL
2026-01-17T11:07:24.065759Z	   93 Query	SET autocommit=1
2026-01-17T11:07:24.066918Z	   93 Query	SELECT @@session.transaction_read_only
2026-01-17T11:07:24.108883Z	   94 Connect	root@172.19.0.1 on spring_batch using TCP/IP
2026-01-17T11:07:24.111676Z	   94 Query	/* mysql-connector-j-9.5.0 (Revision: a7b3c94f50efbddb9f0dd69b3e0d1aaa25305cd6) */SELECT  @@session.auto_increment_increment AS auto_increment_increment, @@character_set_client AS character_set_client, @@character_set_connection AS character_set_connection, @@character_set_results AS character_set_results, @@character_set_server AS character_set_server, @@collation_server AS collation_server, @@collation_connection AS collation_connection, @@init_connect AS init_connect, @@interactive_timeout AS interactive_timeout, @@license AS license, @@lower_case_table_names AS lower_case_table_names, @@max_allowed_packet AS max_allowed_packet, @@net_write_timeout AS net_write_timeout, @@performance_schema AS performance_schema, @@sql_mode AS sql_mode, @@system_time_zone AS system_time_zone, @@time_zone AS time_zone, @@transaction_isolation AS transaction_isolation, @@wait_timeout AS wait_timeout
2026-01-17T11:07:24.114412Z	   94 Query	SET character_set_results = NULL
2026-01-17T11:07:24.117156Z	   94 Query	SET autocommit=1
2026-01-17T11:07:24.119428Z	   94 Query	SELECT @@session.transaction_read_only
2026-01-17T11:07:24.129803Z	   91 Query	SELECT WORD FROM INFORMATION_SCHEMA.KEYWORDS WHERE RESERVED = 1 ORDER BY WORD
2026-01-17T11:07:24.160829Z	   95 Connect	root@172.19.0.1 on spring_batch using TCP/IP
2026-01-17T11:07:24.162704Z	   95 Query	/* mysql-connector-j-9.5.0 (Revision: a7b3c94f50efbddb9f0dd69b3e0d1aaa25305cd6) */SELECT  @@session.auto_increment_increment AS auto_increment_increment, @@character_set_client AS character_set_client, @@character_set_connection AS character_set_connection, @@character_set_results AS character_set_results, @@character_set_server AS character_set_server, @@collation_server AS collation_server, @@collation_connection AS collation_connection, @@init_connect AS init_connect, @@interactive_timeout AS interactive_timeout, @@license AS license, @@lower_case_table_names AS lower_case_table_names, @@max_allowed_packet AS max_allowed_packet, @@net_write_timeout AS net_write_timeout, @@performance_schema AS performance_schema, @@sql_mode AS sql_mode, @@system_time_zone AS system_time_zone, @@time_zone AS time_zone, @@transaction_isolation AS transaction_isolation, @@wait_timeout AS wait_timeout
2026-01-17T11:07:24.163307Z	   91 Query	SELECT @@character_set_database, @@sql_mode
2026-01-17T11:07:24.164669Z	   95 Query	SET character_set_results = NULL
2026-01-17T11:07:24.166237Z	   95 Query	SET autocommit=1
2026-01-17T11:07:24.167218Z	   95 Query	SELECT @@session.transaction_read_only
2026-01-17T11:07:24.207833Z	   96 Connect	root@172.19.0.1 on spring_batch using TCP/IP
2026-01-17T11:07:24.210691Z	   96 Query	/* mysql-connector-j-9.5.0 (Revision: a7b3c94f50efbddb9f0dd69b3e0d1aaa25305cd6) */SELECT  @@session.auto_increment_increment AS auto_increment_increment, @@character_set_client AS character_set_client, @@character_set_connection AS character_set_connection, @@character_set_results AS character_set_results, @@character_set_server AS character_set_server, @@collation_server AS collation_server, @@collation_connection AS collation_connection, @@init_connect AS init_connect, @@interactive_timeout AS interactive_timeout, @@license AS license, @@lower_case_table_names AS lower_case_table_names, @@max_allowed_packet AS max_allowed_packet, @@net_write_timeout AS net_write_timeout, @@performance_schema AS performance_schema, @@sql_mode AS sql_mode, @@system_time_zone AS system_time_zone, @@time_zone AS time_zone, @@transaction_isolation AS transaction_isolation, @@wait_timeout AS wait_timeout
2026-01-17T11:07:24.214823Z	   96 Query	SET character_set_results = NULL
2026-01-17T11:07:24.218376Z	   96 Query	SET autocommit=1
2026-01-17T11:07:24.221142Z	   96 Query	SELECT @@session.transaction_read_only
2026-01-17T11:07:24.258518Z	   97 Connect	root@172.19.0.1 on spring_batch using TCP/IP
2026-01-17T11:07:24.260429Z	   97 Query	/* mysql-connector-j-9.5.0 (Revision: a7b3c94f50efbddb9f0dd69b3e0d1aaa25305cd6) */SELECT  @@session.auto_increment_increment AS auto_increment_increment, @@character_set_client AS character_set_client, @@character_set_connection AS character_set_connection, @@character_set_results AS character_set_results, @@character_set_server AS character_set_server, @@collation_server AS collation_server, @@collation_connection AS collation_connection, @@init_connect AS init_connect, @@interactive_timeout AS interactive_timeout, @@license AS license, @@lower_case_table_names AS lower_case_table_names, @@max_allowed_packet AS max_allowed_packet, @@net_write_timeout AS net_write_timeout, @@performance_schema AS performance_schema, @@sql_mode AS sql_mode, @@system_time_zone AS system_time_zone, @@time_zone AS time_zone, @@transaction_isolation AS transaction_isolation, @@wait_timeout AS wait_timeout
2026-01-17T11:07:24.262443Z	   97 Query	SET character_set_results = NULL
2026-01-17T11:07:24.264008Z	   97 Query	SET autocommit=1
2026-01-17T11:07:24.265919Z	   97 Query	SELECT @@session.transaction_read_only
2026-01-17T11:07:24.305999Z	   98 Connect	root@172.19.0.1 on spring_batch using TCP/IP
2026-01-17T11:07:24.309431Z	   98 Query	/* mysql-connector-j-9.5.0 (Revision: a7b3c94f50efbddb9f0dd69b3e0d1aaa25305cd6) */SELECT  @@session.auto_increment_increment AS auto_increment_increment, @@character_set_client AS character_set_client, @@character_set_connection AS character_set_connection, @@character_set_results AS character_set_results, @@character_set_server AS character_set_server, @@collation_server AS collation_server, @@collation_connection AS collation_connection, @@init_connect AS init_connect, @@interactive_timeout AS interactive_timeout, @@license AS license, @@lower_case_table_names AS lower_case_table_names, @@max_allowed_packet AS max_allowed_packet, @@net_write_timeout AS net_write_timeout, @@performance_schema AS performance_schema, @@sql_mode AS sql_mode, @@system_time_zone AS system_time_zone, @@time_zone AS time_zone, @@transaction_isolation AS transaction_isolation, @@wait_timeout AS wait_timeout
2026-01-17T11:07:24.313306Z	   98 Query	SET character_set_results = NULL
2026-01-17T11:07:24.316743Z	   98 Query	SET autocommit=1
2026-01-17T11:07:24.319912Z	   98 Query	SELECT @@session.transaction_read_only
2026-01-17T11:07:24.362546Z	   99 Connect	root@172.19.0.1 on spring_batch using TCP/IP
2026-01-17T11:07:24.364619Z	   99 Query	/* mysql-connector-j-9.5.0 (Revision: a7b3c94f50efbddb9f0dd69b3e0d1aaa25305cd6) */SELECT  @@session.auto_increment_increment AS auto_increment_increment, @@character_set_client AS character_set_client, @@character_set_connection AS character_set_connection, @@character_set_results AS character_set_results, @@character_set_server AS character_set_server, @@collation_server AS collation_server, @@collation_connection AS collation_connection, @@init_connect AS init_connect, @@interactive_timeout AS interactive_timeout, @@license AS license, @@lower_case_table_names AS lower_case_table_names, @@max_allowed_packet AS max_allowed_packet, @@net_write_timeout AS net_write_timeout, @@performance_schema AS performance_schema, @@sql_mode AS sql_mode, @@system_time_zone AS system_time_zone, @@time_zone AS time_zone, @@transaction_isolation AS transaction_isolation, @@wait_timeout AS wait_timeout
2026-01-17T11:07:24.370401Z	   99 Query	SET character_set_results = NULL
2026-01-17T11:07:24.373462Z	   99 Query	SET autocommit=1
2026-01-17T11:07:24.376751Z	   99 Query	SELECT @@session.transaction_read_only
2026-01-17T11:07:24.417435Z	  100 Connect	root@172.19.0.1 on spring_batch using TCP/IP
2026-01-17T11:07:24.420816Z	  100 Query	/* mysql-connector-j-9.5.0 (Revision: a7b3c94f50efbddb9f0dd69b3e0d1aaa25305cd6) */SELECT  @@session.auto_increment_increment AS auto_increment_increment, @@character_set_client AS character_set_client, @@character_set_connection AS character_set_connection, @@character_set_results AS character_set_results, @@character_set_server AS character_set_server, @@collation_server AS collation_server, @@collation_connection AS collation_connection, @@init_connect AS init_connect, @@interactive_timeout AS interactive_timeout, @@license AS license, @@lower_case_table_names AS lower_case_table_names, @@max_allowed_packet AS max_allowed_packet, @@net_write_timeout AS net_write_timeout, @@performance_schema AS performance_schema, @@sql_mode AS sql_mode, @@system_time_zone AS system_time_zone, @@time_zone AS time_zone, @@transaction_isolation AS transaction_isolation, @@wait_timeout AS wait_timeout
2026-01-17T11:07:24.424555Z	  100 Query	SET character_set_results = NULL
2026-01-17T11:07:24.427740Z	  100 Query	SET autocommit=1
2026-01-17T11:07:24.429650Z	  100 Query	SELECT @@session.transaction_read_only
2026-01-17T11:07:24.629364Z	   91 Query	SELECT TABLE_SCHEMA AS TABLE_CAT, NULL AS TABLE_SCHEM, TABLE_NAME, CASE WHEN TABLE_TYPE = 'BASE TABLE' THEN CASE WHEN TABLE_SCHEMA = 'mysql' OR TABLE_SCHEMA = 'performance_schema' OR TABLE_SCHEMA = 'sys' THEN 'SYSTEM TABLE' ELSE 'TABLE' END WHEN TABLE_TYPE = 'TEMPORARY' THEN 'LOCAL_TEMPORARY' ELSE TABLE_TYPE END AS TABLE_TYPE, TABLE_COMMENT AS REMARKS, NULL AS TYPE_CAT, NULL AS TYPE_SCHEM, NULL AS TYPE_NAME, NULL AS SELF_REFERENCING_COL_NAME, NULL AS REF_GENERATION FROM INFORMATION_SCHEMA.TABLES WHERE TABLE_SCHEMA = 'spring_batch' AND TABLE_NAME LIKE '%' HAVING TABLE_TYPE IN ('TABLE','VIEW',null,null,null) ORDER BY TABLE_TYPE, TABLE_SCHEMA, TABLE_NAME
2026-01-17T11:07:24.634096Z	   91 Query	SELECT DEFAULT_COLLATION_NAME FROM INFORMATION_SCHEMA.SCHEMATA WHERE SCHEMA_NAME = 'information_schema'
2026-01-17T11:07:24.639221Z	   91 Query	SELECT TABLE_SCHEMA, NULL, TABLE_NAME, COLUMN_NAME, CASE WHEN UPPER(DATA_TYPE) = 'DECIMAL' THEN 3 WHEN UPPER(DATA_TYPE) = 'DECIMAL UNSIGNED' THEN 3 WHEN UPPER(DATA_TYPE) = 'TINYINT' THEN IF(LOCATE('ZEROFILL', UPPER(COLUMN_TYPE)) = 0 AND LOCATE('UNSIGNED', UPPER(COLUMN_TYPE)) = 0 AND LOCATE('(1)', COLUMN_TYPE) != 0, -7, -6) WHEN UPPER(DATA_TYPE) = 'TINYINT UNSIGNED' THEN IF(LOCATE('ZEROFILL', UPPER(COLUMN_TYPE)) = 0 AND LOCATE('UNSIGNED', UPPER(COLUMN_TYPE)) = 0 AND LOCATE('(1)', COLUMN_TYPE) != 0, -7, -6) WHEN UPPER(DATA_TYPE) = 'BOOLEAN' THEN 16 WHEN UPPER(DATA_TYPE) = 'SMALLINT' THEN 5 WHEN UPPER(DATA_TYPE) = 'SMALLINT UNSIGNED' THEN 5 WHEN UPPER(DATA_TYPE) = 'INT' THEN 4 WHEN UPPER(DATA_TYPE) = 'INT UNSIGNED' THEN 4 WHEN UPPER(DATA_TYPE) = 'FLOAT' THEN 7 WHEN UPPER(DATA_TYPE) = 'FLOAT UNSIGNED' THEN 7 WHEN UPPER(DATA_TYPE) = 'DOUBLE' THEN 8 WHEN UPPER(DATA_TYPE) = 'DOUBLE UNSIGNED' THEN 8 WHEN UPPER(DATA_TYPE) = 'NULL' THEN 0 WHEN UPPER(DATA_TYPE) = 'TIMESTAMP' THEN 93 WHEN UPPER(DATA_TYPE) = 'BIGINT' THEN -5 WHEN UPPER(DATA_TYPE) = 'BIGINT UNSIGNED' THEN -5 WHEN UPPER(DATA_TYPE) = 'MEDIUMINT' THEN 4 WHEN UPPER(DATA_TYPE) = 'MEDIUMINT UNSIGNED' THEN 4 WHEN UPPER(DATA_TYPE) = 'DATE' THEN 91 WHEN UPPER(DATA_TYPE) = 'TIME' THEN 92 WHEN UPPER(DATA_TYPE) = 'DATETIME' THEN 93 WHEN UPPER(DATA_TYPE) = 'YEAR' THEN 91 WHEN UPPER(DATA_TYPE) = 'VARCHAR' THEN 12 WHEN UPPER(DATA_TYPE) = 'VARBINARY' THEN -3 WHEN UPPER(DATA_TYPE) = 'BIT' THEN -7 WHEN UPPER(DATA_TYPE) = 'JSON' THEN -1 WHEN UPPER(DATA_TYPE) = 'ENUM' THEN 1 WHEN UPPER(DATA_TYPE) = 'SET' THEN 1 WHEN UPPER(DATA_TYPE) = 'TINYBLOB' THEN -3 WHEN UPPER(DATA_TYPE) = 'TINYTEXT' THEN 12 WHEN UPPER(DATA_TYPE) = 'MEDIUMBLOB' THEN -4 WHEN UPPER(DATA_TYPE) = 'MEDIUMTEXT' THEN -1 WHEN UPPER(DATA_TYPE) = 'LONGBLOB' THEN -4 WHEN UPPER(DATA_TYPE) = 'LONGTEXT' THEN -1 WHEN UPPER(DATA_TYPE) = 'BLOB' THEN -4 WHEN UPPER(DATA_TYPE) = 'TEXT' THEN -1 WHEN UPPER(DATA_TYPE) = 'CHAR' THEN 1 WHEN UPPER(DATA_TYPE) = 'BINARY' THEN -2 WHEN UPPER(DATA_TYPE) = 'GEOMETRY' THEN -2 WHEN UPPER(DATA_TYPE) = 'VECTOR' THEN -4 WHEN UPPER(DATA_TYPE) = 'UNKNOWN' THEN 1111 WHEN UPPER(DATA_TYPE) = 'POINT' THEN -2 WHEN UPPER(DATA_TYPE) = 'LINESTRING' THEN -2 WHEN UPPER(DATA_TYPE) = 'POLYGON' THEN -2 WHEN UPPER(DATA_TYPE) = 'MULTIPOINT' THEN -2 WHEN UPPER(DATA_TYPE) = 'MULTILINESTRING' THEN -2 WHEN UPPER(DATA_TYPE) = 'MULTIPOLYGON' THEN -2 WHEN UPPER(DATA_TYPE) = 'GEOMETRYCOLLECTION' THEN -2 WHEN UPPER(DATA_TYPE) = 'GEOMCOLLECTION' THEN -2 ELSE 1111 END AS DATA_TYPE, UPPER(CASE WHEN UPPER(DATA_TYPE) = 'TINYINT' THEN CASE WHEN LOCATE('ZEROFILL', UPPER(COLUMN_TYPE)) = 0 AND LOCATE('UNSIGNED', UPPER(COLUMN_TYPE)) = 0 AND LOCATE('(1)', COLUMN_TYPE) != 0 THEN 'BIT' WHEN LOCATE('UNSIGNED', UPPER(COLUMN_TYPE)) != 0 AND LOCATE('UNSIGNED', UPPER(DATA_TYPE)) = 0 THEN 'TINYINT UNSIGNED' ELSE DATA_TYPE END WHEN LOCATE('UNSIGNED', UPPER(COLUMN_TYPE)) != 0 AND LOCATE('UNSIGNED', UPPER(DATA_TYPE)) = 0 AND LOCATE('SET', UPPER(DATA_TYPE)) <> 1 AND LOCATE('ENUM', UPPER(DATA_TYPE)) <> 1 THEN CONCAT(DATA_TYPE, ' UNSIGNED') WHEN UPPER(DATA_TYPE) = 'POINT' THEN 'GEOMETRY' WHEN UPPER(DATA_TYPE) = 'LINESTRING' THEN 'GEOMETRY' WHEN UPPER(DATA_TYPE) = 'POLYGON' THEN 'GEOMETRY' WHEN UPPER(DATA_TYPE) = 'MULTIPOINT' THEN 'GEOMETRY' WHEN UPPER(DATA_TYPE) = 'MULTILINESTRING' THEN 'GEOMETRY' WHEN UPPER(DATA_TYPE) = 'MULTIPOLYGON' THEN 'GEOMETRY' WHEN UPPER(DATA_TYPE) = 'GEOMETRYCOLLECTION' THEN 'GEOMETRY' WHEN UPPER(DATA_TYPE) = 'GEOMCOLLECTION' THEN 'GEOMETRY' ELSE UPPER(DATA_TYPE) END) AS TYPE_NAME, UPPER(CASE WHEN UPPER(DATA_TYPE) = 'YEAR' THEN 4 WHEN UPPER(DATA_TYPE) = 'DATE' THEN 10 WHEN UPPER(DATA_TYPE) = 'DATETIME' OR UPPER(DATA_TYPE) = 'TIMESTAMP' THEN 19 + IF(DATETIME_PRECISION > 0, DATETIME_PRECISION + 1, DATETIME_PRECISION) WHEN UPPER(DATA_TYPE) = 'TIME' THEN 8 + IF(DATETIME_PRECISION > 0, DATETIME_PRECISION + 1, DATETIME_PRECISION) WHEN UPPER(DATA_TYPE) = 'TINYINT' AND LOCATE('ZEROFILL', UPPER(COLUMN_TYPE)) = 0 AND LOCATE('UNSIGNED', UPPER(COLUMN_TYPE)) = 0 AND LOCATE('(1)', COLUMN_TYPE) != 0 THEN 1 WHEN UPPER(DATA_TYPE) = 'MEDIUMINT' AND LOCATE('UNSIGNED', UPPER(COLUMN_TYPE)) != 0 THEN 8 WHEN UPPER(DATA_TYPE) = 'JSON' THEN 1073741824 WHEN UPPER(DATA_TYPE) = 'GEOMETRY' THEN 65535 WHEN UPPER(DATA_TYPE) = 'POINT' THEN 65535 WHEN UPPER(DATA_TYPE) = 'LINESTRING' THEN 65535 WHEN UPPER(DATA_TYPE) = 'POLYGON' THEN 65535 WHEN UPPER(DATA_TYPE) = 'MULTIPOINT' THEN 65535 WHEN UPPER(DATA_TYPE) = 'MULTILINESTRING' THEN 65535 WHEN UPPER(DATA_TYPE) = 'MULTIPOLYGON' THEN 65535 WHEN UPPER(DATA_TYPE) = 'GEOMETRYCOLLECTION' THEN 65535 WHEN UPPER(DATA_TYPE) = 'GEOMCOLLECTION' THEN 65535 WHEN CHARACTER_MAXIMUM_LENGTH IS NULL THEN NUMERIC_PRECISION WHEN CHARACTER_MAXIMUM_LENGTH > 2147483647 THEN 2147483647 ELSE CHARACTER_MAXIMUM_LENGTH END) AS COLUMN_SIZE, 65535 AS BUFFER_LENGTH, UPPER(CASE WHEN UPPER(DATA_TYPE) = 'DECIMAL' THEN NUMERIC_SCALE WHEN UPPER(DATA_TYPE) = 'FLOAT' OR UPPER(DATA_TYPE) = 'DOUBLE' THEN IF(NUMERIC_SCALE IS NULL, 0, NUMERIC_SCALE) ELSE NULL END) AS DECIMAL_DIGITS, 10 AS NUM_PREC_RADIX, CASE WHEN IS_NULLABLE COLLATE utf8mb3_general_ci= 'NO' THEN 0 ELSE CASE WHEN IS_NULLABLE COLLATE utf8mb3_general_ci= 'YES' THEN 1 ELSE 2 END END AS NULLABLE, COLUMN_COMMENT AS REMARKS, COLUMN_DEFAULT AS COLUMN_DEF, 0 AS SQL_DATA_TYPE, 0 AS SQL_DATETIME_SUB, CASE WHEN CHARACTER_OCTET_LENGTH > 2147483647 THEN 2147483647 ELSE CHARACTER_OCTET_LENGTH END AS CHAR_OCTET_LENGTH, ORDINAL_POSITION, IS_NULLABLE, NULL AS SCOPE_CATALOG, NULL AS SCOPE_SCHEMA, NULL AS SCOPE_TABLE, NULL AS SOURCE_DATA_TYPE, IF (EXTRA COLLATE utf8mb3_general_ci LIKE '%auto_increment%','YES','NO') AS IS_AUTOINCREMENT, IF (EXTRA COLLATE utf8mb3_general_ci LIKE  '%GENERATED%','YES','NO') AS IS_GENERATEDCOLUMN FROM INFORMATION_SCHEMA.COLUMNS WHERE TABLE_SCHEMA = 'spring_batch' AND COLUMN_NAME LIKE '%' ORDER BY TABLE_SCHEMA, TABLE_NAME, ORDINAL_POSITION
2026-01-17T11:07:24.900275Z	   91 Query	SET autocommit=0
2026-01-17T11:07:24.906872Z	   91 Query	SELECT JOB_INSTANCE_ID, JOB_NAME
FROM BATCH_JOB_INSTANCE
WHERE JOB_NAME = 'paymentReportJob'
 AND JOB_KEY = '707ec73dd12b0f41282c25fa41873735'
2026-01-17T11:07:24.909222Z	   91 Query	COMMIT
2026-01-17T11:07:24.910665Z	   91 Query	SET autocommit=1
2026-01-17T11:07:24.913238Z	   91 Query	SELECT JOB_INSTANCE_ID, JOB_NAME
FROM BATCH_JOB_INSTANCE I1
WHERE I1.JOB_NAME = 'paymentReportJob' AND I1.JOB_INSTANCE_ID = (SELECT MAX(I2.JOB_INSTANCE_ID) FROM BATCH_JOB_INSTANCE I2 WHERE I2.JOB_NAME = 'paymentReportJob')
2026-01-17T11:07:24.916301Z	   91 Query	SELECT JOB_EXECUTION_ID, START_TIME, END_TIME, STATUS, EXIT_CODE, EXIT_MESSAGE, CREATE_TIME, LAST_UPDATED, VERSION
FROM BATCH_JOB_EXECUTION
 WHERE JOB_INSTANCE_ID = 5 AND JOB_EXECUTION_ID IN (SELECT MAX(JOB_EXECUTION_ID) FROM BATCH_JOB_EXECUTION E2 WHERE E2.JOB_INSTANCE_ID = 5)
2026-01-17T11:07:24.918411Z	   91 Query	SELECT JOB_EXECUTION_ID, PARAMETER_NAME, PARAMETER_TYPE, PARAMETER_VALUE, IDENTIFYING
FROM BATCH_JOB_EXECUTION_PARAMS
WHERE JOB_EXECUTION_ID = 5
2026-01-17T11:07:24.921701Z	   91 Query	SELECT JI.JOB_INSTANCE_ID, JOB_NAME, JOB_KEY, JI.VERSION
FROM BATCH_JOB_INSTANCE JI, BATCH_JOB_EXECUTION JE
WHERE JOB_EXECUTION_ID = 5 AND JI.JOB_INSTANCE_ID = JE.JOB_INSTANCE_ID
2026-01-17T11:07:24.925455Z	   91 Query	SELECT STEP_EXECUTION_ID, STEP_NAME, START_TIME, END_TIME, STATUS, COMMIT_COUNT, READ_COUNT, FILTER_COUNT, WRITE_COUNT, EXIT_CODE, EXIT_MESSAGE, READ_SKIP_COUNT, WRITE_SKIP_COUNT, PROCESS_SKIP_COUNT, ROLLBACK_COUNT, LAST_UPDATED, VERSION, CREATE_TIME
FROM BATCH_STEP_EXECUTION
 WHERE JOB_EXECUTION_ID = 5 ORDER BY STEP_EXECUTION_ID
2026-01-17T11:07:24.927853Z	   91 Query	SELECT SHORT_CONTEXT, SERIALIZED_CONTEXT
FROM BATCH_JOB_EXECUTION_CONTEXT
WHERE JOB_EXECUTION_ID = 5
2026-01-17T11:07:24.930389Z	   91 Query	SELECT SHORT_CONTEXT, SERIALIZED_CONTEXT
FROM BATCH_STEP_EXECUTION_CONTEXT
WHERE STEP_EXECUTION_ID = 5
2026-01-17T11:07:24.933453Z	   91 Query	SELECT @@session.transaction_isolation
2026-01-17T11:07:24.934882Z	   91 Query	SET SESSION TRANSACTION ISOLATION LEVEL SERIALIZABLE
2026-01-17T11:07:24.936492Z	   91 Query	SET autocommit=0
2026-01-17T11:07:24.938448Z	   91 Query	SELECT JOB_INSTANCE_ID, JOB_NAME
FROM BATCH_JOB_INSTANCE
WHERE JOB_NAME = 'paymentReportJob'
 AND JOB_KEY = '23771c3a099682ce896b07cfdbc656f4'
2026-01-17T11:07:24.939821Z	   91 Query	COMMIT
2026-01-17T11:07:24.941176Z	   91 Query	SET autocommit=1
2026-01-17T11:07:24.942243Z	   91 Query	SET SESSION TRANSACTION ISOLATION LEVEL REPEATABLE READ
2026-01-17T11:07:24.943401Z	   91 Query	SELECT @@session.transaction_isolation
2026-01-17T11:07:24.944942Z	   91 Query	SET SESSION TRANSACTION ISOLATION LEVEL SERIALIZABLE
2026-01-17T11:07:24.946674Z	   91 Query	SET autocommit=0
2026-01-17T11:07:24.948111Z	   91 Query	SELECT JOB_INSTANCE_ID, JOB_NAME
FROM BATCH_JOB_INSTANCE
WHERE JOB_NAME = 'paymentReportJob'
 AND JOB_KEY = '23771c3a099682ce896b07cfdbc656f4'
2026-01-17T11:07:24.949721Z	   91 Query	SELECT JOB_INSTANCE_ID, JOB_NAME
FROM BATCH_JOB_INSTANCE
WHERE JOB_NAME = 'paymentReportJob'
 AND JOB_KEY = '23771c3a099682ce896b07cfdbc656f4'
2026-01-17T11:07:24.951973Z	   92 Query	SET autocommit=0
2026-01-17T11:07:24.954825Z	   92 Query	update BATCH_JOB_SEQ set ID = last_insert_id(ID + 1) limit 1
2026-01-17T11:07:24.958066Z	   92 Query	select last_insert_id()
2026-01-17T11:07:24.959394Z	   92 Query	COMMIT
2026-01-17T11:07:24.962164Z	   92 Query	SET autocommit=1
2026-01-17T11:07:24.965564Z	   91 Query	INSERT INTO BATCH_JOB_INSTANCE(JOB_INSTANCE_ID, JOB_NAME, JOB_KEY, VERSION)
	VALUES (6, 'paymentReportJob', '23771c3a099682ce896b07cfdbc656f4', 0)
2026-01-17T11:07:24.968325Z	   92 Query	SET autocommit=0
2026-01-17T11:07:24.971935Z	   92 Query	update BATCH_JOB_EXECUTION_SEQ set ID = last_insert_id(ID + 1) limit 1
2026-01-17T11:07:24.975395Z	   92 Query	select last_insert_id()
2026-01-17T11:07:24.977246Z	   92 Query	COMMIT
2026-01-17T11:07:24.982707Z	   92 Query	SET autocommit=1
2026-01-17T11:07:24.992755Z	   91 Query	INSERT INTO BATCH_JOB_EXECUTION(JOB_EXECUTION_ID, JOB_INSTANCE_ID, START_TIME, END_TIME, STATUS, EXIT_CODE, EXIT_MESSAGE, VERSION, CREATE_TIME, LAST_UPDATED)
	VALUES (6, 6, null, null, 'STARTING', 'UNKNOWN', '', 0, '2026-01-17 20:07:24.966926', '2026-01-17 20:07:24.966941')
2026-01-17T11:07:24.997407Z	   91 Query	SELECT @@session.transaction_read_only
2026-01-17T11:07:25.000742Z	   91 Query	INSERT INTO BATCH_JOB_EXECUTION_PARAMS(JOB_EXECUTION_ID, PARAMETER_NAME, PARAMETER_TYPE, PARAMETER_VALUE, IDENTIFYING)
	VALUES (6, 'paymentDate', 'java.lang.String', '2025-05-01', 'Y')
2026-01-17T11:07:25.003173Z	   91 Query	INSERT INTO BATCH_JOB_EXECUTION_PARAMS(JOB_EXECUTION_ID, PARAMETER_NAME, PARAMETER_TYPE, PARAMETER_VALUE, IDENTIFYING)
	VALUES (6, 'run.id', 'java.lang.Long', '6', 'Y')
2026-01-17T11:07:25.006706Z	   91 Query	INSERT INTO BATCH_JOB_EXECUTION_CONTEXT (SHORT_CONTEXT, SERIALIZED_CONTEXT, JOB_EXECUTION_ID)
	VALUES('rO0ABXNyABFqYXZhLnV0aWwuSGFzaE1hcAUH2sHDFmDRAwACRgAKbG9hZEZhY3RvckkACXRocmVzaG9sZHhwP0AAAAAAAAB3CAAAABAAAAAAeA==', null, 6)
2026-01-17T11:07:25.008714Z	   91 Query	COMMIT
2026-01-17T11:07:25.016847Z	   91 Query	SET autocommit=1
2026-01-17T11:07:25.019688Z	   91 Query	SET SESSION TRANSACTION ISOLATION LEVEL REPEATABLE READ
2026-01-17T11:07:25.026980Z	   91 Query	SET autocommit=0
2026-01-17T11:07:25.029325Z	   91 Query	SELECT VERSION
FROM BATCH_JOB_EXECUTION
WHERE JOB_EXECUTION_ID=6
2026-01-17T11:07:25.031479Z	   91 Query	SELECT COUNT(*)
FROM BATCH_JOB_EXECUTION
WHERE JOB_EXECUTION_ID = 6
2026-01-17T11:07:25.033393Z	   91 Query	UPDATE BATCH_JOB_EXECUTION
SET START_TIME = '2026-01-17 20:07:25.025538', END_TIME = null,  STATUS = 'STARTED', EXIT_CODE = 'UNKNOWN', EXIT_MESSAGE = '', VERSION = VERSION + 1, CREATE_TIME = '2026-01-17 20:07:24.966926', LAST_UPDATED = '2026-01-17 20:07:25.0278'
WHERE JOB_EXECUTION_ID = 6 AND VERSION = 0
2026-01-17T11:07:25.035037Z	   91 Query	COMMIT
2026-01-17T11:07:25.041738Z	   91 Query	SET autocommit=1
2026-01-17T11:07:25.044828Z	   91 Query	SET autocommit=0
2026-01-17T11:07:25.049233Z	   91 Query	SELECT SE.STEP_EXECUTION_ID, SE.STEP_NAME, SE.START_TIME, SE.END_TIME, SE.STATUS, SE.COMMIT_COUNT, SE.READ_COUNT, SE.FILTER_COUNT, SE.WRITE_COUNT, SE.EXIT_CODE, SE.EXIT_MESSAGE, SE.READ_SKIP_COUNT, SE.WRITE_SKIP_COUNT, SE.PROCESS_SKIP_COUNT, SE.ROLLBACK_COUNT, SE.LAST_UPDATED, SE.VERSION, SE.CREATE_TIME, JE.JOB_EXECUTION_ID, JE.START_TIME, JE.END_TIME, JE.STATUS, JE.EXIT_CODE, JE.EXIT_MESSAGE, JE.CREATE_TIME, JE.LAST_UPDATED, JE.VERSION
FROM BATCH_JOB_EXECUTION JE
	JOIN BATCH_STEP_EXECUTION SE ON SE.JOB_EXECUTION_ID = JE.JOB_EXECUTION_ID
WHERE JE.JOB_INSTANCE_ID = 6 AND SE.STEP_NAME = 'paymentReportStep'
2026-01-17T11:07:25.051471Z	   91 Query	COMMIT
2026-01-17T11:07:25.054419Z	   91 Query	SET autocommit=1
2026-01-17T11:07:25.056054Z	   91 Query	SET autocommit=0
2026-01-17T11:07:25.059090Z	   91 Query	SELECT COUNT(*)
FROM BATCH_JOB_EXECUTION JE
	JOIN BATCH_STEP_EXECUTION SE ON SE.JOB_EXECUTION_ID = JE.JOB_EXECUTION_ID
WHERE JE.JOB_INSTANCE_ID = 6 AND SE.STEP_NAME = 'paymentReportStep'
2026-01-17T11:07:25.061264Z	   91 Query	COMMIT
2026-01-17T11:07:25.062393Z	   91 Query	SET autocommit=1
2026-01-17T11:07:25.063682Z	   91 Query	SET autocommit=0
2026-01-17T11:07:25.065337Z	   92 Query	SET autocommit=0
2026-01-17T11:07:25.066681Z	   92 Query	update BATCH_STEP_EXECUTION_SEQ set ID = last_insert_id(ID + 1) limit 1
2026-01-17T11:07:25.067820Z	   92 Query	select last_insert_id()
2026-01-17T11:07:25.069403Z	   92 Query	COMMIT
2026-01-17T11:07:25.076810Z	   92 Query	SET autocommit=1
2026-01-17T11:07:25.079362Z	   91 Query	INSERT INTO BATCH_STEP_EXECUTION(STEP_EXECUTION_ID, VERSION, STEP_NAME, JOB_EXECUTION_ID, START_TIME, END_TIME, STATUS, COMMIT_COUNT, READ_COUNT, FILTER_COUNT, WRITE_COUNT, EXIT_CODE, EXIT_MESSAGE, READ_SKIP_COUNT, WRITE_SKIP_COUNT, PROCESS_SKIP_COUNT, ROLLBACK_COUNT, LAST_UPDATED, CREATE_TIME)
	VALUES (6, 0, 'paymentReportStep', 6, null, null, 'STARTING', 0, 0, 0, 0, 'EXECUTING', '', 0, 0, 0, 0, '2026-01-17 20:07:25.064202', '2026-01-17 20:07:25.062576')
2026-01-17T11:07:25.083805Z	   91 Query	INSERT INTO BATCH_STEP_EXECUTION_CONTEXT (SHORT_CONTEXT, SERIALIZED_CONTEXT, STEP_EXECUTION_ID)
	VALUES('rO0ABXNyABFqYXZhLnV0aWwuSGFzaE1hcAUH2sHDFmDRAwACRgAKbG9hZEZhY3RvckkACXRocmVzaG9sZHhwP0AAAAAAAAB3CAAAABAAAAAAeA==', null, 6)
2026-01-17T11:07:25.087940Z	   91 Query	COMMIT
2026-01-17T11:07:25.097098Z	   91 Query	SET autocommit=1
2026-01-17T11:07:25.100655Z	   91 Query	SET autocommit=0
2026-01-17T11:07:25.102623Z	   91 Query	UPDATE BATCH_STEP_EXECUTION
SET START_TIME = '2026-01-17 20:07:25.098595', END_TIME = null, STATUS = 'STARTED', COMMIT_COUNT = 0, READ_COUNT = 0, FILTER_COUNT = 0, WRITE_COUNT = 0, EXIT_CODE = 'EXECUTING', EXIT_MESSAGE = '', VERSION = VERSION + 1, READ_SKIP_COUNT = 0, PROCESS_SKIP_COUNT = 0, WRITE_SKIP_COUNT = 0, ROLLBACK_COUNT = 0, LAST_UPDATED = '2026-01-17 20:07:25.101228'
WHERE STEP_EXECUTION_ID = 6 AND VERSION = 0
2026-01-17T11:07:25.105834Z	   91 Query	SELECT VERSION
FROM BATCH_JOB_EXECUTION
WHERE JOB_EXECUTION_ID=6
2026-01-17T11:07:25.109371Z	   91 Query	COMMIT
2026-01-17T11:07:25.115259Z	   91 Query	SET autocommit=1
2026-01-17T11:07:25.140472Z	   91 Query	SET autocommit=0
2026-01-17T11:07:25.145174Z	   91 Query	UPDATE BATCH_STEP_EXECUTION_CONTEXT
SET SHORT_CONTEXT = 'rO0ABXNyABFqYXZhLnV0aWwuSGFzaE1hcAUH2sHDFmDRAwACRgAKbG9hZEZhY3RvckkACXRocmVzaG9sZHhwP0AAAAAAAAx3CAAAABAAAAAEdAAecGF5bWVudFJlcG9ydFJlYWRlci5yZWFkLmNvdW50c3IAEWphdmEubGFuZy5JbnRlZ2VyEuKgpPeBhzgCAAFJAAV2YWx1ZXhyABBqYXZhLmxhbmcuTnVtYmVyhqyVHQuU4IsCAAB4cAAAAAB0ABFiYXRjaC50YXNrbGV0VHlwZXQAPW9yZy5zcHJpbmdmcmFtZXdvcmsuYmF0Y2guY29yZS5zdGVwLml0ZW0uQ2h1bmtPcmllbnRlZFRhc2tsZXR0AA1iYXRjaC52ZXJzaW9udAAFNS4yLjR0AA5iYXRjaC5zdGVwVHlwZXQAN29yZy5zcHJpbmdmcmFtZXdvcmsuYmF0Y2guY29yZS5zdGVwLnRhc2tsZXQuVGFza2xldFN0ZXB4', SERIALIZED_CONTEXT = null
WHERE STEP_EXECUTION_ID = 6
2026-01-17T11:07:25.147948Z	   91 Query	COMMIT
2026-01-17T11:07:25.156769Z	   91 Query	SET autocommit=1
2026-01-17T11:07:25.162100Z	   91 Query	SET autocommit=0
2026-01-17T11:07:25.165734Z	   92 Query	SET autocommit=0
2026-01-17T11:07:25.316460Z	   92 Query	select ps1_0.id,ps1_0.discount_amount,ps1_0.final_amount,ps1_0.original_amount,ps1_0.partner_corp_name,ps1_0.payment_date from payment_source ps1_0 where ps1_0.payment_date='2025-05-01' limit 0,10
2026-01-17T11:07:25.335453Z	   92 Query	COMMIT
2026-01-17T11:07:25.337432Z	   92 Query	SET autocommit=1
2026-01-17T11:07:25.344925Z	   91 Query	ROLLBACK
2026-01-17T11:07:25.346434Z	   91 Query	SET autocommit=1
2026-01-17T11:07:25.348171Z	   91 Query	SET autocommit=0
2026-01-17T11:07:25.350110Z	   91 Query	ROLLBACK
2026-01-17T11:07:25.351426Z	   91 Query	SET autocommit=1
2026-01-17T11:07:25.353074Z	   91 Query	SET autocommit=0
2026-01-17T11:07:25.354770Z	   91 Query	ROLLBACK
2026-01-17T11:07:25.356517Z	   91 Query	SET autocommit=1
2026-01-17T11:07:25.363517Z	   91 Query	SET autocommit=0
2026-01-17T11:07:25.365457Z	   91 Query	UPDATE BATCH_STEP_EXECUTION_CONTEXT
SET SHORT_CONTEXT = 'rO0ABXNyABFqYXZhLnV0aWwuSGFzaE1hcAUH2sHDFmDRAwACRgAKbG9hZEZhY3RvckkACXRocmVzaG9sZHhwP0AAAAAAAAx3CAAAABAAAAAEdAAecGF5bWVudFJlcG9ydFJlYWRlci5yZWFkLmNvdW50c3IAEWphdmEubGFuZy5JbnRlZ2VyEuKgpPeBhzgCAAFJAAV2YWx1ZXhyABBqYXZhLmxhbmcuTnVtYmVyhqyVHQuU4IsCAAB4cAAAAAB0ABFiYXRjaC50YXNrbGV0VHlwZXQAPW9yZy5zcHJpbmdmcmFtZXdvcmsuYmF0Y2guY29yZS5zdGVwLml0ZW0uQ2h1bmtPcmllbnRlZFRhc2tsZXR0AA1iYXRjaC52ZXJzaW9udAAFNS4yLjR0AA5iYXRjaC5zdGVwVHlwZXQAN29yZy5zcHJpbmdmcmFtZXdvcmsuYmF0Y2guY29yZS5zdGVwLnRhc2tsZXQuVGFza2xldFN0ZXB4', SERIALIZED_CONTEXT = null
WHERE STEP_EXECUTION_ID = 6
2026-01-17T11:07:25.366987Z	   91 Query	COMMIT
2026-01-17T11:07:25.368349Z	   91 Query	SET autocommit=1
2026-01-17T11:07:25.370757Z	   91 Query	SET autocommit=0
2026-01-17T11:07:25.373367Z	   91 Query	UPDATE BATCH_STEP_EXECUTION
SET START_TIME = '2026-01-17 20:07:25.098595', END_TIME = '2026-01-17 20:07:25.361982', STATUS = 'FAILED', COMMIT_COUNT = 0, READ_COUNT = 10, FILTER_COUNT = 0, WRITE_COUNT = 0, EXIT_CODE = 'FAILED', EXIT_MESSAGE = 'org.springframework.batch.core.step.skip.SkipLimitExceededException: Skip limit of ''1'' exceeded\n	at org.springframework.batch.core.step.skip.LimitCheckingItemSkipPolicy.shouldSkip(LimitCheckingItemSkipPolicy.java:125)\n	at org.springframework.batch.core.step.skip.CompositeSkipPolicy.shouldSkip(CompositeSkipPolicy.java:42)\n	at org.springframework.batch.core.step.skip.ExceptionClassifierSkipPolicy.shouldSkip(ExceptionClassifierSkipPolicy.java:65)\n	at org.springframework.batch.core.step.item.FaultTolerantChunkProcessor.shouldSkip(FaultTolerantChunkProcessor.java:486)\n	at org.springframework.batch.core.step.item.FaultTolerantChunkProcessor.lambda$transform$1(FaultTolerantChunkProcessor.java:274)\n	at org.springframework.retry.support.RetryTemplate.handleRetryExhausted(RetryTemplate.java:573)\n	at org.springframework.retry.support.RetryTemplate.doExecute(RetryTemplate.java:418)\n	at org.springframework.retry.support.RetryTemplate.execute(RetryTemplate.java:276)\n	at org.springframework.batch.core.step.item.BatchRetryTemplate.execute(BatchRetryTemplate.java:216)\n	at org.springframework.batch.core.step.item.FaultTolerantChunkProcessor.transform(FaultTolerantChunkProcessor.java:291)\n	at org.springframework.batch.core.step.item.SimpleChunkProcessor.process(SimpleChunkProcessor.java:220)\n	at org.springframework.batch.core.step.item.ChunkOrientedTasklet.execute(ChunkOrientedTasklet.java:75)\n	at org.springframework.batch.core.step.tasklet.TaskletStep$ChunkTransactionCallback.doInTransaction(TaskletStep.java:383)\n	at org.springframework.batch.core.step.tasklet.TaskletStep$ChunkTransactionCallback.doInTransaction(TaskletStep.java:307)\n	at org.springframework.transaction.support.TransactionTemplate.execute(TransactionTemplate.java:140)\n	at org.springframework.batch.core.step.tasklet.TaskletStep$2.doInChunkContext(TaskletStep.java:250)\n	at org.springframework.batch.core.scope.context.StepContextRepeatCallback.doInIteration(StepContextRepeatCallback.java:82)\n	at org.springframework.batch.repeat.support.RepeatTemplate.getNextResult(RepeatTemplate.java:369)\n	at org.springframework.batch.repeat.support.RepeatTemplate.executeInternal(RepeatTemplate.java:206)\n	at org.springframework.batch.repeat.support.RepeatTemplate.iterate(RepeatTemplate.java:140)\n	at org.springframework.batch.core.step.tasklet.TaskletStep.doExecute(TaskletStep.java:235)\n	at org.springframework.batch.core.step.AbstractStep.execute(AbstractStep.java:230)\n	at org.springframework.batch.core.job.SimpleStepHandler.han', VERSION = VERSION + 1, READ_SKIP_COUNT = 0, PROCESS_SKIP_COUNT = 1, WRITE_SKIP_COUNT = 0, ROLLBACK_COUNT = 3, LAST_UPDATED = '2026-01-17 20:07:25.371192'
WHERE STEP_EXECUTION_ID = 6 AND VERSION = 1
2026-01-17T11:07:25.376317Z	   91 Query	SELECT VERSION
FROM BATCH_JOB_EXECUTION
WHERE JOB_EXECUTION_ID=6
2026-01-17T11:07:25.378171Z	   91 Query	COMMIT
2026-01-17T11:07:25.384649Z	   91 Query	SET autocommit=1
2026-01-17T11:07:25.386694Z	   92 Query	SET autocommit=0
2026-01-17T11:07:25.390709Z	   92 Query	UPDATE BATCH_JOB_EXECUTION_CONTEXT
SET SHORT_CONTEXT = 'rO0ABXNyABFqYXZhLnV0aWwuSGFzaE1hcAUH2sHDFmDRAwACRgAKbG9hZEZhY3RvckkACXRocmVzaG9sZHhwP0AAAAAAAAx3CAAAABAAAAABdAANYmF0Y2gudmVyc2lvbnQABTUuMi40eA==', SERIALIZED_CONTEXT = null
WHERE JOB_EXECUTION_ID = 6
2026-01-17T11:07:25.392509Z	   92 Query	COMMIT
2026-01-17T11:07:25.396536Z	   92 Query	SET autocommit=1
2026-01-17T11:07:25.399792Z	   92 Query	SET autocommit=0
2026-01-17T11:07:25.401741Z	   92 Query	SELECT VERSION
FROM BATCH_JOB_EXECUTION
WHERE JOB_EXECUTION_ID=6
2026-01-17T11:07:25.404588Z	   92 Query	SELECT COUNT(*)
FROM BATCH_JOB_EXECUTION
WHERE JOB_EXECUTION_ID = 6
2026-01-17T11:07:25.406943Z	   92 Query	UPDATE BATCH_JOB_EXECUTION
SET START_TIME = '2026-01-17 20:07:25.025538', END_TIME = '2026-01-17 20:07:25.397278',  STATUS = 'FAILED', EXIT_CODE = 'FAILED', EXIT_MESSAGE = 'org.springframework.batch.core.step.skip.SkipLimitExceededException: Skip limit of ''1'' exceeded\n	at org.springframework.batch.core.step.skip.LimitCheckingItemSkipPolicy.shouldSkip(LimitCheckingItemSkipPolicy.java:125)\n	at org.springframework.batch.core.step.skip.CompositeSkipPolicy.shouldSkip(CompositeSkipPolicy.java:42)\n	at org.springframework.batch.core.step.skip.ExceptionClassifierSkipPolicy.shouldSkip(ExceptionClassifierSkipPolicy.java:65)\n	at org.springframework.batch.core.step.item.FaultTolerantChunkProcessor.shouldSkip(FaultTolerantChunkProcessor.java:486)\n	at org.springframework.batch.core.step.item.FaultTolerantChunkProcessor.lambda$transform$1(FaultTolerantChunkProcessor.java:274)\n	at org.springframework.retry.support.RetryTemplate.handleRetryExhausted(RetryTemplate.java:573)\n	at org.springframework.retry.support.RetryTemplate.doExecute(RetryTemplate.java:418)\n	at org.springframework.retry.support.RetryTemplate.execute(RetryTemplate.java:276)\n	at org.springframework.batch.core.step.item.BatchRetryTemplate.execute(BatchRetryTemplate.java:216)\n	at org.springframework.batch.core.step.item.FaultTolerantChunkProcessor.transform(FaultTolerantChunkProcessor.java:291)\n	at org.springframework.batch.core.step.item.SimpleChunkProcessor.process(SimpleChunkProcessor.java:220)\n	at org.springframework.batch.core.step.item.ChunkOrientedTasklet.execute(ChunkOrientedTasklet.java:75)\n	at org.springframework.batch.core.step.tasklet.TaskletStep$ChunkTransactionCallback.doInTransaction(TaskletStep.java:383)\n	at org.springframework.batch.core.step.tasklet.TaskletStep$ChunkTransactionCallback.doInTransaction(TaskletStep.java:307)\n	at org.springframework.transaction.support.TransactionTemplate.execute(TransactionTemplate.java:140)\n	at org.springframework.batch.core.step.tasklet.TaskletStep$2.doInChunkContext(TaskletStep.java:250)\n	at org.springframework.batch.core.scope.context.StepContextRepeatCallback.doInIteration(StepContextRepeatCallback.java:82)\n	at org.springframework.batch.repeat.support.RepeatTemplate.getNextResult(RepeatTemplate.java:369)\n	at org.springframework.batch.repeat.support.RepeatTemplate.executeInternal(RepeatTemplate.java:206)\n	at org.springframework.batch.repeat.support.RepeatTemplate.iterate(RepeatTemplate.java:140)\n	at org.springframework.batch.core.step.tasklet.TaskletStep.doExecute(TaskletStep.java:235)\n	at org.springframework.batch.core.step.AbstractStep.execute(AbstractStep.java:230)\n	at org.springframework.batch.core.job.SimpleStepHandler.han', VERSION = VERSION + 1, CREATE_TIME = '2026-01-17 20:07:24.966926', LAST_UPDATED = '2026-01-17 20:07:25.400501'
WHERE JOB_EXECUTION_ID = 6 AND VERSION = 1
2026-01-17T11:07:25.409981Z	   92 Query	COMMIT
2026-01-17T11:07:25.415783Z	   92 Query	SET autocommit=1
2026-01-17T11:07:25.427353Z	   91 Quit	
2026-01-17T11:07:25.427628Z	   97 Quit	
2026-01-17T11:07:25.427642Z	   92 Quit	
2026-01-17T11:07:25.427840Z	   93 Quit	
2026-01-17T11:07:25.427921Z	   94 Quit	
2026-01-17T11:07:25.428512Z	   98 Quit	
2026-01-17T11:07:25.428664Z	   95 Quit	
2026-01-17T11:07:25.428734Z	   96 Quit	
2026-01-17T11:07:25.428737Z	  100 Quit	
2026-01-17T11:07:25.428840Z	   99 Quit	
2026-01-17T11:08:07.847236Z	  101 Connect	root@172.19.0.1 on spring_batch using TCP/IP
2026-01-17T11:08:07.865528Z	  101 Query	/* mysql-connector-j-9.5.0 (Revision: a7b3c94f50efbddb9f0dd69b3e0d1aaa25305cd6) */SELECT  @@session.auto_increment_increment AS auto_increment_increment, @@character_set_client AS character_set_client, @@character_set_connection AS character_set_connection, @@character_set_results AS character_set_results, @@character_set_server AS character_set_server, @@collation_server AS collation_server, @@collation_connection AS collation_connection, @@init_connect AS init_connect, @@interactive_timeout AS interactive_timeout, @@license AS license, @@lower_case_table_names AS lower_case_table_names, @@max_allowed_packet AS max_allowed_packet, @@net_write_timeout AS net_write_timeout, @@performance_schema AS performance_schema, @@sql_mode AS sql_mode, @@system_time_zone AS system_time_zone, @@time_zone AS time_zone, @@transaction_isolation AS transaction_isolation, @@wait_timeout AS wait_timeout
2026-01-17T11:08:07.875866Z	  101 Query	SET character_set_results = NULL
2026-01-17T11:08:07.880335Z	  101 Query	SET autocommit=1
2026-01-17T11:08:07.888449Z	  101 Query	SELECT @@session.transaction_read_only
2026-01-17T11:08:07.893432Z	  101 Query	SELECT @@session.transaction_isolation
2026-01-17T11:08:08.009247Z	  102 Connect	root@172.19.0.1 on spring_batch using TCP/IP
2026-01-17T11:08:08.010862Z	  102 Query	/* mysql-connector-j-9.5.0 (Revision: a7b3c94f50efbddb9f0dd69b3e0d1aaa25305cd6) */SELECT  @@session.auto_increment_increment AS auto_increment_increment, @@character_set_client AS character_set_client, @@character_set_connection AS character_set_connection, @@character_set_results AS character_set_results, @@character_set_server AS character_set_server, @@collation_server AS collation_server, @@collation_connection AS collation_connection, @@init_connect AS init_connect, @@interactive_timeout AS interactive_timeout, @@license AS license, @@lower_case_table_names AS lower_case_table_names, @@max_allowed_packet AS max_allowed_packet, @@net_write_timeout AS net_write_timeout, @@performance_schema AS performance_schema, @@sql_mode AS sql_mode, @@system_time_zone AS system_time_zone, @@time_zone AS time_zone, @@transaction_isolation AS transaction_isolation, @@wait_timeout AS wait_timeout
2026-01-17T11:08:08.012754Z	  102 Query	SET character_set_results = NULL
2026-01-17T11:08:08.015755Z	  102 Query	SET autocommit=1
2026-01-17T11:08:08.018168Z	  102 Query	SELECT @@session.transaction_read_only
2026-01-17T11:08:08.057227Z	  103 Connect	root@172.19.0.1 on spring_batch using TCP/IP
2026-01-17T11:08:08.060003Z	  103 Query	/* mysql-connector-j-9.5.0 (Revision: a7b3c94f50efbddb9f0dd69b3e0d1aaa25305cd6) */SELECT  @@session.auto_increment_increment AS auto_increment_increment, @@character_set_client AS character_set_client, @@character_set_connection AS character_set_connection, @@character_set_results AS character_set_results, @@character_set_server AS character_set_server, @@collation_server AS collation_server, @@collation_connection AS collation_connection, @@init_connect AS init_connect, @@interactive_timeout AS interactive_timeout, @@license AS license, @@lower_case_table_names AS lower_case_table_names, @@max_allowed_packet AS max_allowed_packet, @@net_write_timeout AS net_write_timeout, @@performance_schema AS performance_schema, @@sql_mode AS sql_mode, @@system_time_zone AS system_time_zone, @@time_zone AS time_zone, @@transaction_isolation AS transaction_isolation, @@wait_timeout AS wait_timeout
2026-01-17T11:08:08.062164Z	  103 Query	SET character_set_results = NULL
2026-01-17T11:08:08.064484Z	  103 Query	SET autocommit=1
2026-01-17T11:08:08.067469Z	  103 Query	SELECT @@session.transaction_read_only
2026-01-17T11:08:08.108544Z	  104 Connect	root@172.19.0.1 on spring_batch using TCP/IP
2026-01-17T11:08:08.110841Z	  104 Query	/* mysql-connector-j-9.5.0 (Revision: a7b3c94f50efbddb9f0dd69b3e0d1aaa25305cd6) */SELECT  @@session.auto_increment_increment AS auto_increment_increment, @@character_set_client AS character_set_client, @@character_set_connection AS character_set_connection, @@character_set_results AS character_set_results, @@character_set_server AS character_set_server, @@collation_server AS collation_server, @@collation_connection AS collation_connection, @@init_connect AS init_connect, @@interactive_timeout AS interactive_timeout, @@license AS license, @@lower_case_table_names AS lower_case_table_names, @@max_allowed_packet AS max_allowed_packet, @@net_write_timeout AS net_write_timeout, @@performance_schema AS performance_schema, @@sql_mode AS sql_mode, @@system_time_zone AS system_time_zone, @@time_zone AS time_zone, @@transaction_isolation AS transaction_isolation, @@wait_timeout AS wait_timeout
2026-01-17T11:08:08.113876Z	  104 Query	SET character_set_results = NULL
2026-01-17T11:08:08.116381Z	  104 Query	SET autocommit=1
2026-01-17T11:08:08.118516Z	  104 Query	SELECT @@session.transaction_read_only
2026-01-17T11:08:08.157198Z	  105 Connect	root@172.19.0.1 on spring_batch using TCP/IP
2026-01-17T11:08:08.159434Z	  105 Query	/* mysql-connector-j-9.5.0 (Revision: a7b3c94f50efbddb9f0dd69b3e0d1aaa25305cd6) */SELECT  @@session.auto_increment_increment AS auto_increment_increment, @@character_set_client AS character_set_client, @@character_set_connection AS character_set_connection, @@character_set_results AS character_set_results, @@character_set_server AS character_set_server, @@collation_server AS collation_server, @@collation_connection AS collation_connection, @@init_connect AS init_connect, @@interactive_timeout AS interactive_timeout, @@license AS license, @@lower_case_table_names AS lower_case_table_names, @@max_allowed_packet AS max_allowed_packet, @@net_write_timeout AS net_write_timeout, @@performance_schema AS performance_schema, @@sql_mode AS sql_mode, @@system_time_zone AS system_time_zone, @@time_zone AS time_zone, @@transaction_isolation AS transaction_isolation, @@wait_timeout AS wait_timeout
2026-01-17T11:08:08.163559Z	  105 Query	SET character_set_results = NULL
2026-01-17T11:08:08.166838Z	  105 Query	SET autocommit=1
2026-01-17T11:08:08.169425Z	  105 Query	SELECT @@session.transaction_read_only
2026-01-17T11:08:08.206982Z	  106 Connect	root@172.19.0.1 on spring_batch using TCP/IP
2026-01-17T11:08:08.208968Z	  106 Query	/* mysql-connector-j-9.5.0 (Revision: a7b3c94f50efbddb9f0dd69b3e0d1aaa25305cd6) */SELECT  @@session.auto_increment_increment AS auto_increment_increment, @@character_set_client AS character_set_client, @@character_set_connection AS character_set_connection, @@character_set_results AS character_set_results, @@character_set_server AS character_set_server, @@collation_server AS collation_server, @@collation_connection AS collation_connection, @@init_connect AS init_connect, @@interactive_timeout AS interactive_timeout, @@license AS license, @@lower_case_table_names AS lower_case_table_names, @@max_allowed_packet AS max_allowed_packet, @@net_write_timeout AS net_write_timeout, @@performance_schema AS performance_schema, @@sql_mode AS sql_mode, @@system_time_zone AS system_time_zone, @@time_zone AS time_zone, @@transaction_isolation AS transaction_isolation, @@wait_timeout AS wait_timeout
2026-01-17T11:08:08.211368Z	  106 Query	SET character_set_results = NULL
2026-01-17T11:08:08.213175Z	  106 Query	SET autocommit=1
2026-01-17T11:08:08.214563Z	  106 Query	SELECT @@session.transaction_read_only
2026-01-17T11:08:08.247872Z	  101 Query	SELECT WORD FROM INFORMATION_SCHEMA.KEYWORDS WHERE RESERVED = 1 ORDER BY WORD
2026-01-17T11:08:08.250898Z	  107 Connect	root@172.19.0.1 on spring_batch using TCP/IP
2026-01-17T11:08:08.253595Z	  107 Query	/* mysql-connector-j-9.5.0 (Revision: a7b3c94f50efbddb9f0dd69b3e0d1aaa25305cd6) */SELECT  @@session.auto_increment_increment AS auto_increment_increment, @@character_set_client AS character_set_client, @@character_set_connection AS character_set_connection, @@character_set_results AS character_set_results, @@character_set_server AS character_set_server, @@collation_server AS collation_server, @@collation_connection AS collation_connection, @@init_connect AS init_connect, @@interactive_timeout AS interactive_timeout, @@license AS license, @@lower_case_table_names AS lower_case_table_names, @@max_allowed_packet AS max_allowed_packet, @@net_write_timeout AS net_write_timeout, @@performance_schema AS performance_schema, @@sql_mode AS sql_mode, @@system_time_zone AS system_time_zone, @@time_zone AS time_zone, @@transaction_isolation AS transaction_isolation, @@wait_timeout AS wait_timeout
2026-01-17T11:08:08.256871Z	  107 Query	SET character_set_results = NULL
2026-01-17T11:08:08.259265Z	  107 Query	SET autocommit=1
2026-01-17T11:08:08.261829Z	  107 Query	SELECT @@session.transaction_read_only
2026-01-17T11:08:08.288947Z	  101 Query	SELECT @@character_set_database, @@sql_mode
2026-01-17T11:08:08.300184Z	  108 Connect	root@172.19.0.1 on spring_batch using TCP/IP
2026-01-17T11:08:08.303193Z	  108 Query	/* mysql-connector-j-9.5.0 (Revision: a7b3c94f50efbddb9f0dd69b3e0d1aaa25305cd6) */SELECT  @@session.auto_increment_increment AS auto_increment_increment, @@character_set_client AS character_set_client, @@character_set_connection AS character_set_connection, @@character_set_results AS character_set_results, @@character_set_server AS character_set_server, @@collation_server AS collation_server, @@collation_connection AS collation_connection, @@init_connect AS init_connect, @@interactive_timeout AS interactive_timeout, @@license AS license, @@lower_case_table_names AS lower_case_table_names, @@max_allowed_packet AS max_allowed_packet, @@net_write_timeout AS net_write_timeout, @@performance_schema AS performance_schema, @@sql_mode AS sql_mode, @@system_time_zone AS system_time_zone, @@time_zone AS time_zone, @@transaction_isolation AS transaction_isolation, @@wait_timeout AS wait_timeout
2026-01-17T11:08:08.306861Z	  108 Query	SET character_set_results = NULL
2026-01-17T11:08:08.310188Z	  108 Query	SET autocommit=1
2026-01-17T11:08:08.313007Z	  108 Query	SELECT @@session.transaction_read_only
2026-01-17T11:08:08.354335Z	  109 Connect	root@172.19.0.1 on spring_batch using TCP/IP
2026-01-17T11:08:08.357385Z	  109 Query	/* mysql-connector-j-9.5.0 (Revision: a7b3c94f50efbddb9f0dd69b3e0d1aaa25305cd6) */SELECT  @@session.auto_increment_increment AS auto_increment_increment, @@character_set_client AS character_set_client, @@character_set_connection AS character_set_connection, @@character_set_results AS character_set_results, @@character_set_server AS character_set_server, @@collation_server AS collation_server, @@collation_connection AS collation_connection, @@init_connect AS init_connect, @@interactive_timeout AS interactive_timeout, @@license AS license, @@lower_case_table_names AS lower_case_table_names, @@max_allowed_packet AS max_allowed_packet, @@net_write_timeout AS net_write_timeout, @@performance_schema AS performance_schema, @@sql_mode AS sql_mode, @@system_time_zone AS system_time_zone, @@time_zone AS time_zone, @@transaction_isolation AS transaction_isolation, @@wait_timeout AS wait_timeout
2026-01-17T11:08:08.360439Z	  109 Query	SET character_set_results = NULL
2026-01-17T11:08:08.362525Z	  109 Query	SET autocommit=1
2026-01-17T11:08:08.364228Z	  109 Query	SELECT @@session.transaction_read_only
2026-01-17T11:08:08.401066Z	  110 Connect	root@172.19.0.1 on spring_batch using TCP/IP
2026-01-17T11:08:08.404506Z	  110 Query	/* mysql-connector-j-9.5.0 (Revision: a7b3c94f50efbddb9f0dd69b3e0d1aaa25305cd6) */SELECT  @@session.auto_increment_increment AS auto_increment_increment, @@character_set_client AS character_set_client, @@character_set_connection AS character_set_connection, @@character_set_results AS character_set_results, @@character_set_server AS character_set_server, @@collation_server AS collation_server, @@collation_connection AS collation_connection, @@init_connect AS init_connect, @@interactive_timeout AS interactive_timeout, @@license AS license, @@lower_case_table_names AS lower_case_table_names, @@max_allowed_packet AS max_allowed_packet, @@net_write_timeout AS net_write_timeout, @@performance_schema AS performance_schema, @@sql_mode AS sql_mode, @@system_time_zone AS system_time_zone, @@time_zone AS time_zone, @@transaction_isolation AS transaction_isolation, @@wait_timeout AS wait_timeout
2026-01-17T11:08:08.406736Z	  110 Query	SET character_set_results = NULL
2026-01-17T11:08:08.409024Z	  110 Query	SET autocommit=1
2026-01-17T11:08:08.411238Z	  110 Query	SELECT @@session.transaction_read_only
2026-01-17T11:08:08.947131Z	  101 Query	SELECT TABLE_SCHEMA AS TABLE_CAT, NULL AS TABLE_SCHEM, TABLE_NAME, CASE WHEN TABLE_TYPE = 'BASE TABLE' THEN CASE WHEN TABLE_SCHEMA = 'mysql' OR TABLE_SCHEMA = 'performance_schema' OR TABLE_SCHEMA = 'sys' THEN 'SYSTEM TABLE' ELSE 'TABLE' END WHEN TABLE_TYPE = 'TEMPORARY' THEN 'LOCAL_TEMPORARY' ELSE TABLE_TYPE END AS TABLE_TYPE, TABLE_COMMENT AS REMARKS, NULL AS TYPE_CAT, NULL AS TYPE_SCHEM, NULL AS TYPE_NAME, NULL AS SELF_REFERENCING_COL_NAME, NULL AS REF_GENERATION FROM INFORMATION_SCHEMA.TABLES WHERE TABLE_SCHEMA = 'spring_batch' AND TABLE_NAME LIKE '%' HAVING TABLE_TYPE IN ('TABLE','VIEW',null,null,null) ORDER BY TABLE_TYPE, TABLE_SCHEMA, TABLE_NAME
2026-01-17T11:08:08.956937Z	  101 Query	SELECT DEFAULT_COLLATION_NAME FROM INFORMATION_SCHEMA.SCHEMATA WHERE SCHEMA_NAME = 'information_schema'
2026-01-17T11:08:08.964076Z	  101 Query	SELECT TABLE_SCHEMA, NULL, TABLE_NAME, COLUMN_NAME, CASE WHEN UPPER(DATA_TYPE) = 'DECIMAL' THEN 3 WHEN UPPER(DATA_TYPE) = 'DECIMAL UNSIGNED' THEN 3 WHEN UPPER(DATA_TYPE) = 'TINYINT' THEN IF(LOCATE('ZEROFILL', UPPER(COLUMN_TYPE)) = 0 AND LOCATE('UNSIGNED', UPPER(COLUMN_TYPE)) = 0 AND LOCATE('(1)', COLUMN_TYPE) != 0, -7, -6) WHEN UPPER(DATA_TYPE) = 'TINYINT UNSIGNED' THEN IF(LOCATE('ZEROFILL', UPPER(COLUMN_TYPE)) = 0 AND LOCATE('UNSIGNED', UPPER(COLUMN_TYPE)) = 0 AND LOCATE('(1)', COLUMN_TYPE) != 0, -7, -6) WHEN UPPER(DATA_TYPE) = 'BOOLEAN' THEN 16 WHEN UPPER(DATA_TYPE) = 'SMALLINT' THEN 5 WHEN UPPER(DATA_TYPE) = 'SMALLINT UNSIGNED' THEN 5 WHEN UPPER(DATA_TYPE) = 'INT' THEN 4 WHEN UPPER(DATA_TYPE) = 'INT UNSIGNED' THEN 4 WHEN UPPER(DATA_TYPE) = 'FLOAT' THEN 7 WHEN UPPER(DATA_TYPE) = 'FLOAT UNSIGNED' THEN 7 WHEN UPPER(DATA_TYPE) = 'DOUBLE' THEN 8 WHEN UPPER(DATA_TYPE) = 'DOUBLE UNSIGNED' THEN 8 WHEN UPPER(DATA_TYPE) = 'NULL' THEN 0 WHEN UPPER(DATA_TYPE) = 'TIMESTAMP' THEN 93 WHEN UPPER(DATA_TYPE) = 'BIGINT' THEN -5 WHEN UPPER(DATA_TYPE) = 'BIGINT UNSIGNED' THEN -5 WHEN UPPER(DATA_TYPE) = 'MEDIUMINT' THEN 4 WHEN UPPER(DATA_TYPE) = 'MEDIUMINT UNSIGNED' THEN 4 WHEN UPPER(DATA_TYPE) = 'DATE' THEN 91 WHEN UPPER(DATA_TYPE) = 'TIME' THEN 92 WHEN UPPER(DATA_TYPE) = 'DATETIME' THEN 93 WHEN UPPER(DATA_TYPE) = 'YEAR' THEN 91 WHEN UPPER(DATA_TYPE) = 'VARCHAR' THEN 12 WHEN UPPER(DATA_TYPE) = 'VARBINARY' THEN -3 WHEN UPPER(DATA_TYPE) = 'BIT' THEN -7 WHEN UPPER(DATA_TYPE) = 'JSON' THEN -1 WHEN UPPER(DATA_TYPE) = 'ENUM' THEN 1 WHEN UPPER(DATA_TYPE) = 'SET' THEN 1 WHEN UPPER(DATA_TYPE) = 'TINYBLOB' THEN -3 WHEN UPPER(DATA_TYPE) = 'TINYTEXT' THEN 12 WHEN UPPER(DATA_TYPE) = 'MEDIUMBLOB' THEN -4 WHEN UPPER(DATA_TYPE) = 'MEDIUMTEXT' THEN -1 WHEN UPPER(DATA_TYPE) = 'LONGBLOB' THEN -4 WHEN UPPER(DATA_TYPE) = 'LONGTEXT' THEN -1 WHEN UPPER(DATA_TYPE) = 'BLOB' THEN -4 WHEN UPPER(DATA_TYPE) = 'TEXT' THEN -1 WHEN UPPER(DATA_TYPE) = 'CHAR' THEN 1 WHEN UPPER(DATA_TYPE) = 'BINARY' THEN -2 WHEN UPPER(DATA_TYPE) = 'GEOMETRY' THEN -2 WHEN UPPER(DATA_TYPE) = 'VECTOR' THEN -4 WHEN UPPER(DATA_TYPE) = 'UNKNOWN' THEN 1111 WHEN UPPER(DATA_TYPE) = 'POINT' THEN -2 WHEN UPPER(DATA_TYPE) = 'LINESTRING' THEN -2 WHEN UPPER(DATA_TYPE) = 'POLYGON' THEN -2 WHEN UPPER(DATA_TYPE) = 'MULTIPOINT' THEN -2 WHEN UPPER(DATA_TYPE) = 'MULTILINESTRING' THEN -2 WHEN UPPER(DATA_TYPE) = 'MULTIPOLYGON' THEN -2 WHEN UPPER(DATA_TYPE) = 'GEOMETRYCOLLECTION' THEN -2 WHEN UPPER(DATA_TYPE) = 'GEOMCOLLECTION' THEN -2 ELSE 1111 END AS DATA_TYPE, UPPER(CASE WHEN UPPER(DATA_TYPE) = 'TINYINT' THEN CASE WHEN LOCATE('ZEROFILL', UPPER(COLUMN_TYPE)) = 0 AND LOCATE('UNSIGNED', UPPER(COLUMN_TYPE)) = 0 AND LOCATE('(1)', COLUMN_TYPE) != 0 THEN 'BIT' WHEN LOCATE('UNSIGNED', UPPER(COLUMN_TYPE)) != 0 AND LOCATE('UNSIGNED', UPPER(DATA_TYPE)) = 0 THEN 'TINYINT UNSIGNED' ELSE DATA_TYPE END WHEN LOCATE('UNSIGNED', UPPER(COLUMN_TYPE)) != 0 AND LOCATE('UNSIGNED', UPPER(DATA_TYPE)) = 0 AND LOCATE('SET', UPPER(DATA_TYPE)) <> 1 AND LOCATE('ENUM', UPPER(DATA_TYPE)) <> 1 THEN CONCAT(DATA_TYPE, ' UNSIGNED') WHEN UPPER(DATA_TYPE) = 'POINT' THEN 'GEOMETRY' WHEN UPPER(DATA_TYPE) = 'LINESTRING' THEN 'GEOMETRY' WHEN UPPER(DATA_TYPE) = 'POLYGON' THEN 'GEOMETRY' WHEN UPPER(DATA_TYPE) = 'MULTIPOINT' THEN 'GEOMETRY' WHEN UPPER(DATA_TYPE) = 'MULTILINESTRING' THEN 'GEOMETRY' WHEN UPPER(DATA_TYPE) = 'MULTIPOLYGON' THEN 'GEOMETRY' WHEN UPPER(DATA_TYPE) = 'GEOMETRYCOLLECTION' THEN 'GEOMETRY' WHEN UPPER(DATA_TYPE) = 'GEOMCOLLECTION' THEN 'GEOMETRY' ELSE UPPER(DATA_TYPE) END) AS TYPE_NAME, UPPER(CASE WHEN UPPER(DATA_TYPE) = 'YEAR' THEN 4 WHEN UPPER(DATA_TYPE) = 'DATE' THEN 10 WHEN UPPER(DATA_TYPE) = 'DATETIME' OR UPPER(DATA_TYPE) = 'TIMESTAMP' THEN 19 + IF(DATETIME_PRECISION > 0, DATETIME_PRECISION + 1, DATETIME_PRECISION) WHEN UPPER(DATA_TYPE) = 'TIME' THEN 8 + IF(DATETIME_PRECISION > 0, DATETIME_PRECISION + 1, DATETIME_PRECISION) WHEN UPPER(DATA_TYPE) = 'TINYINT' AND LOCATE('ZEROFILL', UPPER(COLUMN_TYPE)) = 0 AND LOCATE('UNSIGNED', UPPER(COLUMN_TYPE)) = 0 AND LOCATE('(1)', COLUMN_TYPE) != 0 THEN 1 WHEN UPPER(DATA_TYPE) = 'MEDIUMINT' AND LOCATE('UNSIGNED', UPPER(COLUMN_TYPE)) != 0 THEN 8 WHEN UPPER(DATA_TYPE) = 'JSON' THEN 1073741824 WHEN UPPER(DATA_TYPE) = 'GEOMETRY' THEN 65535 WHEN UPPER(DATA_TYPE) = 'POINT' THEN 65535 WHEN UPPER(DATA_TYPE) = 'LINESTRING' THEN 65535 WHEN UPPER(DATA_TYPE) = 'POLYGON' THEN 65535 WHEN UPPER(DATA_TYPE) = 'MULTIPOINT' THEN 65535 WHEN UPPER(DATA_TYPE) = 'MULTILINESTRING' THEN 65535 WHEN UPPER(DATA_TYPE) = 'MULTIPOLYGON' THEN 65535 WHEN UPPER(DATA_TYPE) = 'GEOMETRYCOLLECTION' THEN 65535 WHEN UPPER(DATA_TYPE) = 'GEOMCOLLECTION' THEN 65535 WHEN CHARACTER_MAXIMUM_LENGTH IS NULL THEN NUMERIC_PRECISION WHEN CHARACTER_MAXIMUM_LENGTH > 2147483647 THEN 2147483647 ELSE CHARACTER_MAXIMUM_LENGTH END) AS COLUMN_SIZE, 65535 AS BUFFER_LENGTH, UPPER(CASE WHEN UPPER(DATA_TYPE) = 'DECIMAL' THEN NUMERIC_SCALE WHEN UPPER(DATA_TYPE) = 'FLOAT' OR UPPER(DATA_TYPE) = 'DOUBLE' THEN IF(NUMERIC_SCALE IS NULL, 0, NUMERIC_SCALE) ELSE NULL END) AS DECIMAL_DIGITS, 10 AS NUM_PREC_RADIX, CASE WHEN IS_NULLABLE COLLATE utf8mb3_general_ci= 'NO' THEN 0 ELSE CASE WHEN IS_NULLABLE COLLATE utf8mb3_general_ci= 'YES' THEN 1 ELSE 2 END END AS NULLABLE, COLUMN_COMMENT AS REMARKS, COLUMN_DEFAULT AS COLUMN_DEF, 0 AS SQL_DATA_TYPE, 0 AS SQL_DATETIME_SUB, CASE WHEN CHARACTER_OCTET_LENGTH > 2147483647 THEN 2147483647 ELSE CHARACTER_OCTET_LENGTH END AS CHAR_OCTET_LENGTH, ORDINAL_POSITION, IS_NULLABLE, NULL AS SCOPE_CATALOG, NULL AS SCOPE_SCHEMA, NULL AS SCOPE_TABLE, NULL AS SOURCE_DATA_TYPE, IF (EXTRA COLLATE utf8mb3_general_ci LIKE '%auto_increment%','YES','NO') AS IS_AUTOINCREMENT, IF (EXTRA COLLATE utf8mb3_general_ci LIKE  '%GENERATED%','YES','NO') AS IS_GENERATEDCOLUMN FROM INFORMATION_SCHEMA.COLUMNS WHERE TABLE_SCHEMA = 'spring_batch' AND COLUMN_NAME LIKE '%' ORDER BY TABLE_SCHEMA, TABLE_NAME, ORDINAL_POSITION
2026-01-17T11:08:09.312193Z	  101 Query	SET autocommit=0
2026-01-17T11:08:09.322505Z	  101 Query	SELECT JOB_INSTANCE_ID, JOB_NAME
FROM BATCH_JOB_INSTANCE
WHERE JOB_NAME = 'paymentReportJob'
 AND JOB_KEY = '707ec73dd12b0f41282c25fa41873735'
2026-01-17T11:08:09.325174Z	  101 Query	COMMIT
2026-01-17T11:08:09.326873Z	  101 Query	SET autocommit=1
2026-01-17T11:08:09.329903Z	  101 Query	SELECT JOB_INSTANCE_ID, JOB_NAME
FROM BATCH_JOB_INSTANCE I1
WHERE I1.JOB_NAME = 'paymentReportJob' AND I1.JOB_INSTANCE_ID = (SELECT MAX(I2.JOB_INSTANCE_ID) FROM BATCH_JOB_INSTANCE I2 WHERE I2.JOB_NAME = 'paymentReportJob')
2026-01-17T11:08:09.335127Z	  101 Query	SELECT JOB_EXECUTION_ID, START_TIME, END_TIME, STATUS, EXIT_CODE, EXIT_MESSAGE, CREATE_TIME, LAST_UPDATED, VERSION
FROM BATCH_JOB_EXECUTION
 WHERE JOB_INSTANCE_ID = 6 AND JOB_EXECUTION_ID IN (SELECT MAX(JOB_EXECUTION_ID) FROM BATCH_JOB_EXECUTION E2 WHERE E2.JOB_INSTANCE_ID = 6)
2026-01-17T11:08:09.338798Z	  101 Query	SELECT JOB_EXECUTION_ID, PARAMETER_NAME, PARAMETER_TYPE, PARAMETER_VALUE, IDENTIFYING
FROM BATCH_JOB_EXECUTION_PARAMS
WHERE JOB_EXECUTION_ID = 6
2026-01-17T11:08:09.343375Z	  101 Query	SELECT JI.JOB_INSTANCE_ID, JOB_NAME, JOB_KEY, JI.VERSION
FROM BATCH_JOB_INSTANCE JI, BATCH_JOB_EXECUTION JE
WHERE JOB_EXECUTION_ID = 6 AND JI.JOB_INSTANCE_ID = JE.JOB_INSTANCE_ID
2026-01-17T11:08:09.346826Z	  101 Query	SELECT STEP_EXECUTION_ID, STEP_NAME, START_TIME, END_TIME, STATUS, COMMIT_COUNT, READ_COUNT, FILTER_COUNT, WRITE_COUNT, EXIT_CODE, EXIT_MESSAGE, READ_SKIP_COUNT, WRITE_SKIP_COUNT, PROCESS_SKIP_COUNT, ROLLBACK_COUNT, LAST_UPDATED, VERSION, CREATE_TIME
FROM BATCH_STEP_EXECUTION
 WHERE JOB_EXECUTION_ID = 6 ORDER BY STEP_EXECUTION_ID
2026-01-17T11:08:09.351884Z	  101 Query	SELECT SHORT_CONTEXT, SERIALIZED_CONTEXT
FROM BATCH_JOB_EXECUTION_CONTEXT
WHERE JOB_EXECUTION_ID = 6
2026-01-17T11:08:09.356836Z	  101 Query	SELECT SHORT_CONTEXT, SERIALIZED_CONTEXT
FROM BATCH_STEP_EXECUTION_CONTEXT
WHERE STEP_EXECUTION_ID = 6
2026-01-17T11:08:09.361513Z	  101 Query	SELECT @@session.transaction_isolation
2026-01-17T11:08:09.364591Z	  101 Query	SET SESSION TRANSACTION ISOLATION LEVEL SERIALIZABLE
2026-01-17T11:08:09.367485Z	  101 Query	SET autocommit=0
2026-01-17T11:08:09.370666Z	  101 Query	SELECT JOB_INSTANCE_ID, JOB_NAME
FROM BATCH_JOB_INSTANCE
WHERE JOB_NAME = 'paymentReportJob'
 AND JOB_KEY = '58f110eede85dd960dff5fc38516c0ef'
2026-01-17T11:08:09.373920Z	  101 Query	COMMIT
2026-01-17T11:08:09.376393Z	  101 Query	SET autocommit=1
2026-01-17T11:08:09.378552Z	  101 Query	SET SESSION TRANSACTION ISOLATION LEVEL REPEATABLE READ
2026-01-17T11:08:09.381226Z	  101 Query	SELECT @@session.transaction_isolation
2026-01-17T11:08:09.385176Z	  101 Query	SET SESSION TRANSACTION ISOLATION LEVEL SERIALIZABLE
2026-01-17T11:08:09.387971Z	  101 Query	SET autocommit=0
2026-01-17T11:08:09.389997Z	  101 Query	SELECT JOB_INSTANCE_ID, JOB_NAME
FROM BATCH_JOB_INSTANCE
WHERE JOB_NAME = 'paymentReportJob'
 AND JOB_KEY = '58f110eede85dd960dff5fc38516c0ef'
2026-01-17T11:08:09.393340Z	  101 Query	SELECT JOB_INSTANCE_ID, JOB_NAME
FROM BATCH_JOB_INSTANCE
WHERE JOB_NAME = 'paymentReportJob'
 AND JOB_KEY = '58f110eede85dd960dff5fc38516c0ef'
2026-01-17T11:08:09.396342Z	  102 Query	SET autocommit=0
2026-01-17T11:08:09.401875Z	  102 Query	update BATCH_JOB_SEQ set ID = last_insert_id(ID + 1) limit 1
2026-01-17T11:08:09.405114Z	  102 Query	select last_insert_id()
2026-01-17T11:08:09.406848Z	  102 Query	COMMIT
2026-01-17T11:08:09.413116Z	  102 Query	SET autocommit=1
2026-01-17T11:08:09.418355Z	  101 Query	INSERT INTO BATCH_JOB_INSTANCE(JOB_INSTANCE_ID, JOB_NAME, JOB_KEY, VERSION)
	VALUES (7, 'paymentReportJob', '58f110eede85dd960dff5fc38516c0ef', 0)
2026-01-17T11:08:09.423482Z	  102 Query	SET autocommit=0
2026-01-17T11:08:09.427402Z	  102 Query	update BATCH_JOB_EXECUTION_SEQ set ID = last_insert_id(ID + 1) limit 1
2026-01-17T11:08:09.432063Z	  102 Query	select last_insert_id()
2026-01-17T11:08:09.434606Z	  102 Query	COMMIT
2026-01-17T11:08:09.442822Z	  102 Query	SET autocommit=1
2026-01-17T11:08:09.454821Z	  101 Query	INSERT INTO BATCH_JOB_EXECUTION(JOB_EXECUTION_ID, JOB_INSTANCE_ID, START_TIME, END_TIME, STATUS, EXIT_CODE, EXIT_MESSAGE, VERSION, CREATE_TIME, LAST_UPDATED)
	VALUES (7, 7, null, null, 'STARTING', 'UNKNOWN', '', 0, '2026-01-17 20:08:09.422231', '2026-01-17 20:08:09.422303')
2026-01-17T11:08:09.458805Z	  101 Query	SELECT @@session.transaction_read_only
2026-01-17T11:08:09.462269Z	  101 Query	INSERT INTO BATCH_JOB_EXECUTION_PARAMS(JOB_EXECUTION_ID, PARAMETER_NAME, PARAMETER_TYPE, PARAMETER_VALUE, IDENTIFYING)
	VALUES (7, 'paymentDate', 'java.lang.String', '2025-05-01', 'Y')
2026-01-17T11:08:09.466802Z	  101 Query	INSERT INTO BATCH_JOB_EXECUTION_PARAMS(JOB_EXECUTION_ID, PARAMETER_NAME, PARAMETER_TYPE, PARAMETER_VALUE, IDENTIFYING)
	VALUES (7, 'run.id', 'java.lang.Long', '7', 'Y')
2026-01-17T11:08:09.473208Z	  101 Query	INSERT INTO BATCH_JOB_EXECUTION_CONTEXT (SHORT_CONTEXT, SERIALIZED_CONTEXT, JOB_EXECUTION_ID)
	VALUES('rO0ABXNyABFqYXZhLnV0aWwuSGFzaE1hcAUH2sHDFmDRAwACRgAKbG9hZEZhY3RvckkACXRocmVzaG9sZHhwP0AAAAAAAAB3CAAAABAAAAAAeA==', null, 7)
2026-01-17T11:08:09.476913Z	  101 Query	COMMIT
2026-01-17T11:08:09.486197Z	  101 Query	SET autocommit=1
2026-01-17T11:08:09.489846Z	  101 Query	SET SESSION TRANSACTION ISOLATION LEVEL REPEATABLE READ
2026-01-17T11:08:09.501992Z	  101 Query	SET autocommit=0
2026-01-17T11:08:09.506897Z	  101 Query	SELECT VERSION
FROM BATCH_JOB_EXECUTION
WHERE JOB_EXECUTION_ID=7
2026-01-17T11:08:09.510354Z	  101 Query	SELECT COUNT(*)
FROM BATCH_JOB_EXECUTION
WHERE JOB_EXECUTION_ID = 7
2026-01-17T11:08:09.512856Z	  101 Query	UPDATE BATCH_JOB_EXECUTION
SET START_TIME = '2026-01-17 20:08:09.501102', END_TIME = null,  STATUS = 'STARTED', EXIT_CODE = 'UNKNOWN', EXIT_MESSAGE = '', VERSION = VERSION + 1, CREATE_TIME = '2026-01-17 20:08:09.422231', LAST_UPDATED = '2026-01-17 20:08:09.505402'
WHERE JOB_EXECUTION_ID = 7 AND VERSION = 0
2026-01-17T11:08:09.515600Z	  101 Query	COMMIT
2026-01-17T11:08:09.522380Z	  101 Query	SET autocommit=1
2026-01-17T11:08:09.526425Z	  101 Query	SET autocommit=0
2026-01-17T11:08:09.530508Z	  101 Query	SELECT SE.STEP_EXECUTION_ID, SE.STEP_NAME, SE.START_TIME, SE.END_TIME, SE.STATUS, SE.COMMIT_COUNT, SE.READ_COUNT, SE.FILTER_COUNT, SE.WRITE_COUNT, SE.EXIT_CODE, SE.EXIT_MESSAGE, SE.READ_SKIP_COUNT, SE.WRITE_SKIP_COUNT, SE.PROCESS_SKIP_COUNT, SE.ROLLBACK_COUNT, SE.LAST_UPDATED, SE.VERSION, SE.CREATE_TIME, JE.JOB_EXECUTION_ID, JE.START_TIME, JE.END_TIME, JE.STATUS, JE.EXIT_CODE, JE.EXIT_MESSAGE, JE.CREATE_TIME, JE.LAST_UPDATED, JE.VERSION
FROM BATCH_JOB_EXECUTION JE
	JOIN BATCH_STEP_EXECUTION SE ON SE.JOB_EXECUTION_ID = JE.JOB_EXECUTION_ID
WHERE JE.JOB_INSTANCE_ID = 7 AND SE.STEP_NAME = 'paymentReportStep'
2026-01-17T11:08:09.534603Z	  101 Query	COMMIT
2026-01-17T11:08:09.538087Z	  101 Query	SET autocommit=1
2026-01-17T11:08:09.540406Z	  101 Query	SET autocommit=0
2026-01-17T11:08:09.544171Z	  101 Query	SELECT COUNT(*)
FROM BATCH_JOB_EXECUTION JE
	JOIN BATCH_STEP_EXECUTION SE ON SE.JOB_EXECUTION_ID = JE.JOB_EXECUTION_ID
WHERE JE.JOB_INSTANCE_ID = 7 AND SE.STEP_NAME = 'paymentReportStep'
2026-01-17T11:08:09.545963Z	  101 Query	COMMIT
2026-01-17T11:08:09.547054Z	  101 Query	SET autocommit=1
2026-01-17T11:08:09.549902Z	  101 Query	SET autocommit=0
2026-01-17T11:08:09.552269Z	  102 Query	SET autocommit=0
2026-01-17T11:08:09.554053Z	  102 Query	update BATCH_STEP_EXECUTION_SEQ set ID = last_insert_id(ID + 1) limit 1
2026-01-17T11:08:09.556294Z	  102 Query	select last_insert_id()
2026-01-17T11:08:09.558940Z	  102 Query	COMMIT
2026-01-17T11:08:09.565037Z	  102 Query	SET autocommit=1
2026-01-17T11:08:09.568710Z	  101 Query	INSERT INTO BATCH_STEP_EXECUTION(STEP_EXECUTION_ID, VERSION, STEP_NAME, JOB_EXECUTION_ID, START_TIME, END_TIME, STATUS, COMMIT_COUNT, READ_COUNT, FILTER_COUNT, WRITE_COUNT, EXIT_CODE, EXIT_MESSAGE, READ_SKIP_COUNT, WRITE_SKIP_COUNT, PROCESS_SKIP_COUNT, ROLLBACK_COUNT, LAST_UPDATED, CREATE_TIME)
	VALUES (7, 0, 'paymentReportStep', 7, null, null, 'STARTING', 0, 0, 0, 0, 'EXECUTING', '', 0, 0, 0, 0, '2026-01-17 20:08:09.551899', '2026-01-17 20:08:09.549179')
2026-01-17T11:08:09.572167Z	  101 Query	INSERT INTO BATCH_STEP_EXECUTION_CONTEXT (SHORT_CONTEXT, SERIALIZED_CONTEXT, STEP_EXECUTION_ID)
	VALUES('rO0ABXNyABFqYXZhLnV0aWwuSGFzaE1hcAUH2sHDFmDRAwACRgAKbG9hZEZhY3RvckkACXRocmVzaG9sZHhwP0AAAAAAAAB3CAAAABAAAAAAeA==', null, 7)
2026-01-17T11:08:09.595767Z	  101 Query	COMMIT
2026-01-17T11:08:09.600192Z	  101 Query	SET autocommit=1
2026-01-17T11:08:09.603670Z	  101 Query	SET autocommit=0
2026-01-17T11:08:09.605585Z	  101 Query	UPDATE BATCH_STEP_EXECUTION
SET START_TIME = '2026-01-17 20:08:09.602551', END_TIME = null, STATUS = 'STARTED', COMMIT_COUNT = 0, READ_COUNT = 0, FILTER_COUNT = 0, WRITE_COUNT = 0, EXIT_CODE = 'EXECUTING', EXIT_MESSAGE = '', VERSION = VERSION + 1, READ_SKIP_COUNT = 0, PROCESS_SKIP_COUNT = 0, WRITE_SKIP_COUNT = 0, ROLLBACK_COUNT = 0, LAST_UPDATED = '2026-01-17 20:08:09.604919'
WHERE STEP_EXECUTION_ID = 7 AND VERSION = 0
2026-01-17T11:08:09.607178Z	  101 Query	SELECT VERSION
FROM BATCH_JOB_EXECUTION
WHERE JOB_EXECUTION_ID=7
2026-01-17T11:08:09.609241Z	  101 Query	COMMIT
2026-01-17T11:08:09.613826Z	  101 Query	SET autocommit=1
2026-01-17T11:08:09.641114Z	  101 Query	SET autocommit=0
2026-01-17T11:08:09.643992Z	  101 Query	UPDATE BATCH_STEP_EXECUTION_CONTEXT
SET SHORT_CONTEXT = 'rO0ABXNyABFqYXZhLnV0aWwuSGFzaE1hcAUH2sHDFmDRAwACRgAKbG9hZEZhY3RvckkACXRocmVzaG9sZHhwP0AAAAAAAAx3CAAAABAAAAAEdAAecGF5bWVudFJlcG9ydFJlYWRlci5yZWFkLmNvdW50c3IAEWphdmEubGFuZy5JbnRlZ2VyEuKgpPeBhzgCAAFJAAV2YWx1ZXhyABBqYXZhLmxhbmcuTnVtYmVyhqyVHQuU4IsCAAB4cAAAAAB0ABFiYXRjaC50YXNrbGV0VHlwZXQAPW9yZy5zcHJpbmdmcmFtZXdvcmsuYmF0Y2guY29yZS5zdGVwLml0ZW0uQ2h1bmtPcmllbnRlZFRhc2tsZXR0AA1iYXRjaC52ZXJzaW9udAAFNS4yLjR0AA5iYXRjaC5zdGVwVHlwZXQAN29yZy5zcHJpbmdmcmFtZXdvcmsuYmF0Y2guY29yZS5zdGVwLnRhc2tsZXQuVGFza2xldFN0ZXB4', SERIALIZED_CONTEXT = null
WHERE STEP_EXECUTION_ID = 7
2026-01-17T11:08:09.646170Z	  101 Query	COMMIT
2026-01-17T11:08:09.653403Z	  101 Query	SET autocommit=1
2026-01-17T11:08:09.659781Z	  101 Query	SET autocommit=0
2026-01-17T11:08:09.664850Z	  102 Query	SET autocommit=0
2026-01-17T11:08:09.845051Z	  102 Query	select ps1_0.id,ps1_0.discount_amount,ps1_0.final_amount,ps1_0.original_amount,ps1_0.partner_corp_name,ps1_0.payment_date from payment_source ps1_0 where ps1_0.payment_date='2025-05-01' limit 0,10
2026-01-17T11:08:09.867657Z	  102 Query	COMMIT
2026-01-17T11:08:09.869054Z	  102 Query	SET autocommit=1
2026-01-17T11:08:15.596240Z	  101 Query	ROLLBACK
2026-01-17T11:08:15.602184Z	  101 Query	SET autocommit=1
2026-01-17T11:08:15.607186Z	  101 Query	SET autocommit=0
2026-01-17T11:08:18.323278Z	  101 Query	ROLLBACK
2026-01-17T11:08:18.328000Z	  101 Query	SET autocommit=1
2026-01-17T11:08:18.335583Z	  101 Query	SET autocommit=0
2026-01-17T11:08:18.338134Z	  101 Query	UPDATE BATCH_STEP_EXECUTION_CONTEXT
SET SHORT_CONTEXT = 'rO0ABXNyABFqYXZhLnV0aWwuSGFzaE1hcAUH2sHDFmDRAwACRgAKbG9hZEZhY3RvckkACXRocmVzaG9sZHhwP0AAAAAAAAx3CAAAABAAAAAEdAAecGF5bWVudFJlcG9ydFJlYWRlci5yZWFkLmNvdW50c3IAEWphdmEubGFuZy5JbnRlZ2VyEuKgpPeBhzgCAAFJAAV2YWx1ZXhyABBqYXZhLmxhbmcuTnVtYmVyhqyVHQuU4IsCAAB4cAAAAAB0ABFiYXRjaC50YXNrbGV0VHlwZXQAPW9yZy5zcHJpbmdmcmFtZXdvcmsuYmF0Y2guY29yZS5zdGVwLml0ZW0uQ2h1bmtPcmllbnRlZFRhc2tsZXR0AA1iYXRjaC52ZXJzaW9udAAFNS4yLjR0AA5iYXRjaC5zdGVwVHlwZXQAN29yZy5zcHJpbmdmcmFtZXdvcmsuYmF0Y2guY29yZS5zdGVwLnRhc2tsZXQuVGFza2xldFN0ZXB4', SERIALIZED_CONTEXT = null
WHERE STEP_EXECUTION_ID = 7
2026-01-17T11:08:18.339863Z	  101 Query	COMMIT
2026-01-17T11:08:18.341676Z	  101 Query	SET autocommit=1
2026-01-17T11:08:18.344100Z	  101 Query	SET autocommit=0
2026-01-17T11:08:18.349203Z	  101 Query	UPDATE BATCH_STEP_EXECUTION
SET START_TIME = '2026-01-17 20:08:09.602551', END_TIME = '2026-01-17 20:08:18.334202', STATUS = 'FAILED', COMMIT_COUNT = 0, READ_COUNT = 10, FILTER_COUNT = 0, WRITE_COUNT = 0, EXIT_CODE = 'FAILED', EXIT_MESSAGE = 'org.springframework.retry.RetryException: Non-skippable exception in recoverer while processing\n	at org.springframework.batch.core.step.item.FaultTolerantChunkProcessor.lambda$transform$1(FaultTolerantChunkProcessor.java:284)\n	at org.springframework.retry.support.RetryTemplate.handleRetryExhausted(RetryTemplate.java:573)\n	at org.springframework.retry.support.RetryTemplate.doExecute(RetryTemplate.java:418)\n	at org.springframework.retry.support.RetryTemplate.execute(RetryTemplate.java:276)\n	at org.springframework.batch.core.step.item.BatchRetryTemplate.execute(BatchRetryTemplate.java:216)\n	at org.springframework.batch.core.step.item.FaultTolerantChunkProcessor.transform(FaultTolerantChunkProcessor.java:291)\n	at org.springframework.batch.core.step.item.SimpleChunkProcessor.process(SimpleChunkProcessor.java:220)\n	at org.springframework.batch.core.step.item.ChunkOrientedTasklet.execute(ChunkOrientedTasklet.java:75)\n	at org.springframework.batch.core.step.tasklet.TaskletStep$ChunkTransactionCallback.doInTransaction(TaskletStep.java:383)\n	at org.springframework.batch.core.step.tasklet.TaskletStep$ChunkTransactionCallback.doInTransaction(TaskletStep.java:307)\n	at org.springframework.transaction.support.TransactionTemplate.execute(TransactionTemplate.java:140)\n	at org.springframework.batch.core.step.tasklet.TaskletStep$2.doInChunkContext(TaskletStep.java:250)\n	at org.springframework.batch.core.scope.context.StepContextRepeatCallback.doInIteration(StepContextRepeatCallback.java:82)\n	at org.springframework.batch.repeat.support.RepeatTemplate.getNextResult(RepeatTemplate.java:369)\n	at org.springframework.batch.repeat.support.RepeatTemplate.executeInternal(RepeatTemplate.java:206)\n	at org.springframework.batch.repeat.support.RepeatTemplate.iterate(RepeatTemplate.java:140)\n	at org.springframework.batch.core.step.tasklet.TaskletStep.doExecute(TaskletStep.java:235)\n	at org.springframework.batch.core.step.AbstractStep.execute(AbstractStep.java:230)\n	at org.springframework.batch.core.job.SimpleStepHandler.handleStep(SimpleStepHandler.java:153)\n	at org.springframework.batch.core.job.AbstractJob.handleStep(AbstractJob.java:408)\n	at org.springframework.batch.core.job.SimpleJob.doExecute(SimpleJob.java:127)\n	at org.springframework.batch.core.job.AbstractJob.execute(AbstractJob.java:307)\n	at org.springframework.batch.core.launch.support.TaskExecutorJobLauncher$1.run(TaskExecutorJobLauncher.java:155)\n	at org.springframework.core.task.SyncTaskExecutor.execute(SyncTaskExecutor.java', VERSION = VERSION + 1, READ_SKIP_COUNT = 0, PROCESS_SKIP_COUNT = 0, WRITE_SKIP_COUNT = 0, ROLLBACK_COUNT = 2, LAST_UPDATED = '2026-01-17 20:08:18.346775'
WHERE STEP_EXECUTION_ID = 7 AND VERSION = 1
2026-01-17T11:08:18.352074Z	  101 Query	SELECT VERSION
FROM BATCH_JOB_EXECUTION
WHERE JOB_EXECUTION_ID=7
2026-01-17T11:08:18.354231Z	  101 Query	COMMIT
2026-01-17T11:08:18.364089Z	  101 Query	SET autocommit=1
2026-01-17T11:08:18.367049Z	  102 Query	SET autocommit=0
2026-01-17T11:08:18.370124Z	  102 Query	UPDATE BATCH_JOB_EXECUTION_CONTEXT
SET SHORT_CONTEXT = 'rO0ABXNyABFqYXZhLnV0aWwuSGFzaE1hcAUH2sHDFmDRAwACRgAKbG9hZEZhY3RvckkACXRocmVzaG9sZHhwP0AAAAAAAAx3CAAAABAAAAABdAANYmF0Y2gudmVyc2lvbnQABTUuMi40eA==', SERIALIZED_CONTEXT = null
WHERE JOB_EXECUTION_ID = 7
2026-01-17T11:08:18.372182Z	  102 Query	COMMIT
2026-01-17T11:08:18.377214Z	  102 Query	SET autocommit=1
2026-01-17T11:08:18.382059Z	  102 Query	SET autocommit=0
2026-01-17T11:08:18.385731Z	  102 Query	SELECT VERSION
FROM BATCH_JOB_EXECUTION
WHERE JOB_EXECUTION_ID=7
2026-01-17T11:08:18.388173Z	  102 Query	SELECT COUNT(*)
FROM BATCH_JOB_EXECUTION
WHERE JOB_EXECUTION_ID = 7
2026-01-17T11:08:18.390467Z	  102 Query	UPDATE BATCH_JOB_EXECUTION
SET START_TIME = '2026-01-17 20:08:09.501102', END_TIME = '2026-01-17 20:08:18.380427',  STATUS = 'FAILED', EXIT_CODE = 'FAILED', EXIT_MESSAGE = 'org.springframework.retry.RetryException: Non-skippable exception in recoverer while processing\n	at org.springframework.batch.core.step.item.FaultTolerantChunkProcessor.lambda$transform$1(FaultTolerantChunkProcessor.java:284)\n	at org.springframework.retry.support.RetryTemplate.handleRetryExhausted(RetryTemplate.java:573)\n	at org.springframework.retry.support.RetryTemplate.doExecute(RetryTemplate.java:418)\n	at org.springframework.retry.support.RetryTemplate.execute(RetryTemplate.java:276)\n	at org.springframework.batch.core.step.item.BatchRetryTemplate.execute(BatchRetryTemplate.java:216)\n	at org.springframework.batch.core.step.item.FaultTolerantChunkProcessor.transform(FaultTolerantChunkProcessor.java:291)\n	at org.springframework.batch.core.step.item.SimpleChunkProcessor.process(SimpleChunkProcessor.java:220)\n	at org.springframework.batch.core.step.item.ChunkOrientedTasklet.execute(ChunkOrientedTasklet.java:75)\n	at org.springframework.batch.core.step.tasklet.TaskletStep$ChunkTransactionCallback.doInTransaction(TaskletStep.java:383)\n	at org.springframework.batch.core.step.tasklet.TaskletStep$ChunkTransactionCallback.doInTransaction(TaskletStep.java:307)\n	at org.springframework.transaction.support.TransactionTemplate.execute(TransactionTemplate.java:140)\n	at org.springframework.batch.core.step.tasklet.TaskletStep$2.doInChunkContext(TaskletStep.java:250)\n	at org.springframework.batch.core.scope.context.StepContextRepeatCallback.doInIteration(StepContextRepeatCallback.java:82)\n	at org.springframework.batch.repeat.support.RepeatTemplate.getNextResult(RepeatTemplate.java:369)\n	at org.springframework.batch.repeat.support.RepeatTemplate.executeInternal(RepeatTemplate.java:206)\n	at org.springframework.batch.repeat.support.RepeatTemplate.iterate(RepeatTemplate.java:140)\n	at org.springframework.batch.core.step.tasklet.TaskletStep.doExecute(TaskletStep.java:235)\n	at org.springframework.batch.core.step.AbstractStep.execute(AbstractStep.java:230)\n	at org.springframework.batch.core.job.SimpleStepHandler.handleStep(SimpleStepHandler.java:153)\n	at org.springframework.batch.core.job.AbstractJob.handleStep(AbstractJob.java:408)\n	at org.springframework.batch.core.job.SimpleJob.doExecute(SimpleJob.java:127)\n	at org.springframework.batch.core.job.AbstractJob.execute(AbstractJob.java:307)\n	at org.springframework.batch.core.launch.support.TaskExecutorJobLauncher$1.run(TaskExecutorJobLauncher.java:155)\n	at org.springframework.core.task.SyncTaskExecutor.execute(SyncTaskExecutor.java', VERSION = VERSION + 1, CREATE_TIME = '2026-01-17 20:08:09.422231', LAST_UPDATED = '2026-01-17 20:08:18.384477'
WHERE JOB_EXECUTION_ID = 7 AND VERSION = 1
2026-01-17T11:08:18.392909Z	  102 Query	COMMIT
2026-01-17T11:08:18.403666Z	  102 Query	SET autocommit=1
2026-01-17T11:08:18.417698Z	  110 Quit	
2026-01-17T11:08:18.417729Z	  107 Quit	
2026-01-17T11:08:18.417743Z	  106 Quit	
2026-01-17T11:08:18.417862Z	  102 Quit	
2026-01-17T11:08:18.417896Z	  104 Quit	
2026-01-17T11:08:18.417896Z	  109 Quit	
2026-01-17T11:08:18.417926Z	  105 Quit	
2026-01-17T11:08:18.417937Z	  101 Quit	
2026-01-17T11:08:18.417980Z	  103 Quit	
2026-01-17T11:08:18.419133Z	  108 Quit	
2026-01-17T11:10:00.115244Z	  111 Connect	root@172.19.0.1 on spring_batch using TCP/IP
2026-01-17T11:10:00.126157Z	  111 Query	/* mysql-connector-j-9.5.0 (Revision: a7b3c94f50efbddb9f0dd69b3e0d1aaa25305cd6) */SELECT  @@session.auto_increment_increment AS auto_increment_increment, @@character_set_client AS character_set_client, @@character_set_connection AS character_set_connection, @@character_set_results AS character_set_results, @@character_set_server AS character_set_server, @@collation_server AS collation_server, @@collation_connection AS collation_connection, @@init_connect AS init_connect, @@interactive_timeout AS interactive_timeout, @@license AS license, @@lower_case_table_names AS lower_case_table_names, @@max_allowed_packet AS max_allowed_packet, @@net_write_timeout AS net_write_timeout, @@performance_schema AS performance_schema, @@sql_mode AS sql_mode, @@system_time_zone AS system_time_zone, @@time_zone AS time_zone, @@transaction_isolation AS transaction_isolation, @@wait_timeout AS wait_timeout
2026-01-17T11:10:00.132415Z	  111 Query	SET character_set_results = NULL
2026-01-17T11:10:00.134659Z	  111 Query	SET autocommit=1
2026-01-17T11:10:00.138119Z	  111 Query	SELECT @@session.transaction_read_only
2026-01-17T11:10:00.141924Z	  111 Query	SELECT @@session.transaction_isolation
2026-01-17T11:10:00.255030Z	  112 Connect	root@172.19.0.1 on spring_batch using TCP/IP
2026-01-17T11:10:00.257681Z	  112 Query	/* mysql-connector-j-9.5.0 (Revision: a7b3c94f50efbddb9f0dd69b3e0d1aaa25305cd6) */SELECT  @@session.auto_increment_increment AS auto_increment_increment, @@character_set_client AS character_set_client, @@character_set_connection AS character_set_connection, @@character_set_results AS character_set_results, @@character_set_server AS character_set_server, @@collation_server AS collation_server, @@collation_connection AS collation_connection, @@init_connect AS init_connect, @@interactive_timeout AS interactive_timeout, @@license AS license, @@lower_case_table_names AS lower_case_table_names, @@max_allowed_packet AS max_allowed_packet, @@net_write_timeout AS net_write_timeout, @@performance_schema AS performance_schema, @@sql_mode AS sql_mode, @@system_time_zone AS system_time_zone, @@time_zone AS time_zone, @@transaction_isolation AS transaction_isolation, @@wait_timeout AS wait_timeout
2026-01-17T11:10:00.259510Z	  112 Query	SET character_set_results = NULL
2026-01-17T11:10:00.261396Z	  112 Query	SET autocommit=1
2026-01-17T11:10:00.263724Z	  112 Query	SELECT @@session.transaction_read_only
2026-01-17T11:10:00.302093Z	  113 Connect	root@172.19.0.1 on spring_batch using TCP/IP
2026-01-17T11:10:00.304316Z	  113 Query	/* mysql-connector-j-9.5.0 (Revision: a7b3c94f50efbddb9f0dd69b3e0d1aaa25305cd6) */SELECT  @@session.auto_increment_increment AS auto_increment_increment, @@character_set_client AS character_set_client, @@character_set_connection AS character_set_connection, @@character_set_results AS character_set_results, @@character_set_server AS character_set_server, @@collation_server AS collation_server, @@collation_connection AS collation_connection, @@init_connect AS init_connect, @@interactive_timeout AS interactive_timeout, @@license AS license, @@lower_case_table_names AS lower_case_table_names, @@max_allowed_packet AS max_allowed_packet, @@net_write_timeout AS net_write_timeout, @@performance_schema AS performance_schema, @@sql_mode AS sql_mode, @@system_time_zone AS system_time_zone, @@time_zone AS time_zone, @@transaction_isolation AS transaction_isolation, @@wait_timeout AS wait_timeout
2026-01-17T11:10:00.306717Z	  113 Query	SET character_set_results = NULL
2026-01-17T11:10:00.309253Z	  113 Query	SET autocommit=1
2026-01-17T11:10:00.310664Z	  113 Query	SELECT @@session.transaction_read_only
2026-01-17T11:10:00.348432Z	  114 Connect	root@172.19.0.1 on spring_batch using TCP/IP
2026-01-17T11:10:00.351679Z	  114 Query	/* mysql-connector-j-9.5.0 (Revision: a7b3c94f50efbddb9f0dd69b3e0d1aaa25305cd6) */SELECT  @@session.auto_increment_increment AS auto_increment_increment, @@character_set_client AS character_set_client, @@character_set_connection AS character_set_connection, @@character_set_results AS character_set_results, @@character_set_server AS character_set_server, @@collation_server AS collation_server, @@collation_connection AS collation_connection, @@init_connect AS init_connect, @@interactive_timeout AS interactive_timeout, @@license AS license, @@lower_case_table_names AS lower_case_table_names, @@max_allowed_packet AS max_allowed_packet, @@net_write_timeout AS net_write_timeout, @@performance_schema AS performance_schema, @@sql_mode AS sql_mode, @@system_time_zone AS system_time_zone, @@time_zone AS time_zone, @@transaction_isolation AS transaction_isolation, @@wait_timeout AS wait_timeout
2026-01-17T11:10:00.353912Z	  114 Query	SET character_set_results = NULL
2026-01-17T11:10:00.357754Z	  114 Query	SET autocommit=1
2026-01-17T11:10:00.359625Z	  114 Query	SELECT @@session.transaction_read_only
2026-01-17T11:10:00.399823Z	  115 Connect	root@172.19.0.1 on spring_batch using TCP/IP
2026-01-17T11:10:00.402694Z	  115 Query	/* mysql-connector-j-9.5.0 (Revision: a7b3c94f50efbddb9f0dd69b3e0d1aaa25305cd6) */SELECT  @@session.auto_increment_increment AS auto_increment_increment, @@character_set_client AS character_set_client, @@character_set_connection AS character_set_connection, @@character_set_results AS character_set_results, @@character_set_server AS character_set_server, @@collation_server AS collation_server, @@collation_connection AS collation_connection, @@init_connect AS init_connect, @@interactive_timeout AS interactive_timeout, @@license AS license, @@lower_case_table_names AS lower_case_table_names, @@max_allowed_packet AS max_allowed_packet, @@net_write_timeout AS net_write_timeout, @@performance_schema AS performance_schema, @@sql_mode AS sql_mode, @@system_time_zone AS system_time_zone, @@time_zone AS time_zone, @@transaction_isolation AS transaction_isolation, @@wait_timeout AS wait_timeout
2026-01-17T11:10:00.406919Z	  115 Query	SET character_set_results = NULL
2026-01-17T11:10:00.410405Z	  115 Query	SET autocommit=1
2026-01-17T11:10:00.412842Z	  115 Query	SELECT @@session.transaction_read_only
2026-01-17T11:10:00.432128Z	  111 Query	SELECT WORD FROM INFORMATION_SCHEMA.KEYWORDS WHERE RESERVED = 1 ORDER BY WORD
2026-01-17T11:10:00.448629Z	  116 Connect	root@172.19.0.1 on spring_batch using TCP/IP
2026-01-17T11:10:00.453036Z	  116 Query	/* mysql-connector-j-9.5.0 (Revision: a7b3c94f50efbddb9f0dd69b3e0d1aaa25305cd6) */SELECT  @@session.auto_increment_increment AS auto_increment_increment, @@character_set_client AS character_set_client, @@character_set_connection AS character_set_connection, @@character_set_results AS character_set_results, @@character_set_server AS character_set_server, @@collation_server AS collation_server, @@collation_connection AS collation_connection, @@init_connect AS init_connect, @@interactive_timeout AS interactive_timeout, @@license AS license, @@lower_case_table_names AS lower_case_table_names, @@max_allowed_packet AS max_allowed_packet, @@net_write_timeout AS net_write_timeout, @@performance_schema AS performance_schema, @@sql_mode AS sql_mode, @@system_time_zone AS system_time_zone, @@time_zone AS time_zone, @@transaction_isolation AS transaction_isolation, @@wait_timeout AS wait_timeout
2026-01-17T11:10:00.456303Z	  116 Query	SET character_set_results = NULL
2026-01-17T11:10:00.458978Z	  116 Query	SET autocommit=1
2026-01-17T11:10:00.461029Z	  116 Query	SELECT @@session.transaction_read_only
2026-01-17T11:10:00.472337Z	  111 Query	SELECT @@character_set_database, @@sql_mode
2026-01-17T11:10:00.501968Z	  117 Connect	root@172.19.0.1 on spring_batch using TCP/IP
2026-01-17T11:10:00.505246Z	  117 Query	/* mysql-connector-j-9.5.0 (Revision: a7b3c94f50efbddb9f0dd69b3e0d1aaa25305cd6) */SELECT  @@session.auto_increment_increment AS auto_increment_increment, @@character_set_client AS character_set_client, @@character_set_connection AS character_set_connection, @@character_set_results AS character_set_results, @@character_set_server AS character_set_server, @@collation_server AS collation_server, @@collation_connection AS collation_connection, @@init_connect AS init_connect, @@interactive_timeout AS interactive_timeout, @@license AS license, @@lower_case_table_names AS lower_case_table_names, @@max_allowed_packet AS max_allowed_packet, @@net_write_timeout AS net_write_timeout, @@performance_schema AS performance_schema, @@sql_mode AS sql_mode, @@system_time_zone AS system_time_zone, @@time_zone AS time_zone, @@transaction_isolation AS transaction_isolation, @@wait_timeout AS wait_timeout
2026-01-17T11:10:00.510532Z	  117 Query	SET character_set_results = NULL
2026-01-17T11:10:00.512199Z	  117 Query	SET autocommit=1
2026-01-17T11:10:00.514869Z	  117 Query	SELECT @@session.transaction_read_only
2026-01-17T11:10:00.554845Z	  118 Connect	root@172.19.0.1 on spring_batch using TCP/IP
2026-01-17T11:10:00.557962Z	  118 Query	/* mysql-connector-j-9.5.0 (Revision: a7b3c94f50efbddb9f0dd69b3e0d1aaa25305cd6) */SELECT  @@session.auto_increment_increment AS auto_increment_increment, @@character_set_client AS character_set_client, @@character_set_connection AS character_set_connection, @@character_set_results AS character_set_results, @@character_set_server AS character_set_server, @@collation_server AS collation_server, @@collation_connection AS collation_connection, @@init_connect AS init_connect, @@interactive_timeout AS interactive_timeout, @@license AS license, @@lower_case_table_names AS lower_case_table_names, @@max_allowed_packet AS max_allowed_packet, @@net_write_timeout AS net_write_timeout, @@performance_schema AS performance_schema, @@sql_mode AS sql_mode, @@system_time_zone AS system_time_zone, @@time_zone AS time_zone, @@transaction_isolation AS transaction_isolation, @@wait_timeout AS wait_timeout
2026-01-17T11:10:00.559845Z	  118 Query	SET character_set_results = NULL
2026-01-17T11:10:00.561829Z	  118 Query	SET autocommit=1
2026-01-17T11:10:00.564558Z	  118 Query	SELECT @@session.transaction_read_only
2026-01-17T11:10:00.609004Z	  119 Connect	root@172.19.0.1 on spring_batch using TCP/IP
2026-01-17T11:10:00.610892Z	  119 Query	/* mysql-connector-j-9.5.0 (Revision: a7b3c94f50efbddb9f0dd69b3e0d1aaa25305cd6) */SELECT  @@session.auto_increment_increment AS auto_increment_increment, @@character_set_client AS character_set_client, @@character_set_connection AS character_set_connection, @@character_set_results AS character_set_results, @@character_set_server AS character_set_server, @@collation_server AS collation_server, @@collation_connection AS collation_connection, @@init_connect AS init_connect, @@interactive_timeout AS interactive_timeout, @@license AS license, @@lower_case_table_names AS lower_case_table_names, @@max_allowed_packet AS max_allowed_packet, @@net_write_timeout AS net_write_timeout, @@performance_schema AS performance_schema, @@sql_mode AS sql_mode, @@system_time_zone AS system_time_zone, @@time_zone AS time_zone, @@transaction_isolation AS transaction_isolation, @@wait_timeout AS wait_timeout
2026-01-17T11:10:00.612279Z	  119 Query	SET character_set_results = NULL
2026-01-17T11:10:00.613375Z	  119 Query	SET autocommit=1
2026-01-17T11:10:00.615336Z	  119 Query	SELECT @@session.transaction_read_only
2026-01-17T11:10:00.657037Z	  120 Connect	root@172.19.0.1 on spring_batch using TCP/IP
2026-01-17T11:10:00.660152Z	  120 Query	/* mysql-connector-j-9.5.0 (Revision: a7b3c94f50efbddb9f0dd69b3e0d1aaa25305cd6) */SELECT  @@session.auto_increment_increment AS auto_increment_increment, @@character_set_client AS character_set_client, @@character_set_connection AS character_set_connection, @@character_set_results AS character_set_results, @@character_set_server AS character_set_server, @@collation_server AS collation_server, @@collation_connection AS collation_connection, @@init_connect AS init_connect, @@interactive_timeout AS interactive_timeout, @@license AS license, @@lower_case_table_names AS lower_case_table_names, @@max_allowed_packet AS max_allowed_packet, @@net_write_timeout AS net_write_timeout, @@performance_schema AS performance_schema, @@sql_mode AS sql_mode, @@system_time_zone AS system_time_zone, @@time_zone AS time_zone, @@transaction_isolation AS transaction_isolation, @@wait_timeout AS wait_timeout
2026-01-17T11:10:00.664969Z	  120 Query	SET character_set_results = NULL
2026-01-17T11:10:00.667291Z	  120 Query	SET autocommit=1
2026-01-17T11:10:00.669997Z	  120 Query	SELECT @@session.transaction_read_only
2026-01-17T11:10:00.940760Z	  111 Query	SELECT TABLE_SCHEMA AS TABLE_CAT, NULL AS TABLE_SCHEM, TABLE_NAME, CASE WHEN TABLE_TYPE = 'BASE TABLE' THEN CASE WHEN TABLE_SCHEMA = 'mysql' OR TABLE_SCHEMA = 'performance_schema' OR TABLE_SCHEMA = 'sys' THEN 'SYSTEM TABLE' ELSE 'TABLE' END WHEN TABLE_TYPE = 'TEMPORARY' THEN 'LOCAL_TEMPORARY' ELSE TABLE_TYPE END AS TABLE_TYPE, TABLE_COMMENT AS REMARKS, NULL AS TYPE_CAT, NULL AS TYPE_SCHEM, NULL AS TYPE_NAME, NULL AS SELF_REFERENCING_COL_NAME, NULL AS REF_GENERATION FROM INFORMATION_SCHEMA.TABLES WHERE TABLE_SCHEMA = 'spring_batch' AND TABLE_NAME LIKE '%' HAVING TABLE_TYPE IN ('TABLE','VIEW',null,null,null) ORDER BY TABLE_TYPE, TABLE_SCHEMA, TABLE_NAME
2026-01-17T11:10:00.949395Z	  111 Query	SELECT DEFAULT_COLLATION_NAME FROM INFORMATION_SCHEMA.SCHEMATA WHERE SCHEMA_NAME = 'information_schema'
2026-01-17T11:10:00.954661Z	  111 Query	SELECT TABLE_SCHEMA, NULL, TABLE_NAME, COLUMN_NAME, CASE WHEN UPPER(DATA_TYPE) = 'DECIMAL' THEN 3 WHEN UPPER(DATA_TYPE) = 'DECIMAL UNSIGNED' THEN 3 WHEN UPPER(DATA_TYPE) = 'TINYINT' THEN IF(LOCATE('ZEROFILL', UPPER(COLUMN_TYPE)) = 0 AND LOCATE('UNSIGNED', UPPER(COLUMN_TYPE)) = 0 AND LOCATE('(1)', COLUMN_TYPE) != 0, -7, -6) WHEN UPPER(DATA_TYPE) = 'TINYINT UNSIGNED' THEN IF(LOCATE('ZEROFILL', UPPER(COLUMN_TYPE)) = 0 AND LOCATE('UNSIGNED', UPPER(COLUMN_TYPE)) = 0 AND LOCATE('(1)', COLUMN_TYPE) != 0, -7, -6) WHEN UPPER(DATA_TYPE) = 'BOOLEAN' THEN 16 WHEN UPPER(DATA_TYPE) = 'SMALLINT' THEN 5 WHEN UPPER(DATA_TYPE) = 'SMALLINT UNSIGNED' THEN 5 WHEN UPPER(DATA_TYPE) = 'INT' THEN 4 WHEN UPPER(DATA_TYPE) = 'INT UNSIGNED' THEN 4 WHEN UPPER(DATA_TYPE) = 'FLOAT' THEN 7 WHEN UPPER(DATA_TYPE) = 'FLOAT UNSIGNED' THEN 7 WHEN UPPER(DATA_TYPE) = 'DOUBLE' THEN 8 WHEN UPPER(DATA_TYPE) = 'DOUBLE UNSIGNED' THEN 8 WHEN UPPER(DATA_TYPE) = 'NULL' THEN 0 WHEN UPPER(DATA_TYPE) = 'TIMESTAMP' THEN 93 WHEN UPPER(DATA_TYPE) = 'BIGINT' THEN -5 WHEN UPPER(DATA_TYPE) = 'BIGINT UNSIGNED' THEN -5 WHEN UPPER(DATA_TYPE) = 'MEDIUMINT' THEN 4 WHEN UPPER(DATA_TYPE) = 'MEDIUMINT UNSIGNED' THEN 4 WHEN UPPER(DATA_TYPE) = 'DATE' THEN 91 WHEN UPPER(DATA_TYPE) = 'TIME' THEN 92 WHEN UPPER(DATA_TYPE) = 'DATETIME' THEN 93 WHEN UPPER(DATA_TYPE) = 'YEAR' THEN 91 WHEN UPPER(DATA_TYPE) = 'VARCHAR' THEN 12 WHEN UPPER(DATA_TYPE) = 'VARBINARY' THEN -3 WHEN UPPER(DATA_TYPE) = 'BIT' THEN -7 WHEN UPPER(DATA_TYPE) = 'JSON' THEN -1 WHEN UPPER(DATA_TYPE) = 'ENUM' THEN 1 WHEN UPPER(DATA_TYPE) = 'SET' THEN 1 WHEN UPPER(DATA_TYPE) = 'TINYBLOB' THEN -3 WHEN UPPER(DATA_TYPE) = 'TINYTEXT' THEN 12 WHEN UPPER(DATA_TYPE) = 'MEDIUMBLOB' THEN -4 WHEN UPPER(DATA_TYPE) = 'MEDIUMTEXT' THEN -1 WHEN UPPER(DATA_TYPE) = 'LONGBLOB' THEN -4 WHEN UPPER(DATA_TYPE) = 'LONGTEXT' THEN -1 WHEN UPPER(DATA_TYPE) = 'BLOB' THEN -4 WHEN UPPER(DATA_TYPE) = 'TEXT' THEN -1 WHEN UPPER(DATA_TYPE) = 'CHAR' THEN 1 WHEN UPPER(DATA_TYPE) = 'BINARY' THEN -2 WHEN UPPER(DATA_TYPE) = 'GEOMETRY' THEN -2 WHEN UPPER(DATA_TYPE) = 'VECTOR' THEN -4 WHEN UPPER(DATA_TYPE) = 'UNKNOWN' THEN 1111 WHEN UPPER(DATA_TYPE) = 'POINT' THEN -2 WHEN UPPER(DATA_TYPE) = 'LINESTRING' THEN -2 WHEN UPPER(DATA_TYPE) = 'POLYGON' THEN -2 WHEN UPPER(DATA_TYPE) = 'MULTIPOINT' THEN -2 WHEN UPPER(DATA_TYPE) = 'MULTILINESTRING' THEN -2 WHEN UPPER(DATA_TYPE) = 'MULTIPOLYGON' THEN -2 WHEN UPPER(DATA_TYPE) = 'GEOMETRYCOLLECTION' THEN -2 WHEN UPPER(DATA_TYPE) = 'GEOMCOLLECTION' THEN -2 ELSE 1111 END AS DATA_TYPE, UPPER(CASE WHEN UPPER(DATA_TYPE) = 'TINYINT' THEN CASE WHEN LOCATE('ZEROFILL', UPPER(COLUMN_TYPE)) = 0 AND LOCATE('UNSIGNED', UPPER(COLUMN_TYPE)) = 0 AND LOCATE('(1)', COLUMN_TYPE) != 0 THEN 'BIT' WHEN LOCATE('UNSIGNED', UPPER(COLUMN_TYPE)) != 0 AND LOCATE('UNSIGNED', UPPER(DATA_TYPE)) = 0 THEN 'TINYINT UNSIGNED' ELSE DATA_TYPE END WHEN LOCATE('UNSIGNED', UPPER(COLUMN_TYPE)) != 0 AND LOCATE('UNSIGNED', UPPER(DATA_TYPE)) = 0 AND LOCATE('SET', UPPER(DATA_TYPE)) <> 1 AND LOCATE('ENUM', UPPER(DATA_TYPE)) <> 1 THEN CONCAT(DATA_TYPE, ' UNSIGNED') WHEN UPPER(DATA_TYPE) = 'POINT' THEN 'GEOMETRY' WHEN UPPER(DATA_TYPE) = 'LINESTRING' THEN 'GEOMETRY' WHEN UPPER(DATA_TYPE) = 'POLYGON' THEN 'GEOMETRY' WHEN UPPER(DATA_TYPE) = 'MULTIPOINT' THEN 'GEOMETRY' WHEN UPPER(DATA_TYPE) = 'MULTILINESTRING' THEN 'GEOMETRY' WHEN UPPER(DATA_TYPE) = 'MULTIPOLYGON' THEN 'GEOMETRY' WHEN UPPER(DATA_TYPE) = 'GEOMETRYCOLLECTION' THEN 'GEOMETRY' WHEN UPPER(DATA_TYPE) = 'GEOMCOLLECTION' THEN 'GEOMETRY' ELSE UPPER(DATA_TYPE) END) AS TYPE_NAME, UPPER(CASE WHEN UPPER(DATA_TYPE) = 'YEAR' THEN 4 WHEN UPPER(DATA_TYPE) = 'DATE' THEN 10 WHEN UPPER(DATA_TYPE) = 'DATETIME' OR UPPER(DATA_TYPE) = 'TIMESTAMP' THEN 19 + IF(DATETIME_PRECISION > 0, DATETIME_PRECISION + 1, DATETIME_PRECISION) WHEN UPPER(DATA_TYPE) = 'TIME' THEN 8 + IF(DATETIME_PRECISION > 0, DATETIME_PRECISION + 1, DATETIME_PRECISION) WHEN UPPER(DATA_TYPE) = 'TINYINT' AND LOCATE('ZEROFILL', UPPER(COLUMN_TYPE)) = 0 AND LOCATE('UNSIGNED', UPPER(COLUMN_TYPE)) = 0 AND LOCATE('(1)', COLUMN_TYPE) != 0 THEN 1 WHEN UPPER(DATA_TYPE) = 'MEDIUMINT' AND LOCATE('UNSIGNED', UPPER(COLUMN_TYPE)) != 0 THEN 8 WHEN UPPER(DATA_TYPE) = 'JSON' THEN 1073741824 WHEN UPPER(DATA_TYPE) = 'GEOMETRY' THEN 65535 WHEN UPPER(DATA_TYPE) = 'POINT' THEN 65535 WHEN UPPER(DATA_TYPE) = 'LINESTRING' THEN 65535 WHEN UPPER(DATA_TYPE) = 'POLYGON' THEN 65535 WHEN UPPER(DATA_TYPE) = 'MULTIPOINT' THEN 65535 WHEN UPPER(DATA_TYPE) = 'MULTILINESTRING' THEN 65535 WHEN UPPER(DATA_TYPE) = 'MULTIPOLYGON' THEN 65535 WHEN UPPER(DATA_TYPE) = 'GEOMETRYCOLLECTION' THEN 65535 WHEN UPPER(DATA_TYPE) = 'GEOMCOLLECTION' THEN 65535 WHEN CHARACTER_MAXIMUM_LENGTH IS NULL THEN NUMERIC_PRECISION WHEN CHARACTER_MAXIMUM_LENGTH > 2147483647 THEN 2147483647 ELSE CHARACTER_MAXIMUM_LENGTH END) AS COLUMN_SIZE, 65535 AS BUFFER_LENGTH, UPPER(CASE WHEN UPPER(DATA_TYPE) = 'DECIMAL' THEN NUMERIC_SCALE WHEN UPPER(DATA_TYPE) = 'FLOAT' OR UPPER(DATA_TYPE) = 'DOUBLE' THEN IF(NUMERIC_SCALE IS NULL, 0, NUMERIC_SCALE) ELSE NULL END) AS DECIMAL_DIGITS, 10 AS NUM_PREC_RADIX, CASE WHEN IS_NULLABLE COLLATE utf8mb3_general_ci= 'NO' THEN 0 ELSE CASE WHEN IS_NULLABLE COLLATE utf8mb3_general_ci= 'YES' THEN 1 ELSE 2 END END AS NULLABLE, COLUMN_COMMENT AS REMARKS, COLUMN_DEFAULT AS COLUMN_DEF, 0 AS SQL_DATA_TYPE, 0 AS SQL_DATETIME_SUB, CASE WHEN CHARACTER_OCTET_LENGTH > 2147483647 THEN 2147483647 ELSE CHARACTER_OCTET_LENGTH END AS CHAR_OCTET_LENGTH, ORDINAL_POSITION, IS_NULLABLE, NULL AS SCOPE_CATALOG, NULL AS SCOPE_SCHEMA, NULL AS SCOPE_TABLE, NULL AS SOURCE_DATA_TYPE, IF (EXTRA COLLATE utf8mb3_general_ci LIKE '%auto_increment%','YES','NO') AS IS_AUTOINCREMENT, IF (EXTRA COLLATE utf8mb3_general_ci LIKE  '%GENERATED%','YES','NO') AS IS_GENERATEDCOLUMN FROM INFORMATION_SCHEMA.COLUMNS WHERE TABLE_SCHEMA = 'spring_batch' AND COLUMN_NAME LIKE '%' ORDER BY TABLE_SCHEMA, TABLE_NAME, ORDINAL_POSITION
2026-01-17T11:10:01.244157Z	  111 Query	SET autocommit=0
2026-01-17T11:10:01.257409Z	  111 Query	SELECT JOB_INSTANCE_ID, JOB_NAME
FROM BATCH_JOB_INSTANCE
WHERE JOB_NAME = 'paymentReportJob'
 AND JOB_KEY = '707ec73dd12b0f41282c25fa41873735'
2026-01-17T11:10:01.262404Z	  111 Query	COMMIT
2026-01-17T11:10:01.265656Z	  111 Query	SET autocommit=1
2026-01-17T11:10:01.270148Z	  111 Query	SELECT JOB_INSTANCE_ID, JOB_NAME
FROM BATCH_JOB_INSTANCE I1
WHERE I1.JOB_NAME = 'paymentReportJob' AND I1.JOB_INSTANCE_ID = (SELECT MAX(I2.JOB_INSTANCE_ID) FROM BATCH_JOB_INSTANCE I2 WHERE I2.JOB_NAME = 'paymentReportJob')
2026-01-17T11:10:01.278412Z	  111 Query	SELECT JOB_EXECUTION_ID, START_TIME, END_TIME, STATUS, EXIT_CODE, EXIT_MESSAGE, CREATE_TIME, LAST_UPDATED, VERSION
FROM BATCH_JOB_EXECUTION
 WHERE JOB_INSTANCE_ID = 7 AND JOB_EXECUTION_ID IN (SELECT MAX(JOB_EXECUTION_ID) FROM BATCH_JOB_EXECUTION E2 WHERE E2.JOB_INSTANCE_ID = 7)
2026-01-17T11:10:01.283165Z	  111 Query	SELECT JOB_EXECUTION_ID, PARAMETER_NAME, PARAMETER_TYPE, PARAMETER_VALUE, IDENTIFYING
FROM BATCH_JOB_EXECUTION_PARAMS
WHERE JOB_EXECUTION_ID = 7
2026-01-17T11:10:01.289111Z	  111 Query	SELECT JI.JOB_INSTANCE_ID, JOB_NAME, JOB_KEY, JI.VERSION
FROM BATCH_JOB_INSTANCE JI, BATCH_JOB_EXECUTION JE
WHERE JOB_EXECUTION_ID = 7 AND JI.JOB_INSTANCE_ID = JE.JOB_INSTANCE_ID
2026-01-17T11:10:01.292115Z	  111 Query	SELECT STEP_EXECUTION_ID, STEP_NAME, START_TIME, END_TIME, STATUS, COMMIT_COUNT, READ_COUNT, FILTER_COUNT, WRITE_COUNT, EXIT_CODE, EXIT_MESSAGE, READ_SKIP_COUNT, WRITE_SKIP_COUNT, PROCESS_SKIP_COUNT, ROLLBACK_COUNT, LAST_UPDATED, VERSION, CREATE_TIME
FROM BATCH_STEP_EXECUTION
 WHERE JOB_EXECUTION_ID = 7 ORDER BY STEP_EXECUTION_ID
2026-01-17T11:10:01.295102Z	  111 Query	SELECT SHORT_CONTEXT, SERIALIZED_CONTEXT
FROM BATCH_JOB_EXECUTION_CONTEXT
WHERE JOB_EXECUTION_ID = 7
2026-01-17T11:10:01.298690Z	  111 Query	SELECT SHORT_CONTEXT, SERIALIZED_CONTEXT
FROM BATCH_STEP_EXECUTION_CONTEXT
WHERE STEP_EXECUTION_ID = 7
2026-01-17T11:10:01.301875Z	  111 Query	SELECT @@session.transaction_isolation
2026-01-17T11:10:01.304068Z	  111 Query	SET SESSION TRANSACTION ISOLATION LEVEL SERIALIZABLE
2026-01-17T11:10:01.305348Z	  111 Query	SET autocommit=0
2026-01-17T11:10:01.307049Z	  111 Query	SELECT JOB_INSTANCE_ID, JOB_NAME
FROM BATCH_JOB_INSTANCE
WHERE JOB_NAME = 'paymentReportJob'
 AND JOB_KEY = '3aa7010d46cd84576b6c0c17b8c85ce8'
2026-01-17T11:10:01.309560Z	  111 Query	COMMIT
2026-01-17T11:10:01.311656Z	  111 Query	SET autocommit=1
2026-01-17T11:10:01.312909Z	  111 Query	SET SESSION TRANSACTION ISOLATION LEVEL REPEATABLE READ
2026-01-17T11:10:01.314051Z	  111 Query	SELECT @@session.transaction_isolation
2026-01-17T11:10:01.315160Z	  111 Query	SET SESSION TRANSACTION ISOLATION LEVEL SERIALIZABLE
2026-01-17T11:10:01.316250Z	  111 Query	SET autocommit=0
2026-01-17T11:10:01.317506Z	  111 Query	SELECT JOB_INSTANCE_ID, JOB_NAME
FROM BATCH_JOB_INSTANCE
WHERE JOB_NAME = 'paymentReportJob'
 AND JOB_KEY = '3aa7010d46cd84576b6c0c17b8c85ce8'
2026-01-17T11:10:01.319059Z	  111 Query	SELECT JOB_INSTANCE_ID, JOB_NAME
FROM BATCH_JOB_INSTANCE
WHERE JOB_NAME = 'paymentReportJob'
 AND JOB_KEY = '3aa7010d46cd84576b6c0c17b8c85ce8'
2026-01-17T11:10:01.321816Z	  112 Query	SET autocommit=0
2026-01-17T11:10:01.325258Z	  112 Query	update BATCH_JOB_SEQ set ID = last_insert_id(ID + 1) limit 1
2026-01-17T11:10:01.327877Z	  112 Query	select last_insert_id()
2026-01-17T11:10:01.329229Z	  112 Query	COMMIT
2026-01-17T11:10:01.335209Z	  112 Query	SET autocommit=1
2026-01-17T11:10:01.338856Z	  111 Query	INSERT INTO BATCH_JOB_INSTANCE(JOB_INSTANCE_ID, JOB_NAME, JOB_KEY, VERSION)
	VALUES (8, 'paymentReportJob', '3aa7010d46cd84576b6c0c17b8c85ce8', 0)
2026-01-17T11:10:01.342300Z	  112 Query	SET autocommit=0
2026-01-17T11:10:01.344792Z	  112 Query	update BATCH_JOB_EXECUTION_SEQ set ID = last_insert_id(ID + 1) limit 1
2026-01-17T11:10:01.347448Z	  112 Query	select last_insert_id()
2026-01-17T11:10:01.349802Z	  112 Query	COMMIT
2026-01-17T11:10:01.356135Z	  112 Query	SET autocommit=1
2026-01-17T11:10:01.367848Z	  111 Query	INSERT INTO BATCH_JOB_EXECUTION(JOB_EXECUTION_ID, JOB_INSTANCE_ID, START_TIME, END_TIME, STATUS, EXIT_CODE, EXIT_MESSAGE, VERSION, CREATE_TIME, LAST_UPDATED)
	VALUES (8, 8, null, null, 'STARTING', 'UNKNOWN', '', 0, '2026-01-17 20:10:01.342039', '2026-01-17 20:10:01.342056')
2026-01-17T11:10:01.373780Z	  111 Query	SELECT @@session.transaction_read_only
2026-01-17T11:10:01.376925Z	  111 Query	INSERT INTO BATCH_JOB_EXECUTION_PARAMS(JOB_EXECUTION_ID, PARAMETER_NAME, PARAMETER_TYPE, PARAMETER_VALUE, IDENTIFYING)
	VALUES (8, 'paymentDate', 'java.lang.String', '2025-05-01', 'Y')
2026-01-17T11:10:01.379745Z	  111 Query	INSERT INTO BATCH_JOB_EXECUTION_PARAMS(JOB_EXECUTION_ID, PARAMETER_NAME, PARAMETER_TYPE, PARAMETER_VALUE, IDENTIFYING)
	VALUES (8, 'run.id', 'java.lang.Long', '8', 'Y')
2026-01-17T11:10:01.383680Z	  111 Query	INSERT INTO BATCH_JOB_EXECUTION_CONTEXT (SHORT_CONTEXT, SERIALIZED_CONTEXT, JOB_EXECUTION_ID)
	VALUES('rO0ABXNyABFqYXZhLnV0aWwuSGFzaE1hcAUH2sHDFmDRAwACRgAKbG9hZEZhY3RvckkACXRocmVzaG9sZHhwP0AAAAAAAAB3CAAAABAAAAAAeA==', null, 8)
2026-01-17T11:10:01.388130Z	  111 Query	COMMIT
2026-01-17T11:10:01.392263Z	  111 Query	SET autocommit=1
2026-01-17T11:10:01.399133Z	  111 Query	SET SESSION TRANSACTION ISOLATION LEVEL REPEATABLE READ
2026-01-17T11:10:01.409648Z	  111 Query	SET autocommit=0
2026-01-17T11:10:01.413662Z	  111 Query	SELECT VERSION
FROM BATCH_JOB_EXECUTION
WHERE JOB_EXECUTION_ID=8
2026-01-17T11:10:01.417685Z	  111 Query	SELECT COUNT(*)
FROM BATCH_JOB_EXECUTION
WHERE JOB_EXECUTION_ID = 8
2026-01-17T11:10:01.421286Z	  111 Query	UPDATE BATCH_JOB_EXECUTION
SET START_TIME = '2026-01-17 20:10:01.408256', END_TIME = null,  STATUS = 'STARTED', EXIT_CODE = 'UNKNOWN', EXIT_MESSAGE = '', VERSION = VERSION + 1, CREATE_TIME = '2026-01-17 20:10:01.342039', LAST_UPDATED = '2026-01-17 20:10:01.412467'
WHERE JOB_EXECUTION_ID = 8 AND VERSION = 0
2026-01-17T11:10:01.425373Z	  111 Query	COMMIT
2026-01-17T11:10:01.436830Z	  111 Query	SET autocommit=1
2026-01-17T11:10:01.441251Z	  111 Query	SET autocommit=0
2026-01-17T11:10:01.445629Z	  111 Query	SELECT SE.STEP_EXECUTION_ID, SE.STEP_NAME, SE.START_TIME, SE.END_TIME, SE.STATUS, SE.COMMIT_COUNT, SE.READ_COUNT, SE.FILTER_COUNT, SE.WRITE_COUNT, SE.EXIT_CODE, SE.EXIT_MESSAGE, SE.READ_SKIP_COUNT, SE.WRITE_SKIP_COUNT, SE.PROCESS_SKIP_COUNT, SE.ROLLBACK_COUNT, SE.LAST_UPDATED, SE.VERSION, SE.CREATE_TIME, JE.JOB_EXECUTION_ID, JE.START_TIME, JE.END_TIME, JE.STATUS, JE.EXIT_CODE, JE.EXIT_MESSAGE, JE.CREATE_TIME, JE.LAST_UPDATED, JE.VERSION
FROM BATCH_JOB_EXECUTION JE
	JOIN BATCH_STEP_EXECUTION SE ON SE.JOB_EXECUTION_ID = JE.JOB_EXECUTION_ID
WHERE JE.JOB_INSTANCE_ID = 8 AND SE.STEP_NAME = 'paymentReportStep'
2026-01-17T11:10:01.448393Z	  111 Query	COMMIT
2026-01-17T11:10:01.452151Z	  111 Query	SET autocommit=1
2026-01-17T11:10:01.456030Z	  111 Query	SET autocommit=0
2026-01-17T11:10:01.459964Z	  111 Query	SELECT COUNT(*)
FROM BATCH_JOB_EXECUTION JE
	JOIN BATCH_STEP_EXECUTION SE ON SE.JOB_EXECUTION_ID = JE.JOB_EXECUTION_ID
WHERE JE.JOB_INSTANCE_ID = 8 AND SE.STEP_NAME = 'paymentReportStep'
2026-01-17T11:10:01.464943Z	  111 Query	COMMIT
2026-01-17T11:10:01.469756Z	  111 Query	SET autocommit=1
2026-01-17T11:10:01.473152Z	  111 Query	SET autocommit=0
2026-01-17T11:10:01.476593Z	  112 Query	SET autocommit=0
2026-01-17T11:10:01.478540Z	  112 Query	update BATCH_STEP_EXECUTION_SEQ set ID = last_insert_id(ID + 1) limit 1
2026-01-17T11:10:01.480786Z	  112 Query	select last_insert_id()
2026-01-17T11:10:01.482610Z	  112 Query	COMMIT
2026-01-17T11:10:01.488221Z	  112 Query	SET autocommit=1
2026-01-17T11:10:01.491333Z	  111 Query	INSERT INTO BATCH_STEP_EXECUTION(STEP_EXECUTION_ID, VERSION, STEP_NAME, JOB_EXECUTION_ID, START_TIME, END_TIME, STATUS, COMMIT_COUNT, READ_COUNT, FILTER_COUNT, WRITE_COUNT, EXIT_CODE, EXIT_MESSAGE, READ_SKIP_COUNT, WRITE_SKIP_COUNT, PROCESS_SKIP_COUNT, ROLLBACK_COUNT, LAST_UPDATED, CREATE_TIME)
	VALUES (8, 0, 'paymentReportStep', 8, null, null, 'STARTING', 0, 0, 0, 0, 'EXECUTING', '', 0, 0, 0, 0, '2026-01-17 20:10:01.476321', '2026-01-17 20:10:01.472474')
2026-01-17T11:10:01.495208Z	  111 Query	INSERT INTO BATCH_STEP_EXECUTION_CONTEXT (SHORT_CONTEXT, SERIALIZED_CONTEXT, STEP_EXECUTION_ID)
	VALUES('rO0ABXNyABFqYXZhLnV0aWwuSGFzaE1hcAUH2sHDFmDRAwACRgAKbG9hZEZhY3RvckkACXRocmVzaG9sZHhwP0AAAAAAAAB3CAAAABAAAAAAeA==', null, 8)
2026-01-17T11:10:01.499292Z	  111 Query	COMMIT
2026-01-17T11:10:01.507541Z	  111 Query	SET autocommit=1
2026-01-17T11:10:01.512283Z	  111 Query	SET autocommit=0
2026-01-17T11:10:01.516084Z	  111 Query	UPDATE BATCH_STEP_EXECUTION
SET START_TIME = '2026-01-17 20:10:01.511258', END_TIME = null, STATUS = 'STARTED', COMMIT_COUNT = 0, READ_COUNT = 0, FILTER_COUNT = 0, WRITE_COUNT = 0, EXIT_CODE = 'EXECUTING', EXIT_MESSAGE = '', VERSION = VERSION + 1, READ_SKIP_COUNT = 0, PROCESS_SKIP_COUNT = 0, WRITE_SKIP_COUNT = 0, ROLLBACK_COUNT = 0, LAST_UPDATED = '2026-01-17 20:10:01.514969'
WHERE STEP_EXECUTION_ID = 8 AND VERSION = 0
2026-01-17T11:10:01.519995Z	  111 Query	SELECT VERSION
FROM BATCH_JOB_EXECUTION
WHERE JOB_EXECUTION_ID=8
2026-01-17T11:10:01.524910Z	  111 Query	COMMIT
2026-01-17T11:10:01.531727Z	  111 Query	SET autocommit=1
2026-01-17T11:10:01.555166Z	  111 Query	SET autocommit=0
2026-01-17T11:10:01.557673Z	  111 Query	UPDATE BATCH_STEP_EXECUTION_CONTEXT
SET SHORT_CONTEXT = 'rO0ABXNyABFqYXZhLnV0aWwuSGFzaE1hcAUH2sHDFmDRAwACRgAKbG9hZEZhY3RvckkACXRocmVzaG9sZHhwP0AAAAAAAAx3CAAAABAAAAAEdAAecGF5bWVudFJlcG9ydFJlYWRlci5yZWFkLmNvdW50c3IAEWphdmEubGFuZy5JbnRlZ2VyEuKgpPeBhzgCAAFJAAV2YWx1ZXhyABBqYXZhLmxhbmcuTnVtYmVyhqyVHQuU4IsCAAB4cAAAAAB0ABFiYXRjaC50YXNrbGV0VHlwZXQAPW9yZy5zcHJpbmdmcmFtZXdvcmsuYmF0Y2guY29yZS5zdGVwLml0ZW0uQ2h1bmtPcmllbnRlZFRhc2tsZXR0AA1iYXRjaC52ZXJzaW9udAAFNS4yLjR0AA5iYXRjaC5zdGVwVHlwZXQAN29yZy5zcHJpbmdmcmFtZXdvcmsuYmF0Y2guY29yZS5zdGVwLnRhc2tsZXQuVGFza2xldFN0ZXB4', SERIALIZED_CONTEXT = null
WHERE STEP_EXECUTION_ID = 8
2026-01-17T11:10:01.559522Z	  111 Query	COMMIT
2026-01-17T11:10:01.564736Z	  111 Query	SET autocommit=1
2026-01-17T11:10:01.568789Z	  111 Query	SET autocommit=0
2026-01-17T11:10:01.572116Z	  112 Query	SET autocommit=0
2026-01-17T11:10:01.717937Z	  112 Query	select ps1_0.id,ps1_0.discount_amount,ps1_0.final_amount,ps1_0.original_amount,ps1_0.partner_corp_name,ps1_0.payment_date from payment_source ps1_0 where ps1_0.payment_date='2025-05-01' limit 0,10
2026-01-17T11:10:01.738599Z	  112 Query	COMMIT
2026-01-17T11:10:01.740117Z	  112 Query	SET autocommit=1
2026-01-17T11:10:07.740110Z	  111 Query	ROLLBACK
2026-01-17T11:10:07.743068Z	  111 Query	SET autocommit=1
2026-01-17T11:10:07.746075Z	  111 Query	SET autocommit=0
2026-01-17T11:10:09.732340Z	  111 Query	ROLLBACK
2026-01-17T11:10:09.735453Z	  111 Query	SET autocommit=1
2026-01-17T11:10:09.737279Z	  111 Query	SET autocommit=0
2026-01-17T11:10:09.748569Z	  111 Query	insert into payment (amount,payment_date,status) values (2800.00,'2025-05-01','PAYMENT')
2026-01-17T11:10:09.757971Z	  111 Query	insert into payment (amount,payment_date,status) values (3750.00,'2025-05-01','PAYMENT')
2026-01-17T11:10:09.761510Z	  111 Query	insert into payment (amount,payment_date,status) values (4700.00,'2025-05-01','PAYMENT')
2026-01-17T11:10:09.764556Z	  111 Query	insert into payment (amount,payment_date,status) values (5650.00,'2025-05-01','PAYMENT')
2026-01-17T11:10:09.767715Z	  111 Query	insert into payment (amount,payment_date,status) values (6600.00,'2025-05-01','PAYMENT')
2026-01-17T11:10:09.770439Z	  111 Query	insert into payment (amount,payment_date,status) values (7550.00,'2025-05-01','PAYMENT')
2026-01-17T11:10:09.774394Z	  111 Query	insert into payment (amount,payment_date,status) values (8500.00,'2025-05-01','PAYMENT')
2026-01-17T11:10:09.780296Z	  111 Query	insert into payment (amount,payment_date,status) values (9450.00,'2025-05-01','PAYMENT')
2026-01-17T11:10:09.784232Z	  111 Query	UPDATE BATCH_STEP_EXECUTION_CONTEXT
SET SHORT_CONTEXT = 'rO0ABXNyABFqYXZhLnV0aWwuSGFzaE1hcAUH2sHDFmDRAwACRgAKbG9hZEZhY3RvckkACXRocmVzaG9sZHhwP0AAAAAAAAx3CAAAABAAAAAEdAAecGF5bWVudFJlcG9ydFJlYWRlci5yZWFkLmNvdW50c3IAEWphdmEubGFuZy5JbnRlZ2VyEuKgpPeBhzgCAAFJAAV2YWx1ZXhyABBqYXZhLmxhbmcuTnVtYmVyhqyVHQuU4IsCAAB4cAAAAAp0ABFiYXRjaC50YXNrbGV0VHlwZXQAPW9yZy5zcHJpbmdmcmFtZXdvcmsuYmF0Y2guY29yZS5zdGVwLml0ZW0uQ2h1bmtPcmllbnRlZFRhc2tsZXR0AA1iYXRjaC52ZXJzaW9udAAFNS4yLjR0AA5iYXRjaC5zdGVwVHlwZXQAN29yZy5zcHJpbmdmcmFtZXdvcmsuYmF0Y2guY29yZS5zdGVwLnRhc2tsZXQuVGFza2xldFN0ZXB4', SERIALIZED_CONTEXT = null
WHERE STEP_EXECUTION_ID = 8
2026-01-17T11:10:09.788809Z	  111 Query	UPDATE BATCH_STEP_EXECUTION
SET START_TIME = '2026-01-17 20:10:01.511258', END_TIME = null, STATUS = 'STARTED', COMMIT_COUNT = 1, READ_COUNT = 10, FILTER_COUNT = 0, WRITE_COUNT = 8, EXIT_CODE = 'EXECUTING', EXIT_MESSAGE = '', VERSION = VERSION + 1, READ_SKIP_COUNT = 0, PROCESS_SKIP_COUNT = 2, WRITE_SKIP_COUNT = 0, ROLLBACK_COUNT = 2, LAST_UPDATED = '2026-01-17 20:10:09.787213'
WHERE STEP_EXECUTION_ID = 8 AND VERSION = 1
2026-01-17T11:10:09.792323Z	  111 Query	SELECT VERSION
FROM BATCH_JOB_EXECUTION
WHERE JOB_EXECUTION_ID=8
2026-01-17T11:10:09.796607Z	  111 Query	COMMIT
2026-01-17T11:10:09.803652Z	  111 Query	SET autocommit=1
2026-01-17T11:10:09.805812Z	  111 Query	SET autocommit=0
2026-01-17T11:10:09.809108Z	  112 Query	SET autocommit=0
2026-01-17T11:10:09.812823Z	  112 Query	select ps1_0.id,ps1_0.discount_amount,ps1_0.final_amount,ps1_0.original_amount,ps1_0.partner_corp_name,ps1_0.payment_date from payment_source ps1_0 where ps1_0.payment_date='2025-05-01' limit 10,10
2026-01-17T11:10:09.816409Z	  112 Query	COMMIT
2026-01-17T11:10:09.818221Z	  112 Query	SET autocommit=1
2026-01-17T11:10:09.822436Z	  111 Query	insert into payment (amount,payment_date,status) values (10400.00,'2025-05-01','PAYMENT')
2026-01-17T11:10:09.825629Z	  111 Query	insert into payment (amount,payment_date,status) values (11350.00,'2025-05-01','PAYMENT')
2026-01-17T11:10:09.829570Z	  111 Query	insert into payment (amount,payment_date,status) values (12300.00,'2025-05-01','PAYMENT')
2026-01-17T11:10:09.835940Z	  111 Query	insert into payment (amount,payment_date,status) values (13250.00,'2025-05-01','PAYMENT')
2026-01-17T11:10:09.841895Z	  111 Query	insert into payment (amount,payment_date,status) values (14200.00,'2025-05-01','PAYMENT')
2026-01-17T11:10:09.845232Z	  111 Query	insert into payment (amount,payment_date,status) values (15150.00,'2025-05-01','PAYMENT')
2026-01-17T11:10:09.849994Z	  111 Query	insert into payment (amount,payment_date,status) values (16100.00,'2025-05-01','PAYMENT')
2026-01-17T11:10:09.853749Z	  111 Query	insert into payment (amount,payment_date,status) values (17050.00,'2025-05-01','PAYMENT')
2026-01-17T11:10:09.857322Z	  111 Query	insert into payment (amount,payment_date,status) values (18000.00,'2025-05-01','PAYMENT')
2026-01-17T11:10:09.863033Z	  111 Query	insert into payment (amount,payment_date,status) values (18950.00,'2025-05-01','PAYMENT')
2026-01-17T11:10:09.869337Z	  111 Query	UPDATE BATCH_STEP_EXECUTION_CONTEXT
SET SHORT_CONTEXT = 'rO0ABXNyABFqYXZhLnV0aWwuSGFzaE1hcAUH2sHDFmDRAwACRgAKbG9hZEZhY3RvckkACXRocmVzaG9sZHhwP0AAAAAAAAx3CAAAABAAAAAEdAAecGF5bWVudFJlcG9ydFJlYWRlci5yZWFkLmNvdW50c3IAEWphdmEubGFuZy5JbnRlZ2VyEuKgpPeBhzgCAAFJAAV2YWx1ZXhyABBqYXZhLmxhbmcuTnVtYmVyhqyVHQuU4IsCAAB4cAAAABR0ABFiYXRjaC50YXNrbGV0VHlwZXQAPW9yZy5zcHJpbmdmcmFtZXdvcmsuYmF0Y2guY29yZS5zdGVwLml0ZW0uQ2h1bmtPcmllbnRlZFRhc2tsZXR0AA1iYXRjaC52ZXJzaW9udAAFNS4yLjR0AA5iYXRjaC5zdGVwVHlwZXQAN29yZy5zcHJpbmdmcmFtZXdvcmsuYmF0Y2guY29yZS5zdGVwLnRhc2tsZXQuVGFza2xldFN0ZXB4', SERIALIZED_CONTEXT = null
WHERE STEP_EXECUTION_ID = 8
2026-01-17T11:10:09.874836Z	  111 Query	UPDATE BATCH_STEP_EXECUTION
SET START_TIME = '2026-01-17 20:10:01.511258', END_TIME = null, STATUS = 'STARTED', COMMIT_COUNT = 2, READ_COUNT = 20, FILTER_COUNT = 0, WRITE_COUNT = 18, EXIT_CODE = 'EXECUTING', EXIT_MESSAGE = '', VERSION = VERSION + 1, READ_SKIP_COUNT = 0, PROCESS_SKIP_COUNT = 2, WRITE_SKIP_COUNT = 0, ROLLBACK_COUNT = 2, LAST_UPDATED = '2026-01-17 20:10:09.87273'
WHERE STEP_EXECUTION_ID = 8 AND VERSION = 2
2026-01-17T11:10:09.878258Z	  111 Query	SELECT VERSION
FROM BATCH_JOB_EXECUTION
WHERE JOB_EXECUTION_ID=8
2026-01-17T11:10:09.880960Z	  111 Query	COMMIT
2026-01-17T11:10:09.887753Z	  111 Query	SET autocommit=1
2026-01-17T11:10:09.890509Z	  111 Query	SET autocommit=0
2026-01-17T11:10:09.893064Z	  112 Query	SET autocommit=0
2026-01-17T11:10:09.896712Z	  112 Query	select ps1_0.id,ps1_0.discount_amount,ps1_0.final_amount,ps1_0.original_amount,ps1_0.partner_corp_name,ps1_0.payment_date from payment_source ps1_0 where ps1_0.payment_date='2025-05-01' limit 20,10
2026-01-17T11:10:09.899224Z	  112 Query	COMMIT
2026-01-17T11:10:09.901079Z	  112 Query	SET autocommit=1
2026-01-17T11:10:09.903086Z	  111 Query	UPDATE BATCH_STEP_EXECUTION_CONTEXT
SET SHORT_CONTEXT = 'rO0ABXNyABFqYXZhLnV0aWwuSGFzaE1hcAUH2sHDFmDRAwACRgAKbG9hZEZhY3RvckkACXRocmVzaG9sZHhwP0AAAAAAAAx3CAAAABAAAAAEdAAecGF5bWVudFJlcG9ydFJlYWRlci5yZWFkLmNvdW50c3IAEWphdmEubGFuZy5JbnRlZ2VyEuKgpPeBhzgCAAFJAAV2YWx1ZXhyABBqYXZhLmxhbmcuTnVtYmVyhqyVHQuU4IsCAAB4cAAAABV0ABFiYXRjaC50YXNrbGV0VHlwZXQAPW9yZy5zcHJpbmdmcmFtZXdvcmsuYmF0Y2guY29yZS5zdGVwLml0ZW0uQ2h1bmtPcmllbnRlZFRhc2tsZXR0AA1iYXRjaC52ZXJzaW9udAAFNS4yLjR0AA5iYXRjaC5zdGVwVHlwZXQAN29yZy5zcHJpbmdmcmFtZXdvcmsuYmF0Y2guY29yZS5zdGVwLnRhc2tsZXQuVGFza2xldFN0ZXB4', SERIALIZED_CONTEXT = null
WHERE STEP_EXECUTION_ID = 8
2026-01-17T11:10:09.907313Z	  111 Query	UPDATE BATCH_STEP_EXECUTION
SET START_TIME = '2026-01-17 20:10:01.511258', END_TIME = null, STATUS = 'STARTED', COMMIT_COUNT = 3, READ_COUNT = 20, FILTER_COUNT = 0, WRITE_COUNT = 18, EXIT_CODE = 'EXECUTING', EXIT_MESSAGE = '', VERSION = VERSION + 1, READ_SKIP_COUNT = 0, PROCESS_SKIP_COUNT = 2, WRITE_SKIP_COUNT = 0, ROLLBACK_COUNT = 2, LAST_UPDATED = '2026-01-17 20:10:09.905616'
WHERE STEP_EXECUTION_ID = 8 AND VERSION = 3
2026-01-17T11:10:09.909959Z	  111 Query	SELECT VERSION
FROM BATCH_JOB_EXECUTION
WHERE JOB_EXECUTION_ID=8
2026-01-17T11:10:09.911941Z	  111 Query	COMMIT
2026-01-17T11:10:09.915658Z	  111 Query	SET autocommit=1
2026-01-17T11:10:09.918876Z	  111 Query	SET autocommit=0
2026-01-17T11:10:09.922236Z	  111 Query	UPDATE BATCH_STEP_EXECUTION_CONTEXT
SET SHORT_CONTEXT = 'rO0ABXNyABFqYXZhLnV0aWwuSGFzaE1hcAUH2sHDFmDRAwACRgAKbG9hZEZhY3RvckkACXRocmVzaG9sZHhwP0AAAAAAAAx3CAAAABAAAAAEdAAecGF5bWVudFJlcG9ydFJlYWRlci5yZWFkLmNvdW50c3IAEWphdmEubGFuZy5JbnRlZ2VyEuKgpPeBhzgCAAFJAAV2YWx1ZXhyABBqYXZhLmxhbmcuTnVtYmVyhqyVHQuU4IsCAAB4cAAAABV0ABFiYXRjaC50YXNrbGV0VHlwZXQAPW9yZy5zcHJpbmdmcmFtZXdvcmsuYmF0Y2guY29yZS5zdGVwLml0ZW0uQ2h1bmtPcmllbnRlZFRhc2tsZXR0AA1iYXRjaC52ZXJzaW9udAAFNS4yLjR0AA5iYXRjaC5zdGVwVHlwZXQAN29yZy5zcHJpbmdmcmFtZXdvcmsuYmF0Y2guY29yZS5zdGVwLnRhc2tsZXQuVGFza2xldFN0ZXB4', SERIALIZED_CONTEXT = null
WHERE STEP_EXECUTION_ID = 8
2026-01-17T11:10:09.924975Z	  111 Query	COMMIT
2026-01-17T11:10:09.926969Z	  111 Query	SET autocommit=1
2026-01-17T11:10:09.929991Z	  111 Query	SET autocommit=0
2026-01-17T11:10:09.933807Z	  111 Query	UPDATE BATCH_STEP_EXECUTION
SET START_TIME = '2026-01-17 20:10:01.511258', END_TIME = '2026-01-17 20:10:09.918272', STATUS = 'COMPLETED', COMMIT_COUNT = 3, READ_COUNT = 20, FILTER_COUNT = 0, WRITE_COUNT = 18, EXIT_CODE = 'COMPLETED', EXIT_MESSAGE = '', VERSION = VERSION + 1, READ_SKIP_COUNT = 0, PROCESS_SKIP_COUNT = 2, WRITE_SKIP_COUNT = 0, ROLLBACK_COUNT = 2, LAST_UPDATED = '2026-01-17 20:10:09.932054'
WHERE STEP_EXECUTION_ID = 8 AND VERSION = 4
2026-01-17T11:10:09.936900Z	  111 Query	SELECT VERSION
FROM BATCH_JOB_EXECUTION
WHERE JOB_EXECUTION_ID=8
2026-01-17T11:10:09.941053Z	  111 Query	COMMIT
2026-01-17T11:10:09.945524Z	  111 Query	SET autocommit=1
2026-01-17T11:10:09.947879Z	  112 Query	SET autocommit=0
2026-01-17T11:10:09.951928Z	  112 Query	UPDATE BATCH_JOB_EXECUTION_CONTEXT
SET SHORT_CONTEXT = 'rO0ABXNyABFqYXZhLnV0aWwuSGFzaE1hcAUH2sHDFmDRAwACRgAKbG9hZEZhY3RvckkACXRocmVzaG9sZHhwP0AAAAAAAAx3CAAAABAAAAABdAANYmF0Y2gudmVyc2lvbnQABTUuMi40eA==', SERIALIZED_CONTEXT = null
WHERE JOB_EXECUTION_ID = 8
2026-01-17T11:10:09.957317Z	  112 Query	COMMIT
2026-01-17T11:10:09.970626Z	  112 Query	SET autocommit=1
2026-01-17T11:10:09.976050Z	  112 Query	SET autocommit=0
2026-01-17T11:10:09.978218Z	  112 Query	SELECT VERSION
FROM BATCH_JOB_EXECUTION
WHERE JOB_EXECUTION_ID=8
2026-01-17T11:10:09.980651Z	  112 Query	SELECT COUNT(*)
FROM BATCH_JOB_EXECUTION
WHERE JOB_EXECUTION_ID = 8
2026-01-17T11:10:09.983218Z	  112 Query	UPDATE BATCH_JOB_EXECUTION
SET START_TIME = '2026-01-17 20:10:01.408256', END_TIME = '2026-01-17 20:10:09.975646',  STATUS = 'COMPLETED', EXIT_CODE = 'COMPLETED', EXIT_MESSAGE = '', VERSION = VERSION + 1, CREATE_TIME = '2026-01-17 20:10:01.342039', LAST_UPDATED = '2026-01-17 20:10:09.977754'
WHERE JOB_EXECUTION_ID = 8 AND VERSION = 1
2026-01-17T11:10:09.985602Z	  112 Query	COMMIT
2026-01-17T11:10:09.992114Z	  112 Query	SET autocommit=1
2026-01-17T11:10:10.007718Z	  117 Quit	
2026-01-17T11:10:10.007850Z	  118 Quit	
2026-01-17T11:10:10.007873Z	  113 Quit	
2026-01-17T11:10:10.007887Z	  114 Quit	
2026-01-17T11:10:10.007988Z	  111 Quit	
2026-01-17T11:10:10.008055Z	  115 Quit	
2026-01-17T11:10:10.008172Z	  119 Quit	
2026-01-17T11:10:10.008178Z	  120 Quit	
2026-01-17T11:10:10.008204Z	  112 Quit	
2026-01-17T11:10:10.008285Z	  116 Quit	
2026-01-17T11:11:12.115696Z	  121 Connect	root@172.19.0.1 on spring_batch using TCP/IP
2026-01-17T11:11:12.126126Z	  121 Query	/* mysql-connector-j-9.5.0 (Revision: a7b3c94f50efbddb9f0dd69b3e0d1aaa25305cd6) */SELECT  @@session.auto_increment_increment AS auto_increment_increment, @@character_set_client AS character_set_client, @@character_set_connection AS character_set_connection, @@character_set_results AS character_set_results, @@character_set_server AS character_set_server, @@collation_server AS collation_server, @@collation_connection AS collation_connection, @@init_connect AS init_connect, @@interactive_timeout AS interactive_timeout, @@license AS license, @@lower_case_table_names AS lower_case_table_names, @@max_allowed_packet AS max_allowed_packet, @@net_write_timeout AS net_write_timeout, @@performance_schema AS performance_schema, @@sql_mode AS sql_mode, @@system_time_zone AS system_time_zone, @@time_zone AS time_zone, @@transaction_isolation AS transaction_isolation, @@wait_timeout AS wait_timeout
2026-01-17T11:11:12.132873Z	  121 Query	SET character_set_results = NULL
2026-01-17T11:11:12.139299Z	  121 Query	SET autocommit=1
2026-01-17T11:11:12.144734Z	  121 Query	SELECT @@session.transaction_read_only
2026-01-17T11:11:12.147356Z	  121 Query	SELECT @@session.transaction_isolation
2026-01-17T11:11:12.267509Z	  122 Connect	root@172.19.0.1 on spring_batch using TCP/IP
2026-01-17T11:11:12.284293Z	  122 Query	/* mysql-connector-j-9.5.0 (Revision: a7b3c94f50efbddb9f0dd69b3e0d1aaa25305cd6) */SELECT  @@session.auto_increment_increment AS auto_increment_increment, @@character_set_client AS character_set_client, @@character_set_connection AS character_set_connection, @@character_set_results AS character_set_results, @@character_set_server AS character_set_server, @@collation_server AS collation_server, @@collation_connection AS collation_connection, @@init_connect AS init_connect, @@interactive_timeout AS interactive_timeout, @@license AS license, @@lower_case_table_names AS lower_case_table_names, @@max_allowed_packet AS max_allowed_packet, @@net_write_timeout AS net_write_timeout, @@performance_schema AS performance_schema, @@sql_mode AS sql_mode, @@system_time_zone AS system_time_zone, @@time_zone AS time_zone, @@transaction_isolation AS transaction_isolation, @@wait_timeout AS wait_timeout
2026-01-17T11:11:12.288045Z	  122 Query	SET character_set_results = NULL
2026-01-17T11:11:12.291841Z	  122 Query	SET autocommit=1
2026-01-17T11:11:12.293422Z	  122 Query	SELECT @@session.transaction_read_only
2026-01-17T11:11:12.334314Z	  123 Connect	root@172.19.0.1 on spring_batch using TCP/IP
2026-01-17T11:11:12.338437Z	  123 Query	/* mysql-connector-j-9.5.0 (Revision: a7b3c94f50efbddb9f0dd69b3e0d1aaa25305cd6) */SELECT  @@session.auto_increment_increment AS auto_increment_increment, @@character_set_client AS character_set_client, @@character_set_connection AS character_set_connection, @@character_set_results AS character_set_results, @@character_set_server AS character_set_server, @@collation_server AS collation_server, @@collation_connection AS collation_connection, @@init_connect AS init_connect, @@interactive_timeout AS interactive_timeout, @@license AS license, @@lower_case_table_names AS lower_case_table_names, @@max_allowed_packet AS max_allowed_packet, @@net_write_timeout AS net_write_timeout, @@performance_schema AS performance_schema, @@sql_mode AS sql_mode, @@system_time_zone AS system_time_zone, @@time_zone AS time_zone, @@transaction_isolation AS transaction_isolation, @@wait_timeout AS wait_timeout
2026-01-17T11:11:12.342146Z	  123 Query	SET character_set_results = NULL
2026-01-17T11:11:12.344494Z	  123 Query	SET autocommit=1
2026-01-17T11:11:12.347055Z	  123 Query	SELECT @@session.transaction_read_only
2026-01-17T11:11:12.388800Z	  124 Connect	root@172.19.0.1 on spring_batch using TCP/IP
2026-01-17T11:11:12.392868Z	  124 Query	/* mysql-connector-j-9.5.0 (Revision: a7b3c94f50efbddb9f0dd69b3e0d1aaa25305cd6) */SELECT  @@session.auto_increment_increment AS auto_increment_increment, @@character_set_client AS character_set_client, @@character_set_connection AS character_set_connection, @@character_set_results AS character_set_results, @@character_set_server AS character_set_server, @@collation_server AS collation_server, @@collation_connection AS collation_connection, @@init_connect AS init_connect, @@interactive_timeout AS interactive_timeout, @@license AS license, @@lower_case_table_names AS lower_case_table_names, @@max_allowed_packet AS max_allowed_packet, @@net_write_timeout AS net_write_timeout, @@performance_schema AS performance_schema, @@sql_mode AS sql_mode, @@system_time_zone AS system_time_zone, @@time_zone AS time_zone, @@transaction_isolation AS transaction_isolation, @@wait_timeout AS wait_timeout
2026-01-17T11:11:12.403877Z	  124 Query	SET character_set_results = NULL
2026-01-17T11:11:12.407016Z	  124 Query	SET autocommit=1
2026-01-17T11:11:12.410391Z	  124 Query	SELECT @@session.transaction_read_only
2026-01-17T11:11:12.449935Z	  125 Connect	root@172.19.0.1 on spring_batch using TCP/IP
2026-01-17T11:11:12.452100Z	  125 Query	/* mysql-connector-j-9.5.0 (Revision: a7b3c94f50efbddb9f0dd69b3e0d1aaa25305cd6) */SELECT  @@session.auto_increment_increment AS auto_increment_increment, @@character_set_client AS character_set_client, @@character_set_connection AS character_set_connection, @@character_set_results AS character_set_results, @@character_set_server AS character_set_server, @@collation_server AS collation_server, @@collation_connection AS collation_connection, @@init_connect AS init_connect, @@interactive_timeout AS interactive_timeout, @@license AS license, @@lower_case_table_names AS lower_case_table_names, @@max_allowed_packet AS max_allowed_packet, @@net_write_timeout AS net_write_timeout, @@performance_schema AS performance_schema, @@sql_mode AS sql_mode, @@system_time_zone AS system_time_zone, @@time_zone AS time_zone, @@transaction_isolation AS transaction_isolation, @@wait_timeout AS wait_timeout
2026-01-17T11:11:12.454676Z	  125 Query	SET character_set_results = NULL
2026-01-17T11:11:12.457847Z	  125 Query	SET autocommit=1
2026-01-17T11:11:12.459266Z	  125 Query	SELECT @@session.transaction_read_only
2026-01-17T11:11:12.498090Z	  126 Connect	root@172.19.0.1 on spring_batch using TCP/IP
2026-01-17T11:11:12.500350Z	  126 Query	/* mysql-connector-j-9.5.0 (Revision: a7b3c94f50efbddb9f0dd69b3e0d1aaa25305cd6) */SELECT  @@session.auto_increment_increment AS auto_increment_increment, @@character_set_client AS character_set_client, @@character_set_connection AS character_set_connection, @@character_set_results AS character_set_results, @@character_set_server AS character_set_server, @@collation_server AS collation_server, @@collation_connection AS collation_connection, @@init_connect AS init_connect, @@interactive_timeout AS interactive_timeout, @@license AS license, @@lower_case_table_names AS lower_case_table_names, @@max_allowed_packet AS max_allowed_packet, @@net_write_timeout AS net_write_timeout, @@performance_schema AS performance_schema, @@sql_mode AS sql_mode, @@system_time_zone AS system_time_zone, @@time_zone AS time_zone, @@transaction_isolation AS transaction_isolation, @@wait_timeout AS wait_timeout
2026-01-17T11:11:12.501998Z	  126 Query	SET character_set_results = NULL
2026-01-17T11:11:12.504393Z	  126 Query	SET autocommit=1
2026-01-17T11:11:12.508135Z	  126 Query	SELECT @@session.transaction_read_only
2026-01-17T11:11:12.536196Z	  121 Query	SELECT WORD FROM INFORMATION_SCHEMA.KEYWORDS WHERE RESERVED = 1 ORDER BY WORD
2026-01-17T11:11:12.543909Z	  127 Connect	root@172.19.0.1 on spring_batch using TCP/IP
2026-01-17T11:11:12.546821Z	  127 Query	/* mysql-connector-j-9.5.0 (Revision: a7b3c94f50efbddb9f0dd69b3e0d1aaa25305cd6) */SELECT  @@session.auto_increment_increment AS auto_increment_increment, @@character_set_client AS character_set_client, @@character_set_connection AS character_set_connection, @@character_set_results AS character_set_results, @@character_set_server AS character_set_server, @@collation_server AS collation_server, @@collation_connection AS collation_connection, @@init_connect AS init_connect, @@interactive_timeout AS interactive_timeout, @@license AS license, @@lower_case_table_names AS lower_case_table_names, @@max_allowed_packet AS max_allowed_packet, @@net_write_timeout AS net_write_timeout, @@performance_schema AS performance_schema, @@sql_mode AS sql_mode, @@system_time_zone AS system_time_zone, @@time_zone AS time_zone, @@transaction_isolation AS transaction_isolation, @@wait_timeout AS wait_timeout
2026-01-17T11:11:12.551529Z	  127 Query	SET character_set_results = NULL
2026-01-17T11:11:12.555802Z	  127 Query	SET autocommit=1
2026-01-17T11:11:12.560210Z	  127 Query	SELECT @@session.transaction_read_only
2026-01-17T11:11:12.595281Z	  121 Query	SELECT @@character_set_database, @@sql_mode
2026-01-17T11:11:12.600697Z	  128 Connect	root@172.19.0.1 on spring_batch using TCP/IP
2026-01-17T11:11:12.603172Z	  128 Query	/* mysql-connector-j-9.5.0 (Revision: a7b3c94f50efbddb9f0dd69b3e0d1aaa25305cd6) */SELECT  @@session.auto_increment_increment AS auto_increment_increment, @@character_set_client AS character_set_client, @@character_set_connection AS character_set_connection, @@character_set_results AS character_set_results, @@character_set_server AS character_set_server, @@collation_server AS collation_server, @@collation_connection AS collation_connection, @@init_connect AS init_connect, @@interactive_timeout AS interactive_timeout, @@license AS license, @@lower_case_table_names AS lower_case_table_names, @@max_allowed_packet AS max_allowed_packet, @@net_write_timeout AS net_write_timeout, @@performance_schema AS performance_schema, @@sql_mode AS sql_mode, @@system_time_zone AS system_time_zone, @@time_zone AS time_zone, @@transaction_isolation AS transaction_isolation, @@wait_timeout AS wait_timeout
2026-01-17T11:11:12.606895Z	  128 Query	SET character_set_results = NULL
2026-01-17T11:11:12.610888Z	  128 Query	SET autocommit=1
2026-01-17T11:11:12.613946Z	  128 Query	SELECT @@session.transaction_read_only
2026-01-17T11:11:12.654476Z	  129 Connect	root@172.19.0.1 on spring_batch using TCP/IP
2026-01-17T11:11:12.657442Z	  129 Query	/* mysql-connector-j-9.5.0 (Revision: a7b3c94f50efbddb9f0dd69b3e0d1aaa25305cd6) */SELECT  @@session.auto_increment_increment AS auto_increment_increment, @@character_set_client AS character_set_client, @@character_set_connection AS character_set_connection, @@character_set_results AS character_set_results, @@character_set_server AS character_set_server, @@collation_server AS collation_server, @@collation_connection AS collation_connection, @@init_connect AS init_connect, @@interactive_timeout AS interactive_timeout, @@license AS license, @@lower_case_table_names AS lower_case_table_names, @@max_allowed_packet AS max_allowed_packet, @@net_write_timeout AS net_write_timeout, @@performance_schema AS performance_schema, @@sql_mode AS sql_mode, @@system_time_zone AS system_time_zone, @@time_zone AS time_zone, @@transaction_isolation AS transaction_isolation, @@wait_timeout AS wait_timeout
2026-01-17T11:11:12.660923Z	  129 Query	SET character_set_results = NULL
2026-01-17T11:11:12.662906Z	  129 Query	SET autocommit=1
2026-01-17T11:11:12.665633Z	  129 Query	SELECT @@session.transaction_read_only
2026-01-17T11:11:12.703557Z	  130 Connect	root@172.19.0.1 on spring_batch using TCP/IP
2026-01-17T11:11:12.707704Z	  130 Query	/* mysql-connector-j-9.5.0 (Revision: a7b3c94f50efbddb9f0dd69b3e0d1aaa25305cd6) */SELECT  @@session.auto_increment_increment AS auto_increment_increment, @@character_set_client AS character_set_client, @@character_set_connection AS character_set_connection, @@character_set_results AS character_set_results, @@character_set_server AS character_set_server, @@collation_server AS collation_server, @@collation_connection AS collation_connection, @@init_connect AS init_connect, @@interactive_timeout AS interactive_timeout, @@license AS license, @@lower_case_table_names AS lower_case_table_names, @@max_allowed_packet AS max_allowed_packet, @@net_write_timeout AS net_write_timeout, @@performance_schema AS performance_schema, @@sql_mode AS sql_mode, @@system_time_zone AS system_time_zone, @@time_zone AS time_zone, @@transaction_isolation AS transaction_isolation, @@wait_timeout AS wait_timeout
2026-01-17T11:11:12.719865Z	  130 Query	SET character_set_results = NULL
2026-01-17T11:11:12.723677Z	  130 Query	SET autocommit=1
2026-01-17T11:11:12.728348Z	  130 Query	SELECT @@session.transaction_read_only
2026-01-17T11:11:13.097679Z	  121 Query	SELECT TABLE_SCHEMA AS TABLE_CAT, NULL AS TABLE_SCHEM, TABLE_NAME, CASE WHEN TABLE_TYPE = 'BASE TABLE' THEN CASE WHEN TABLE_SCHEMA = 'mysql' OR TABLE_SCHEMA = 'performance_schema' OR TABLE_SCHEMA = 'sys' THEN 'SYSTEM TABLE' ELSE 'TABLE' END WHEN TABLE_TYPE = 'TEMPORARY' THEN 'LOCAL_TEMPORARY' ELSE TABLE_TYPE END AS TABLE_TYPE, TABLE_COMMENT AS REMARKS, NULL AS TYPE_CAT, NULL AS TYPE_SCHEM, NULL AS TYPE_NAME, NULL AS SELF_REFERENCING_COL_NAME, NULL AS REF_GENERATION FROM INFORMATION_SCHEMA.TABLES WHERE TABLE_SCHEMA = 'spring_batch' AND TABLE_NAME LIKE '%' HAVING TABLE_TYPE IN ('TABLE','VIEW',null,null,null) ORDER BY TABLE_TYPE, TABLE_SCHEMA, TABLE_NAME
2026-01-17T11:11:13.103432Z	  121 Query	SELECT DEFAULT_COLLATION_NAME FROM INFORMATION_SCHEMA.SCHEMATA WHERE SCHEMA_NAME = 'information_schema'
2026-01-17T11:11:13.109033Z	  121 Query	SELECT TABLE_SCHEMA, NULL, TABLE_NAME, COLUMN_NAME, CASE WHEN UPPER(DATA_TYPE) = 'DECIMAL' THEN 3 WHEN UPPER(DATA_TYPE) = 'DECIMAL UNSIGNED' THEN 3 WHEN UPPER(DATA_TYPE) = 'TINYINT' THEN IF(LOCATE('ZEROFILL', UPPER(COLUMN_TYPE)) = 0 AND LOCATE('UNSIGNED', UPPER(COLUMN_TYPE)) = 0 AND LOCATE('(1)', COLUMN_TYPE) != 0, -7, -6) WHEN UPPER(DATA_TYPE) = 'TINYINT UNSIGNED' THEN IF(LOCATE('ZEROFILL', UPPER(COLUMN_TYPE)) = 0 AND LOCATE('UNSIGNED', UPPER(COLUMN_TYPE)) = 0 AND LOCATE('(1)', COLUMN_TYPE) != 0, -7, -6) WHEN UPPER(DATA_TYPE) = 'BOOLEAN' THEN 16 WHEN UPPER(DATA_TYPE) = 'SMALLINT' THEN 5 WHEN UPPER(DATA_TYPE) = 'SMALLINT UNSIGNED' THEN 5 WHEN UPPER(DATA_TYPE) = 'INT' THEN 4 WHEN UPPER(DATA_TYPE) = 'INT UNSIGNED' THEN 4 WHEN UPPER(DATA_TYPE) = 'FLOAT' THEN 7 WHEN UPPER(DATA_TYPE) = 'FLOAT UNSIGNED' THEN 7 WHEN UPPER(DATA_TYPE) = 'DOUBLE' THEN 8 WHEN UPPER(DATA_TYPE) = 'DOUBLE UNSIGNED' THEN 8 WHEN UPPER(DATA_TYPE) = 'NULL' THEN 0 WHEN UPPER(DATA_TYPE) = 'TIMESTAMP' THEN 93 WHEN UPPER(DATA_TYPE) = 'BIGINT' THEN -5 WHEN UPPER(DATA_TYPE) = 'BIGINT UNSIGNED' THEN -5 WHEN UPPER(DATA_TYPE) = 'MEDIUMINT' THEN 4 WHEN UPPER(DATA_TYPE) = 'MEDIUMINT UNSIGNED' THEN 4 WHEN UPPER(DATA_TYPE) = 'DATE' THEN 91 WHEN UPPER(DATA_TYPE) = 'TIME' THEN 92 WHEN UPPER(DATA_TYPE) = 'DATETIME' THEN 93 WHEN UPPER(DATA_TYPE) = 'YEAR' THEN 91 WHEN UPPER(DATA_TYPE) = 'VARCHAR' THEN 12 WHEN UPPER(DATA_TYPE) = 'VARBINARY' THEN -3 WHEN UPPER(DATA_TYPE) = 'BIT' THEN -7 WHEN UPPER(DATA_TYPE) = 'JSON' THEN -1 WHEN UPPER(DATA_TYPE) = 'ENUM' THEN 1 WHEN UPPER(DATA_TYPE) = 'SET' THEN 1 WHEN UPPER(DATA_TYPE) = 'TINYBLOB' THEN -3 WHEN UPPER(DATA_TYPE) = 'TINYTEXT' THEN 12 WHEN UPPER(DATA_TYPE) = 'MEDIUMBLOB' THEN -4 WHEN UPPER(DATA_TYPE) = 'MEDIUMTEXT' THEN -1 WHEN UPPER(DATA_TYPE) = 'LONGBLOB' THEN -4 WHEN UPPER(DATA_TYPE) = 'LONGTEXT' THEN -1 WHEN UPPER(DATA_TYPE) = 'BLOB' THEN -4 WHEN UPPER(DATA_TYPE) = 'TEXT' THEN -1 WHEN UPPER(DATA_TYPE) = 'CHAR' THEN 1 WHEN UPPER(DATA_TYPE) = 'BINARY' THEN -2 WHEN UPPER(DATA_TYPE) = 'GEOMETRY' THEN -2 WHEN UPPER(DATA_TYPE) = 'VECTOR' THEN -4 WHEN UPPER(DATA_TYPE) = 'UNKNOWN' THEN 1111 WHEN UPPER(DATA_TYPE) = 'POINT' THEN -2 WHEN UPPER(DATA_TYPE) = 'LINESTRING' THEN -2 WHEN UPPER(DATA_TYPE) = 'POLYGON' THEN -2 WHEN UPPER(DATA_TYPE) = 'MULTIPOINT' THEN -2 WHEN UPPER(DATA_TYPE) = 'MULTILINESTRING' THEN -2 WHEN UPPER(DATA_TYPE) = 'MULTIPOLYGON' THEN -2 WHEN UPPER(DATA_TYPE) = 'GEOMETRYCOLLECTION' THEN -2 WHEN UPPER(DATA_TYPE) = 'GEOMCOLLECTION' THEN -2 ELSE 1111 END AS DATA_TYPE, UPPER(CASE WHEN UPPER(DATA_TYPE) = 'TINYINT' THEN CASE WHEN LOCATE('ZEROFILL', UPPER(COLUMN_TYPE)) = 0 AND LOCATE('UNSIGNED', UPPER(COLUMN_TYPE)) = 0 AND LOCATE('(1)', COLUMN_TYPE) != 0 THEN 'BIT' WHEN LOCATE('UNSIGNED', UPPER(COLUMN_TYPE)) != 0 AND LOCATE('UNSIGNED', UPPER(DATA_TYPE)) = 0 THEN 'TINYINT UNSIGNED' ELSE DATA_TYPE END WHEN LOCATE('UNSIGNED', UPPER(COLUMN_TYPE)) != 0 AND LOCATE('UNSIGNED', UPPER(DATA_TYPE)) = 0 AND LOCATE('SET', UPPER(DATA_TYPE)) <> 1 AND LOCATE('ENUM', UPPER(DATA_TYPE)) <> 1 THEN CONCAT(DATA_TYPE, ' UNSIGNED') WHEN UPPER(DATA_TYPE) = 'POINT' THEN 'GEOMETRY' WHEN UPPER(DATA_TYPE) = 'LINESTRING' THEN 'GEOMETRY' WHEN UPPER(DATA_TYPE) = 'POLYGON' THEN 'GEOMETRY' WHEN UPPER(DATA_TYPE) = 'MULTIPOINT' THEN 'GEOMETRY' WHEN UPPER(DATA_TYPE) = 'MULTILINESTRING' THEN 'GEOMETRY' WHEN UPPER(DATA_TYPE) = 'MULTIPOLYGON' THEN 'GEOMETRY' WHEN UPPER(DATA_TYPE) = 'GEOMETRYCOLLECTION' THEN 'GEOMETRY' WHEN UPPER(DATA_TYPE) = 'GEOMCOLLECTION' THEN 'GEOMETRY' ELSE UPPER(DATA_TYPE) END) AS TYPE_NAME, UPPER(CASE WHEN UPPER(DATA_TYPE) = 'YEAR' THEN 4 WHEN UPPER(DATA_TYPE) = 'DATE' THEN 10 WHEN UPPER(DATA_TYPE) = 'DATETIME' OR UPPER(DATA_TYPE) = 'TIMESTAMP' THEN 19 + IF(DATETIME_PRECISION > 0, DATETIME_PRECISION + 1, DATETIME_PRECISION) WHEN UPPER(DATA_TYPE) = 'TIME' THEN 8 + IF(DATETIME_PRECISION > 0, DATETIME_PRECISION + 1, DATETIME_PRECISION) WHEN UPPER(DATA_TYPE) = 'TINYINT' AND LOCATE('ZEROFILL', UPPER(COLUMN_TYPE)) = 0 AND LOCATE('UNSIGNED', UPPER(COLUMN_TYPE)) = 0 AND LOCATE('(1)', COLUMN_TYPE) != 0 THEN 1 WHEN UPPER(DATA_TYPE) = 'MEDIUMINT' AND LOCATE('UNSIGNED', UPPER(COLUMN_TYPE)) != 0 THEN 8 WHEN UPPER(DATA_TYPE) = 'JSON' THEN 1073741824 WHEN UPPER(DATA_TYPE) = 'GEOMETRY' THEN 65535 WHEN UPPER(DATA_TYPE) = 'POINT' THEN 65535 WHEN UPPER(DATA_TYPE) = 'LINESTRING' THEN 65535 WHEN UPPER(DATA_TYPE) = 'POLYGON' THEN 65535 WHEN UPPER(DATA_TYPE) = 'MULTIPOINT' THEN 65535 WHEN UPPER(DATA_TYPE) = 'MULTILINESTRING' THEN 65535 WHEN UPPER(DATA_TYPE) = 'MULTIPOLYGON' THEN 65535 WHEN UPPER(DATA_TYPE) = 'GEOMETRYCOLLECTION' THEN 65535 WHEN UPPER(DATA_TYPE) = 'GEOMCOLLECTION' THEN 65535 WHEN CHARACTER_MAXIMUM_LENGTH IS NULL THEN NUMERIC_PRECISION WHEN CHARACTER_MAXIMUM_LENGTH > 2147483647 THEN 2147483647 ELSE CHARACTER_MAXIMUM_LENGTH END) AS COLUMN_SIZE, 65535 AS BUFFER_LENGTH, UPPER(CASE WHEN UPPER(DATA_TYPE) = 'DECIMAL' THEN NUMERIC_SCALE WHEN UPPER(DATA_TYPE) = 'FLOAT' OR UPPER(DATA_TYPE) = 'DOUBLE' THEN IF(NUMERIC_SCALE IS NULL, 0, NUMERIC_SCALE) ELSE NULL END) AS DECIMAL_DIGITS, 10 AS NUM_PREC_RADIX, CASE WHEN IS_NULLABLE COLLATE utf8mb3_general_ci= 'NO' THEN 0 ELSE CASE WHEN IS_NULLABLE COLLATE utf8mb3_general_ci= 'YES' THEN 1 ELSE 2 END END AS NULLABLE, COLUMN_COMMENT AS REMARKS, COLUMN_DEFAULT AS COLUMN_DEF, 0 AS SQL_DATA_TYPE, 0 AS SQL_DATETIME_SUB, CASE WHEN CHARACTER_OCTET_LENGTH > 2147483647 THEN 2147483647 ELSE CHARACTER_OCTET_LENGTH END AS CHAR_OCTET_LENGTH, ORDINAL_POSITION, IS_NULLABLE, NULL AS SCOPE_CATALOG, NULL AS SCOPE_SCHEMA, NULL AS SCOPE_TABLE, NULL AS SOURCE_DATA_TYPE, IF (EXTRA COLLATE utf8mb3_general_ci LIKE '%auto_increment%','YES','NO') AS IS_AUTOINCREMENT, IF (EXTRA COLLATE utf8mb3_general_ci LIKE  '%GENERATED%','YES','NO') AS IS_GENERATEDCOLUMN FROM INFORMATION_SCHEMA.COLUMNS WHERE TABLE_SCHEMA = 'spring_batch' AND COLUMN_NAME LIKE '%' ORDER BY TABLE_SCHEMA, TABLE_NAME, ORDINAL_POSITION
2026-01-17T11:11:13.396666Z	  121 Query	SET autocommit=0
2026-01-17T11:11:13.404147Z	  121 Query	SELECT JOB_INSTANCE_ID, JOB_NAME
FROM BATCH_JOB_INSTANCE
WHERE JOB_NAME = 'paymentReportJob'
 AND JOB_KEY = '707ec73dd12b0f41282c25fa41873735'
2026-01-17T11:11:13.406913Z	  121 Query	COMMIT
2026-01-17T11:11:13.408683Z	  121 Query	SET autocommit=1
2026-01-17T11:11:13.411500Z	  121 Query	SELECT JOB_INSTANCE_ID, JOB_NAME
FROM BATCH_JOB_INSTANCE I1
WHERE I1.JOB_NAME = 'paymentReportJob' AND I1.JOB_INSTANCE_ID = (SELECT MAX(I2.JOB_INSTANCE_ID) FROM BATCH_JOB_INSTANCE I2 WHERE I2.JOB_NAME = 'paymentReportJob')
2026-01-17T11:11:13.415320Z	  121 Query	SELECT JOB_EXECUTION_ID, START_TIME, END_TIME, STATUS, EXIT_CODE, EXIT_MESSAGE, CREATE_TIME, LAST_UPDATED, VERSION
FROM BATCH_JOB_EXECUTION
 WHERE JOB_INSTANCE_ID = 8 AND JOB_EXECUTION_ID IN (SELECT MAX(JOB_EXECUTION_ID) FROM BATCH_JOB_EXECUTION E2 WHERE E2.JOB_INSTANCE_ID = 8)
2026-01-17T11:11:13.418418Z	  121 Query	SELECT JOB_EXECUTION_ID, PARAMETER_NAME, PARAMETER_TYPE, PARAMETER_VALUE, IDENTIFYING
FROM BATCH_JOB_EXECUTION_PARAMS
WHERE JOB_EXECUTION_ID = 8
2026-01-17T11:11:13.424980Z	  121 Query	SELECT JI.JOB_INSTANCE_ID, JOB_NAME, JOB_KEY, JI.VERSION
FROM BATCH_JOB_INSTANCE JI, BATCH_JOB_EXECUTION JE
WHERE JOB_EXECUTION_ID = 8 AND JI.JOB_INSTANCE_ID = JE.JOB_INSTANCE_ID
2026-01-17T11:11:13.427822Z	  121 Query	SELECT STEP_EXECUTION_ID, STEP_NAME, START_TIME, END_TIME, STATUS, COMMIT_COUNT, READ_COUNT, FILTER_COUNT, WRITE_COUNT, EXIT_CODE, EXIT_MESSAGE, READ_SKIP_COUNT, WRITE_SKIP_COUNT, PROCESS_SKIP_COUNT, ROLLBACK_COUNT, LAST_UPDATED, VERSION, CREATE_TIME
FROM BATCH_STEP_EXECUTION
 WHERE JOB_EXECUTION_ID = 8 ORDER BY STEP_EXECUTION_ID
2026-01-17T11:11:13.430138Z	  121 Query	SELECT SHORT_CONTEXT, SERIALIZED_CONTEXT
FROM BATCH_JOB_EXECUTION_CONTEXT
WHERE JOB_EXECUTION_ID = 8
2026-01-17T11:11:13.433879Z	  121 Query	SELECT SHORT_CONTEXT, SERIALIZED_CONTEXT
FROM BATCH_STEP_EXECUTION_CONTEXT
WHERE STEP_EXECUTION_ID = 8
2026-01-17T11:11:13.437973Z	  121 Query	SELECT @@session.transaction_isolation
2026-01-17T11:11:13.439822Z	  121 Query	SET SESSION TRANSACTION ISOLATION LEVEL SERIALIZABLE
2026-01-17T11:11:13.441102Z	  121 Query	SET autocommit=0
2026-01-17T11:11:13.442757Z	  121 Query	SELECT JOB_INSTANCE_ID, JOB_NAME
FROM BATCH_JOB_INSTANCE
WHERE JOB_NAME = 'paymentReportJob'
 AND JOB_KEY = '759a2db8d15953d195728a84a4f77438'
2026-01-17T11:11:13.444132Z	  121 Query	COMMIT
2026-01-17T11:11:13.445331Z	  121 Query	SET autocommit=1
2026-01-17T11:11:13.446817Z	  121 Query	SET SESSION TRANSACTION ISOLATION LEVEL REPEATABLE READ
2026-01-17T11:11:13.448440Z	  121 Query	SELECT @@session.transaction_isolation
2026-01-17T11:11:13.449780Z	  121 Query	SET SESSION TRANSACTION ISOLATION LEVEL SERIALIZABLE
2026-01-17T11:11:13.451856Z	  121 Query	SET autocommit=0
2026-01-17T11:11:13.453877Z	  121 Query	SELECT JOB_INSTANCE_ID, JOB_NAME
FROM BATCH_JOB_INSTANCE
WHERE JOB_NAME = 'paymentReportJob'
 AND JOB_KEY = '759a2db8d15953d195728a84a4f77438'
2026-01-17T11:11:13.457061Z	  121 Query	SELECT JOB_INSTANCE_ID, JOB_NAME
FROM BATCH_JOB_INSTANCE
WHERE JOB_NAME = 'paymentReportJob'
 AND JOB_KEY = '759a2db8d15953d195728a84a4f77438'
2026-01-17T11:11:13.459048Z	  122 Query	SET autocommit=0
2026-01-17T11:11:13.461717Z	  122 Query	update BATCH_JOB_SEQ set ID = last_insert_id(ID + 1) limit 1
2026-01-17T11:11:13.463514Z	  122 Query	select last_insert_id()
2026-01-17T11:11:13.465697Z	  122 Query	COMMIT
2026-01-17T11:11:13.469647Z	  122 Query	SET autocommit=1
2026-01-17T11:11:13.473810Z	  121 Query	INSERT INTO BATCH_JOB_INSTANCE(JOB_INSTANCE_ID, JOB_NAME, JOB_KEY, VERSION)
	VALUES (9, 'paymentReportJob', '759a2db8d15953d195728a84a4f77438', 0)
2026-01-17T11:11:13.475984Z	  122 Query	SET autocommit=0
2026-01-17T11:11:13.478205Z	  122 Query	update BATCH_JOB_EXECUTION_SEQ set ID = last_insert_id(ID + 1) limit 1
2026-01-17T11:11:13.480399Z	  122 Query	select last_insert_id()
2026-01-17T11:11:13.483141Z	  122 Query	COMMIT
2026-01-17T11:11:13.488224Z	  122 Query	SET autocommit=1
2026-01-17T11:11:13.499709Z	  121 Query	INSERT INTO BATCH_JOB_EXECUTION(JOB_EXECUTION_ID, JOB_INSTANCE_ID, START_TIME, END_TIME, STATUS, EXIT_CODE, EXIT_MESSAGE, VERSION, CREATE_TIME, LAST_UPDATED)
	VALUES (9, 9, null, null, 'STARTING', 'UNKNOWN', '', 0, '2026-01-17 20:11:13.475484', '2026-01-17 20:11:13.475502')
2026-01-17T11:11:13.505702Z	  121 Query	SELECT @@session.transaction_read_only
2026-01-17T11:11:13.509061Z	  121 Query	INSERT INTO BATCH_JOB_EXECUTION_PARAMS(JOB_EXECUTION_ID, PARAMETER_NAME, PARAMETER_TYPE, PARAMETER_VALUE, IDENTIFYING)
	VALUES (9, 'paymentDate', 'java.lang.String', '2025-05-01', 'Y')
2026-01-17T11:11:13.512044Z	  121 Query	INSERT INTO BATCH_JOB_EXECUTION_PARAMS(JOB_EXECUTION_ID, PARAMETER_NAME, PARAMETER_TYPE, PARAMETER_VALUE, IDENTIFYING)
	VALUES (9, 'run.id', 'java.lang.Long', '9', 'Y')
2026-01-17T11:11:13.516653Z	  121 Query	INSERT INTO BATCH_JOB_EXECUTION_CONTEXT (SHORT_CONTEXT, SERIALIZED_CONTEXT, JOB_EXECUTION_ID)
	VALUES('rO0ABXNyABFqYXZhLnV0aWwuSGFzaE1hcAUH2sHDFmDRAwACRgAKbG9hZEZhY3RvckkACXRocmVzaG9sZHhwP0AAAAAAAAB3CAAAABAAAAAAeA==', null, 9)
2026-01-17T11:11:13.520922Z	  121 Query	COMMIT
2026-01-17T11:11:13.534482Z	  121 Query	SET autocommit=1
2026-01-17T11:11:13.540217Z	  121 Query	SET SESSION TRANSACTION ISOLATION LEVEL REPEATABLE READ
2026-01-17T11:11:13.558720Z	  121 Query	SET autocommit=0
2026-01-17T11:11:13.561106Z	  121 Query	SELECT VERSION
FROM BATCH_JOB_EXECUTION
WHERE JOB_EXECUTION_ID=9
2026-01-17T11:11:13.565161Z	  121 Query	SELECT COUNT(*)
FROM BATCH_JOB_EXECUTION
WHERE JOB_EXECUTION_ID = 9
2026-01-17T11:11:13.568375Z	  121 Query	UPDATE BATCH_JOB_EXECUTION
SET START_TIME = '2026-01-17 20:11:13.55749', END_TIME = null,  STATUS = 'STARTED', EXIT_CODE = 'UNKNOWN', EXIT_MESSAGE = '', VERSION = VERSION + 1, CREATE_TIME = '2026-01-17 20:11:13.475484', LAST_UPDATED = '2026-01-17 20:11:13.560056'
WHERE JOB_EXECUTION_ID = 9 AND VERSION = 0
2026-01-17T11:11:13.572117Z	  121 Query	COMMIT
2026-01-17T11:11:13.578166Z	  121 Query	SET autocommit=1
2026-01-17T11:11:13.581748Z	  121 Query	SET autocommit=0
2026-01-17T11:11:13.585219Z	  121 Query	SELECT SE.STEP_EXECUTION_ID, SE.STEP_NAME, SE.START_TIME, SE.END_TIME, SE.STATUS, SE.COMMIT_COUNT, SE.READ_COUNT, SE.FILTER_COUNT, SE.WRITE_COUNT, SE.EXIT_CODE, SE.EXIT_MESSAGE, SE.READ_SKIP_COUNT, SE.WRITE_SKIP_COUNT, SE.PROCESS_SKIP_COUNT, SE.ROLLBACK_COUNT, SE.LAST_UPDATED, SE.VERSION, SE.CREATE_TIME, JE.JOB_EXECUTION_ID, JE.START_TIME, JE.END_TIME, JE.STATUS, JE.EXIT_CODE, JE.EXIT_MESSAGE, JE.CREATE_TIME, JE.LAST_UPDATED, JE.VERSION
FROM BATCH_JOB_EXECUTION JE
	JOIN BATCH_STEP_EXECUTION SE ON SE.JOB_EXECUTION_ID = JE.JOB_EXECUTION_ID
WHERE JE.JOB_INSTANCE_ID = 9 AND SE.STEP_NAME = 'paymentReportStep'
2026-01-17T11:11:13.587214Z	  121 Query	COMMIT
2026-01-17T11:11:13.589033Z	  121 Query	SET autocommit=1
2026-01-17T11:11:13.592484Z	  121 Query	SET autocommit=0
2026-01-17T11:11:13.594919Z	  121 Query	SELECT COUNT(*)
FROM BATCH_JOB_EXECUTION JE
	JOIN BATCH_STEP_EXECUTION SE ON SE.JOB_EXECUTION_ID = JE.JOB_EXECUTION_ID
WHERE JE.JOB_INSTANCE_ID = 9 AND SE.STEP_NAME = 'paymentReportStep'
2026-01-17T11:11:13.598165Z	  121 Query	COMMIT
2026-01-17T11:11:13.599650Z	  121 Query	SET autocommit=1
2026-01-17T11:11:13.602828Z	  121 Query	SET autocommit=0
2026-01-17T11:11:13.604945Z	  122 Query	SET autocommit=0
2026-01-17T11:11:13.607533Z	  122 Query	update BATCH_STEP_EXECUTION_SEQ set ID = last_insert_id(ID + 1) limit 1
2026-01-17T11:11:13.610336Z	  122 Query	select last_insert_id()
2026-01-17T11:11:13.612464Z	  122 Query	COMMIT
2026-01-17T11:11:13.625064Z	  122 Query	SET autocommit=1
2026-01-17T11:11:13.628132Z	  121 Query	INSERT INTO BATCH_STEP_EXECUTION(STEP_EXECUTION_ID, VERSION, STEP_NAME, JOB_EXECUTION_ID, START_TIME, END_TIME, STATUS, COMMIT_COUNT, READ_COUNT, FILTER_COUNT, WRITE_COUNT, EXIT_CODE, EXIT_MESSAGE, READ_SKIP_COUNT, WRITE_SKIP_COUNT, PROCESS_SKIP_COUNT, ROLLBACK_COUNT, LAST_UPDATED, CREATE_TIME)
	VALUES (9, 0, 'paymentReportStep', 9, null, null, 'STARTING', 0, 0, 0, 0, 'EXECUTING', '', 0, 0, 0, 0, '2026-01-17 20:11:13.604474', '2026-01-17 20:11:13.601874')
2026-01-17T11:11:13.632384Z	  121 Query	INSERT INTO BATCH_STEP_EXECUTION_CONTEXT (SHORT_CONTEXT, SERIALIZED_CONTEXT, STEP_EXECUTION_ID)
	VALUES('rO0ABXNyABFqYXZhLnV0aWwuSGFzaE1hcAUH2sHDFmDRAwACRgAKbG9hZEZhY3RvckkACXRocmVzaG9sZHhwP0AAAAAAAAB3CAAAABAAAAAAeA==', null, 9)
2026-01-17T11:11:13.635674Z	  121 Query	COMMIT
2026-01-17T11:11:13.641214Z	  121 Query	SET autocommit=1
2026-01-17T11:11:13.645191Z	  121 Query	SET autocommit=0
2026-01-17T11:11:13.648768Z	  121 Query	UPDATE BATCH_STEP_EXECUTION
SET START_TIME = '2026-01-17 20:11:13.643485', END_TIME = null, STATUS = 'STARTED', COMMIT_COUNT = 0, READ_COUNT = 0, FILTER_COUNT = 0, WRITE_COUNT = 0, EXIT_CODE = 'EXECUTING', EXIT_MESSAGE = '', VERSION = VERSION + 1, READ_SKIP_COUNT = 0, PROCESS_SKIP_COUNT = 0, WRITE_SKIP_COUNT = 0, ROLLBACK_COUNT = 0, LAST_UPDATED = '2026-01-17 20:11:13.647406'
WHERE STEP_EXECUTION_ID = 9 AND VERSION = 0
2026-01-17T11:11:13.652799Z	  121 Query	SELECT VERSION
FROM BATCH_JOB_EXECUTION
WHERE JOB_EXECUTION_ID=9
2026-01-17T11:11:13.658042Z	  121 Query	COMMIT
2026-01-17T11:11:13.663266Z	  121 Query	SET autocommit=1
2026-01-17T11:11:13.686400Z	  121 Query	SET autocommit=0
2026-01-17T11:11:13.689674Z	  121 Query	UPDATE BATCH_STEP_EXECUTION_CONTEXT
SET SHORT_CONTEXT = 'rO0ABXNyABFqYXZhLnV0aWwuSGFzaE1hcAUH2sHDFmDRAwACRgAKbG9hZEZhY3RvckkACXRocmVzaG9sZHhwP0AAAAAAAAx3CAAAABAAAAAEdAAecGF5bWVudFJlcG9ydFJlYWRlci5yZWFkLmNvdW50c3IAEWphdmEubGFuZy5JbnRlZ2VyEuKgpPeBhzgCAAFJAAV2YWx1ZXhyABBqYXZhLmxhbmcuTnVtYmVyhqyVHQuU4IsCAAB4cAAAAAB0ABFiYXRjaC50YXNrbGV0VHlwZXQAPW9yZy5zcHJpbmdmcmFtZXdvcmsuYmF0Y2guY29yZS5zdGVwLml0ZW0uQ2h1bmtPcmllbnRlZFRhc2tsZXR0AA1iYXRjaC52ZXJzaW9udAAFNS4yLjR0AA5iYXRjaC5zdGVwVHlwZXQAN29yZy5zcHJpbmdmcmFtZXdvcmsuYmF0Y2guY29yZS5zdGVwLnRhc2tsZXQuVGFza2xldFN0ZXB4', SERIALIZED_CONTEXT = null
WHERE STEP_EXECUTION_ID = 9
2026-01-17T11:11:13.692952Z	  121 Query	COMMIT
2026-01-17T11:11:13.700061Z	  121 Query	SET autocommit=1
2026-01-17T11:11:13.704264Z	  121 Query	SET autocommit=0
2026-01-17T11:11:13.707211Z	  122 Query	SET autocommit=0
2026-01-17T11:11:13.861383Z	  122 Query	select ps1_0.id,ps1_0.discount_amount,ps1_0.final_amount,ps1_0.original_amount,ps1_0.partner_corp_name,ps1_0.payment_date from payment_source ps1_0 where ps1_0.payment_date='2025-05-01' limit 0,10
2026-01-17T11:11:13.881991Z	  122 Query	COMMIT
2026-01-17T11:11:13.883599Z	  122 Query	SET autocommit=1
2026-01-17T11:12:12.450833Z	  121 Query	ROLLBACK
2026-01-17T11:12:12.453466Z	  121 Query	SET autocommit=1
2026-01-17T11:12:12.774882Z	   79 Quit	
2026-01-17T11:12:16.172911Z	  121 Query	SET autocommit=0
2026-01-17T11:17:17.432285Z	   80 Quit	
2026-01-17T11:19:49.130015Z	  121 Query	ROLLBACK
2026-01-17T11:19:49.136060Z	  121 Query	SET autocommit=1
2026-01-17T11:19:49.147447Z	  121 Query	SET autocommit=0
2026-01-17T11:19:49.240381Z	  121 Query	insert into payment (amount,payment_date,status) values (2800.00,'2025-05-01','PAYMENT')
2026-01-17T11:19:49.292337Z	  121 Query	insert into payment (amount,payment_date,status) values (3750.00,'2025-05-01','PAYMENT')
2026-01-17T11:19:49.309352Z	  121 Query	insert into payment (amount,payment_date,status) values (4700.00,'2025-05-01','PAYMENT')
2026-01-17T11:19:49.323963Z	  121 Query	insert into payment (amount,payment_date,status) values (5650.00,'2025-05-01','PAYMENT')
2026-01-17T11:19:49.339856Z	  121 Query	insert into payment (amount,payment_date,status) values (6600.00,'2025-05-01','PAYMENT')
2026-01-17T11:19:49.359097Z	  121 Query	insert into payment (amount,payment_date,status) values (7550.00,'2025-05-01','PAYMENT')
2026-01-17T11:19:49.375189Z	  121 Query	insert into payment (amount,payment_date,status) values (8500.00,'2025-05-01','PAYMENT')
2026-01-17T11:19:49.390198Z	  121 Query	insert into payment (amount,payment_date,status) values (9450.00,'2025-05-01','PAYMENT')
2026-01-17T11:19:49.405046Z	  121 Query	UPDATE BATCH_STEP_EXECUTION_CONTEXT
SET SHORT_CONTEXT = 'rO0ABXNyABFqYXZhLnV0aWwuSGFzaE1hcAUH2sHDFmDRAwACRgAKbG9hZEZhY3RvckkACXRocmVzaG9sZHhwP0AAAAAAAAx3CAAAABAAAAAEdAAecGF5bWVudFJlcG9ydFJlYWRlci5yZWFkLmNvdW50c3IAEWphdmEubGFuZy5JbnRlZ2VyEuKgpPeBhzgCAAFJAAV2YWx1ZXhyABBqYXZhLmxhbmcuTnVtYmVyhqyVHQuU4IsCAAB4cAAAAAp0ABFiYXRjaC50YXNrbGV0VHlwZXQAPW9yZy5zcHJpbmdmcmFtZXdvcmsuYmF0Y2guY29yZS5zdGVwLml0ZW0uQ2h1bmtPcmllbnRlZFRhc2tsZXR0AA1iYXRjaC52ZXJzaW9udAAFNS4yLjR0AA5iYXRjaC5zdGVwVHlwZXQAN29yZy5zcHJpbmdmcmFtZXdvcmsuYmF0Y2guY29yZS5zdGVwLnRhc2tsZXQuVGFza2xldFN0ZXB4', SERIALIZED_CONTEXT = null
WHERE STEP_EXECUTION_ID = 9
2026-01-17T11:19:49.421133Z	  121 Query	UPDATE BATCH_STEP_EXECUTION
SET START_TIME = '2026-01-17 20:11:13.643485', END_TIME = null, STATUS = 'STARTED', COMMIT_COUNT = 1, READ_COUNT = 10, FILTER_COUNT = 0, WRITE_COUNT = 8, EXIT_CODE = 'EXECUTING', EXIT_MESSAGE = '', VERSION = VERSION + 1, READ_SKIP_COUNT = 0, PROCESS_SKIP_COUNT = 2, WRITE_SKIP_COUNT = 0, ROLLBACK_COUNT = 2, LAST_UPDATED = '2026-01-17 20:19:49.409589'
WHERE STEP_EXECUTION_ID = 9 AND VERSION = 1
2026-01-17T11:19:49.428001Z	  121 Query	SELECT VERSION
FROM BATCH_JOB_EXECUTION
WHERE JOB_EXECUTION_ID=9
2026-01-17T11:19:49.433147Z	  121 Query	COMMIT
2026-01-17T11:19:49.442200Z	  121 Query	SET autocommit=1
2026-01-17T11:19:49.446336Z	  121 Query	SET autocommit=0
2026-01-17T11:19:49.451475Z	  122 Query	SET autocommit=0
2026-01-17T11:19:49.471544Z	  122 Query	select ps1_0.id,ps1_0.discount_amount,ps1_0.final_amount,ps1_0.original_amount,ps1_0.partner_corp_name,ps1_0.payment_date from payment_source ps1_0 where ps1_0.payment_date='2025-05-01' limit 10,10
2026-01-17T11:19:49.487982Z	  122 Query	COMMIT
2026-01-17T11:19:49.489929Z	  122 Query	SET autocommit=1
2026-01-17T11:19:49.509110Z	  121 Query	insert into payment (amount,payment_date,status) values (10400.00,'2025-05-01','PAYMENT')
2026-01-17T11:19:49.521314Z	  121 Query	insert into payment (amount,payment_date,status) values (11350.00,'2025-05-01','PAYMENT')
2026-01-17T11:19:49.533280Z	  121 Query	insert into payment (amount,payment_date,status) values (12300.00,'2025-05-01','PAYMENT')
2026-01-17T11:19:49.545780Z	  121 Query	insert into payment (amount,payment_date,status) values (13250.00,'2025-05-01','PAYMENT')
2026-01-17T11:19:49.556273Z	  121 Query	insert into payment (amount,payment_date,status) values (14200.00,'2025-05-01','PAYMENT')
2026-01-17T11:19:49.567932Z	  121 Query	insert into payment (amount,payment_date,status) values (15150.00,'2025-05-01','PAYMENT')
2026-01-17T11:19:49.584437Z	  121 Query	insert into payment (amount,payment_date,status) values (16100.00,'2025-05-01','PAYMENT')
2026-01-17T11:19:49.594459Z	  121 Query	insert into payment (amount,payment_date,status) values (17050.00,'2025-05-01','PAYMENT')
2026-01-17T11:19:49.606114Z	  121 Query	insert into payment (amount,payment_date,status) values (18000.00,'2025-05-01','PAYMENT')
2026-01-17T11:19:49.619209Z	  121 Query	insert into payment (amount,payment_date,status) values (18950.00,'2025-05-01','PAYMENT')
2026-01-17T11:19:49.628748Z	  121 Query	UPDATE BATCH_STEP_EXECUTION_CONTEXT
SET SHORT_CONTEXT = 'rO0ABXNyABFqYXZhLnV0aWwuSGFzaE1hcAUH2sHDFmDRAwACRgAKbG9hZEZhY3RvckkACXRocmVzaG9sZHhwP0AAAAAAAAx3CAAAABAAAAAEdAAecGF5bWVudFJlcG9ydFJlYWRlci5yZWFkLmNvdW50c3IAEWphdmEubGFuZy5JbnRlZ2VyEuKgpPeBhzgCAAFJAAV2YWx1ZXhyABBqYXZhLmxhbmcuTnVtYmVyhqyVHQuU4IsCAAB4cAAAABR0ABFiYXRjaC50YXNrbGV0VHlwZXQAPW9yZy5zcHJpbmdmcmFtZXdvcmsuYmF0Y2guY29yZS5zdGVwLml0ZW0uQ2h1bmtPcmllbnRlZFRhc2tsZXR0AA1iYXRjaC52ZXJzaW9udAAFNS4yLjR0AA5iYXRjaC5zdGVwVHlwZXQAN29yZy5zcHJpbmdmcmFtZXdvcmsuYmF0Y2guY29yZS5zdGVwLnRhc2tsZXQuVGFza2xldFN0ZXB4', SERIALIZED_CONTEXT = null
WHERE STEP_EXECUTION_ID = 9
2026-01-17T11:19:49.642153Z	  121 Query	UPDATE BATCH_STEP_EXECUTION
SET START_TIME = '2026-01-17 20:11:13.643485', END_TIME = null, STATUS = 'STARTED', COMMIT_COUNT = 2, READ_COUNT = 20, FILTER_COUNT = 0, WRITE_COUNT = 18, EXIT_CODE = 'EXECUTING', EXIT_MESSAGE = '', VERSION = VERSION + 1, READ_SKIP_COUNT = 0, PROCESS_SKIP_COUNT = 2, WRITE_SKIP_COUNT = 0, ROLLBACK_COUNT = 2, LAST_UPDATED = '2026-01-17 20:19:49.633312'
WHERE STEP_EXECUTION_ID = 9 AND VERSION = 2
2026-01-17T11:19:49.650855Z	  121 Query	SELECT VERSION
FROM BATCH_JOB_EXECUTION
WHERE JOB_EXECUTION_ID=9
2026-01-17T11:19:49.654989Z	  121 Query	COMMIT
2026-01-17T11:19:49.661974Z	  121 Query	SET autocommit=1
2026-01-17T11:19:49.665928Z	  121 Query	SET autocommit=0
2026-01-17T11:19:49.669237Z	  122 Query	SET autocommit=0
2026-01-17T11:19:49.685827Z	  122 Query	select ps1_0.id,ps1_0.discount_amount,ps1_0.final_amount,ps1_0.original_amount,ps1_0.partner_corp_name,ps1_0.payment_date from payment_source ps1_0 where ps1_0.payment_date='2025-05-01' limit 20,10
2026-01-17T11:19:49.689305Z	  122 Query	COMMIT
2026-01-17T11:19:49.691147Z	  122 Query	SET autocommit=1
2026-01-17T11:19:49.697644Z	  121 Query	UPDATE BATCH_STEP_EXECUTION_CONTEXT
SET SHORT_CONTEXT = 'rO0ABXNyABFqYXZhLnV0aWwuSGFzaE1hcAUH2sHDFmDRAwACRgAKbG9hZEZhY3RvckkACXRocmVzaG9sZHhwP0AAAAAAAAx3CAAAABAAAAAEdAAecGF5bWVudFJlcG9ydFJlYWRlci5yZWFkLmNvdW50c3IAEWphdmEubGFuZy5JbnRlZ2VyEuKgpPeBhzgCAAFJAAV2YWx1ZXhyABBqYXZhLmxhbmcuTnVtYmVyhqyVHQuU4IsCAAB4cAAAABV0ABFiYXRjaC50YXNrbGV0VHlwZXQAPW9yZy5zcHJpbmdmcmFtZXdvcmsuYmF0Y2guY29yZS5zdGVwLml0ZW0uQ2h1bmtPcmllbnRlZFRhc2tsZXR0AA1iYXRjaC52ZXJzaW9udAAFNS4yLjR0AA5iYXRjaC5zdGVwVHlwZXQAN29yZy5zcHJpbmdmcmFtZXdvcmsuYmF0Y2guY29yZS5zdGVwLnRhc2tsZXQuVGFza2xldFN0ZXB4', SERIALIZED_CONTEXT = null
WHERE STEP_EXECUTION_ID = 9
2026-01-17T11:19:49.708681Z	  121 Query	UPDATE BATCH_STEP_EXECUTION
SET START_TIME = '2026-01-17 20:11:13.643485', END_TIME = null, STATUS = 'STARTED', COMMIT_COUNT = 3, READ_COUNT = 20, FILTER_COUNT = 0, WRITE_COUNT = 18, EXIT_CODE = 'EXECUTING', EXIT_MESSAGE = '', VERSION = VERSION + 1, READ_SKIP_COUNT = 0, PROCESS_SKIP_COUNT = 2, WRITE_SKIP_COUNT = 0, ROLLBACK_COUNT = 2, LAST_UPDATED = '2026-01-17 20:19:49.700179'
WHERE STEP_EXECUTION_ID = 9 AND VERSION = 3
2026-01-17T11:19:49.717353Z	  121 Query	SELECT VERSION
FROM BATCH_JOB_EXECUTION
WHERE JOB_EXECUTION_ID=9
2026-01-17T11:19:49.720940Z	  121 Query	COMMIT
2026-01-17T11:19:49.727525Z	  121 Query	SET autocommit=1
2026-01-17T11:19:49.733240Z	  121 Query	SET autocommit=0
2026-01-17T11:19:49.736527Z	  121 Query	UPDATE BATCH_STEP_EXECUTION_CONTEXT
SET SHORT_CONTEXT = 'rO0ABXNyABFqYXZhLnV0aWwuSGFzaE1hcAUH2sHDFmDRAwACRgAKbG9hZEZhY3RvckkACXRocmVzaG9sZHhwP0AAAAAAAAx3CAAAABAAAAAEdAAecGF5bWVudFJlcG9ydFJlYWRlci5yZWFkLmNvdW50c3IAEWphdmEubGFuZy5JbnRlZ2VyEuKgpPeBhzgCAAFJAAV2YWx1ZXhyABBqYXZhLmxhbmcuTnVtYmVyhqyVHQuU4IsCAAB4cAAAABV0ABFiYXRjaC50YXNrbGV0VHlwZXQAPW9yZy5zcHJpbmdmcmFtZXdvcmsuYmF0Y2guY29yZS5zdGVwLml0ZW0uQ2h1bmtPcmllbnRlZFRhc2tsZXR0AA1iYXRjaC52ZXJzaW9udAAFNS4yLjR0AA5iYXRjaC5zdGVwVHlwZXQAN29yZy5zcHJpbmdmcmFtZXdvcmsuYmF0Y2guY29yZS5zdGVwLnRhc2tsZXQuVGFza2xldFN0ZXB4', SERIALIZED_CONTEXT = null
WHERE STEP_EXECUTION_ID = 9
2026-01-17T11:19:49.740111Z	  121 Query	COMMIT
2026-01-17T11:19:49.743303Z	  121 Query	SET autocommit=1
2026-01-17T11:19:49.746182Z	  121 Query	SET autocommit=0
2026-01-17T11:19:49.750304Z	  121 Query	UPDATE BATCH_STEP_EXECUTION
SET START_TIME = '2026-01-17 20:11:13.643485', END_TIME = '2026-01-17 20:19:49.731037', STATUS = 'COMPLETED', COMMIT_COUNT = 3, READ_COUNT = 20, FILTER_COUNT = 0, WRITE_COUNT = 18, EXIT_CODE = 'COMPLETED', EXIT_MESSAGE = '', VERSION = VERSION + 1, READ_SKIP_COUNT = 0, PROCESS_SKIP_COUNT = 2, WRITE_SKIP_COUNT = 0, ROLLBACK_COUNT = 2, LAST_UPDATED = '2026-01-17 20:19:49.748206'
WHERE STEP_EXECUTION_ID = 9 AND VERSION = 4
2026-01-17T11:19:49.754034Z	  121 Query	SELECT VERSION
FROM BATCH_JOB_EXECUTION
WHERE JOB_EXECUTION_ID=9
2026-01-17T11:19:49.755968Z	  121 Query	COMMIT
2026-01-17T11:19:49.759520Z	  121 Query	SET autocommit=1
2026-01-17T11:19:49.762962Z	  122 Query	SET autocommit=0
2026-01-17T11:19:49.765908Z	  122 Query	UPDATE BATCH_JOB_EXECUTION_CONTEXT
SET SHORT_CONTEXT = 'rO0ABXNyABFqYXZhLnV0aWwuSGFzaE1hcAUH2sHDFmDRAwACRgAKbG9hZEZhY3RvckkACXRocmVzaG9sZHhwP0AAAAAAAAx3CAAAABAAAAABdAANYmF0Y2gudmVyc2lvbnQABTUuMi40eA==', SERIALIZED_CONTEXT = null
WHERE JOB_EXECUTION_ID = 9
2026-01-17T11:19:49.768768Z	  122 Query	COMMIT
2026-01-17T11:19:49.774628Z	  122 Query	SET autocommit=1
2026-01-17T11:19:49.777582Z	  122 Query	SET autocommit=0
2026-01-17T11:19:49.780314Z	  122 Query	SELECT VERSION
FROM BATCH_JOB_EXECUTION
WHERE JOB_EXECUTION_ID=9
2026-01-17T11:19:49.783290Z	  122 Query	SELECT COUNT(*)
FROM BATCH_JOB_EXECUTION
WHERE JOB_EXECUTION_ID = 9
2026-01-17T11:19:49.785839Z	  122 Query	UPDATE BATCH_JOB_EXECUTION
SET START_TIME = '2026-01-17 20:11:13.55749', END_TIME = '2026-01-17 20:19:49.776921',  STATUS = 'COMPLETED', EXIT_CODE = 'COMPLETED', EXIT_MESSAGE = '', VERSION = VERSION + 1, CREATE_TIME = '2026-01-17 20:11:13.475484', LAST_UPDATED = '2026-01-17 20:19:49.779708'
WHERE JOB_EXECUTION_ID = 9 AND VERSION = 1
2026-01-17T11:19:49.788057Z	  122 Query	COMMIT
2026-01-17T11:19:49.791548Z	  122 Query	SET autocommit=1
2026-01-17T11:19:49.801966Z	  125 Quit	
2026-01-17T11:19:49.802364Z	  124 Quit	
2026-01-17T11:19:49.802370Z	  122 Quit	
2026-01-17T11:19:49.802504Z	  121 Quit	
2026-01-17T11:19:49.802756Z	  123 Quit	
2026-01-17T11:19:49.803274Z	  130 Quit	
2026-01-17T11:19:49.803365Z	  129 Quit	
2026-01-17T11:19:49.803491Z	  127 Quit	
2026-01-17T11:19:49.803545Z	  126 Quit	
2026-01-17T11:19:49.803862Z	  128 Quit	
2026-01-17T11:19:55.038200Z	  131 Connect	root@172.19.0.1 on spring_batch using TCP/IP
2026-01-17T11:19:55.049595Z	  131 Query	/* mysql-connector-j-9.5.0 (Revision: a7b3c94f50efbddb9f0dd69b3e0d1aaa25305cd6) */SELECT  @@session.auto_increment_increment AS auto_increment_increment, @@character_set_client AS character_set_client, @@character_set_connection AS character_set_connection, @@character_set_results AS character_set_results, @@character_set_server AS character_set_server, @@collation_server AS collation_server, @@collation_connection AS collation_connection, @@init_connect AS init_connect, @@interactive_timeout AS interactive_timeout, @@license AS license, @@lower_case_table_names AS lower_case_table_names, @@max_allowed_packet AS max_allowed_packet, @@net_write_timeout AS net_write_timeout, @@performance_schema AS performance_schema, @@sql_mode AS sql_mode, @@system_time_zone AS system_time_zone, @@time_zone AS time_zone, @@transaction_isolation AS transaction_isolation, @@wait_timeout AS wait_timeout
2026-01-17T11:19:55.057428Z	  131 Query	SET character_set_results = NULL
2026-01-17T11:19:55.060315Z	  131 Query	SET autocommit=1
2026-01-17T11:19:55.068078Z	  131 Query	SELECT @@session.transaction_read_only
2026-01-17T11:19:55.073088Z	  131 Query	SELECT @@session.transaction_isolation
2026-01-17T11:19:55.185165Z	  132 Connect	root@172.19.0.1 on spring_batch using TCP/IP
2026-01-17T11:19:55.187651Z	  132 Query	/* mysql-connector-j-9.5.0 (Revision: a7b3c94f50efbddb9f0dd69b3e0d1aaa25305cd6) */SELECT  @@session.auto_increment_increment AS auto_increment_increment, @@character_set_client AS character_set_client, @@character_set_connection AS character_set_connection, @@character_set_results AS character_set_results, @@character_set_server AS character_set_server, @@collation_server AS collation_server, @@collation_connection AS collation_connection, @@init_connect AS init_connect, @@interactive_timeout AS interactive_timeout, @@license AS license, @@lower_case_table_names AS lower_case_table_names, @@max_allowed_packet AS max_allowed_packet, @@net_write_timeout AS net_write_timeout, @@performance_schema AS performance_schema, @@sql_mode AS sql_mode, @@system_time_zone AS system_time_zone, @@time_zone AS time_zone, @@transaction_isolation AS transaction_isolation, @@wait_timeout AS wait_timeout
2026-01-17T11:19:55.189058Z	  132 Query	SET character_set_results = NULL
2026-01-17T11:19:55.190316Z	  132 Query	SET autocommit=1
2026-01-17T11:19:55.192376Z	  132 Query	SELECT @@session.transaction_read_only
2026-01-17T11:19:55.231089Z	  133 Connect	root@172.19.0.1 on spring_batch using TCP/IP
2026-01-17T11:19:55.233216Z	  133 Query	/* mysql-connector-j-9.5.0 (Revision: a7b3c94f50efbddb9f0dd69b3e0d1aaa25305cd6) */SELECT  @@session.auto_increment_increment AS auto_increment_increment, @@character_set_client AS character_set_client, @@character_set_connection AS character_set_connection, @@character_set_results AS character_set_results, @@character_set_server AS character_set_server, @@collation_server AS collation_server, @@collation_connection AS collation_connection, @@init_connect AS init_connect, @@interactive_timeout AS interactive_timeout, @@license AS license, @@lower_case_table_names AS lower_case_table_names, @@max_allowed_packet AS max_allowed_packet, @@net_write_timeout AS net_write_timeout, @@performance_schema AS performance_schema, @@sql_mode AS sql_mode, @@system_time_zone AS system_time_zone, @@time_zone AS time_zone, @@transaction_isolation AS transaction_isolation, @@wait_timeout AS wait_timeout
2026-01-17T11:19:55.236210Z	  133 Query	SET character_set_results = NULL
2026-01-17T11:19:55.238255Z	  133 Query	SET autocommit=1
2026-01-17T11:19:55.239988Z	  133 Query	SELECT @@session.transaction_read_only
2026-01-17T11:19:55.280166Z	  134 Connect	root@172.19.0.1 on spring_batch using TCP/IP
2026-01-17T11:19:55.282597Z	  134 Query	/* mysql-connector-j-9.5.0 (Revision: a7b3c94f50efbddb9f0dd69b3e0d1aaa25305cd6) */SELECT  @@session.auto_increment_increment AS auto_increment_increment, @@character_set_client AS character_set_client, @@character_set_connection AS character_set_connection, @@character_set_results AS character_set_results, @@character_set_server AS character_set_server, @@collation_server AS collation_server, @@collation_connection AS collation_connection, @@init_connect AS init_connect, @@interactive_timeout AS interactive_timeout, @@license AS license, @@lower_case_table_names AS lower_case_table_names, @@max_allowed_packet AS max_allowed_packet, @@net_write_timeout AS net_write_timeout, @@performance_schema AS performance_schema, @@sql_mode AS sql_mode, @@system_time_zone AS system_time_zone, @@time_zone AS time_zone, @@transaction_isolation AS transaction_isolation, @@wait_timeout AS wait_timeout
2026-01-17T11:19:55.286662Z	  134 Query	SET character_set_results = NULL
2026-01-17T11:19:55.288848Z	  134 Query	SET autocommit=1
2026-01-17T11:19:55.290156Z	  134 Query	SELECT @@session.transaction_read_only
2026-01-17T11:19:55.326430Z	  135 Connect	root@172.19.0.1 on spring_batch using TCP/IP
2026-01-17T11:19:55.328967Z	  135 Query	/* mysql-connector-j-9.5.0 (Revision: a7b3c94f50efbddb9f0dd69b3e0d1aaa25305cd6) */SELECT  @@session.auto_increment_increment AS auto_increment_increment, @@character_set_client AS character_set_client, @@character_set_connection AS character_set_connection, @@character_set_results AS character_set_results, @@character_set_server AS character_set_server, @@collation_server AS collation_server, @@collation_connection AS collation_connection, @@init_connect AS init_connect, @@interactive_timeout AS interactive_timeout, @@license AS license, @@lower_case_table_names AS lower_case_table_names, @@max_allowed_packet AS max_allowed_packet, @@net_write_timeout AS net_write_timeout, @@performance_schema AS performance_schema, @@sql_mode AS sql_mode, @@system_time_zone AS system_time_zone, @@time_zone AS time_zone, @@transaction_isolation AS transaction_isolation, @@wait_timeout AS wait_timeout
2026-01-17T11:19:55.332376Z	  135 Query	SET character_set_results = NULL
2026-01-17T11:19:55.334980Z	  135 Query	SET autocommit=1
2026-01-17T11:19:55.336875Z	  135 Query	SELECT @@session.transaction_read_only
2026-01-17T11:19:55.344049Z	  131 Query	SELECT WORD FROM INFORMATION_SCHEMA.KEYWORDS WHERE RESERVED = 1 ORDER BY WORD
2026-01-17T11:19:55.376412Z	  131 Query	SELECT @@character_set_database, @@sql_mode
2026-01-17T11:19:55.377655Z	  136 Connect	root@172.19.0.1 on spring_batch using TCP/IP
2026-01-17T11:19:55.381196Z	  136 Query	/* mysql-connector-j-9.5.0 (Revision: a7b3c94f50efbddb9f0dd69b3e0d1aaa25305cd6) */SELECT  @@session.auto_increment_increment AS auto_increment_increment, @@character_set_client AS character_set_client, @@character_set_connection AS character_set_connection, @@character_set_results AS character_set_results, @@character_set_server AS character_set_server, @@collation_server AS collation_server, @@collation_connection AS collation_connection, @@init_connect AS init_connect, @@interactive_timeout AS interactive_timeout, @@license AS license, @@lower_case_table_names AS lower_case_table_names, @@max_allowed_packet AS max_allowed_packet, @@net_write_timeout AS net_write_timeout, @@performance_schema AS performance_schema, @@sql_mode AS sql_mode, @@system_time_zone AS system_time_zone, @@time_zone AS time_zone, @@transaction_isolation AS transaction_isolation, @@wait_timeout AS wait_timeout
2026-01-17T11:19:55.383342Z	  136 Query	SET character_set_results = NULL
2026-01-17T11:19:55.385150Z	  136 Query	SET autocommit=1
2026-01-17T11:19:55.386615Z	  136 Query	SELECT @@session.transaction_read_only
2026-01-17T11:19:55.422294Z	  137 Connect	root@172.19.0.1 on spring_batch using TCP/IP
2026-01-17T11:19:55.423996Z	  137 Query	/* mysql-connector-j-9.5.0 (Revision: a7b3c94f50efbddb9f0dd69b3e0d1aaa25305cd6) */SELECT  @@session.auto_increment_increment AS auto_increment_increment, @@character_set_client AS character_set_client, @@character_set_connection AS character_set_connection, @@character_set_results AS character_set_results, @@character_set_server AS character_set_server, @@collation_server AS collation_server, @@collation_connection AS collation_connection, @@init_connect AS init_connect, @@interactive_timeout AS interactive_timeout, @@license AS license, @@lower_case_table_names AS lower_case_table_names, @@max_allowed_packet AS max_allowed_packet, @@net_write_timeout AS net_write_timeout, @@performance_schema AS performance_schema, @@sql_mode AS sql_mode, @@system_time_zone AS system_time_zone, @@time_zone AS time_zone, @@transaction_isolation AS transaction_isolation, @@wait_timeout AS wait_timeout
2026-01-17T11:19:55.426868Z	  137 Query	SET character_set_results = NULL
2026-01-17T11:19:55.428181Z	  137 Query	SET autocommit=1
2026-01-17T11:19:55.430496Z	  137 Query	SELECT @@session.transaction_read_only
2026-01-17T11:19:55.469773Z	  138 Connect	root@172.19.0.1 on spring_batch using TCP/IP
2026-01-17T11:19:55.473002Z	  138 Query	/* mysql-connector-j-9.5.0 (Revision: a7b3c94f50efbddb9f0dd69b3e0d1aaa25305cd6) */SELECT  @@session.auto_increment_increment AS auto_increment_increment, @@character_set_client AS character_set_client, @@character_set_connection AS character_set_connection, @@character_set_results AS character_set_results, @@character_set_server AS character_set_server, @@collation_server AS collation_server, @@collation_connection AS collation_connection, @@init_connect AS init_connect, @@interactive_timeout AS interactive_timeout, @@license AS license, @@lower_case_table_names AS lower_case_table_names, @@max_allowed_packet AS max_allowed_packet, @@net_write_timeout AS net_write_timeout, @@performance_schema AS performance_schema, @@sql_mode AS sql_mode, @@system_time_zone AS system_time_zone, @@time_zone AS time_zone, @@transaction_isolation AS transaction_isolation, @@wait_timeout AS wait_timeout
2026-01-17T11:19:55.476242Z	  138 Query	SET character_set_results = NULL
2026-01-17T11:19:55.477954Z	  138 Query	SET autocommit=1
2026-01-17T11:19:55.479536Z	  138 Query	SELECT @@session.transaction_read_only
2026-01-17T11:19:55.523425Z	  139 Connect	root@172.19.0.1 on spring_batch using TCP/IP
2026-01-17T11:19:55.527579Z	  139 Query	/* mysql-connector-j-9.5.0 (Revision: a7b3c94f50efbddb9f0dd69b3e0d1aaa25305cd6) */SELECT  @@session.auto_increment_increment AS auto_increment_increment, @@character_set_client AS character_set_client, @@character_set_connection AS character_set_connection, @@character_set_results AS character_set_results, @@character_set_server AS character_set_server, @@collation_server AS collation_server, @@collation_connection AS collation_connection, @@init_connect AS init_connect, @@interactive_timeout AS interactive_timeout, @@license AS license, @@lower_case_table_names AS lower_case_table_names, @@max_allowed_packet AS max_allowed_packet, @@net_write_timeout AS net_write_timeout, @@performance_schema AS performance_schema, @@sql_mode AS sql_mode, @@system_time_zone AS system_time_zone, @@time_zone AS time_zone, @@transaction_isolation AS transaction_isolation, @@wait_timeout AS wait_timeout
2026-01-17T11:19:55.532090Z	  139 Query	SET character_set_results = NULL
2026-01-17T11:19:55.535340Z	  139 Query	SET autocommit=1
2026-01-17T11:19:55.539130Z	  139 Query	SELECT @@session.transaction_read_only
2026-01-17T11:19:55.580339Z	  140 Connect	root@172.19.0.1 on spring_batch using TCP/IP
2026-01-17T11:19:55.583046Z	  140 Query	/* mysql-connector-j-9.5.0 (Revision: a7b3c94f50efbddb9f0dd69b3e0d1aaa25305cd6) */SELECT  @@session.auto_increment_increment AS auto_increment_increment, @@character_set_client AS character_set_client, @@character_set_connection AS character_set_connection, @@character_set_results AS character_set_results, @@character_set_server AS character_set_server, @@collation_server AS collation_server, @@collation_connection AS collation_connection, @@init_connect AS init_connect, @@interactive_timeout AS interactive_timeout, @@license AS license, @@lower_case_table_names AS lower_case_table_names, @@max_allowed_packet AS max_allowed_packet, @@net_write_timeout AS net_write_timeout, @@performance_schema AS performance_schema, @@sql_mode AS sql_mode, @@system_time_zone AS system_time_zone, @@time_zone AS time_zone, @@transaction_isolation AS transaction_isolation, @@wait_timeout AS wait_timeout
2026-01-17T11:19:55.585590Z	  140 Query	SET character_set_results = NULL
2026-01-17T11:19:55.587788Z	  140 Query	SET autocommit=1
2026-01-17T11:19:55.589063Z	  140 Query	SELECT @@session.transaction_read_only
2026-01-17T11:19:55.861163Z	  131 Query	SELECT TABLE_SCHEMA AS TABLE_CAT, NULL AS TABLE_SCHEM, TABLE_NAME, CASE WHEN TABLE_TYPE = 'BASE TABLE' THEN CASE WHEN TABLE_SCHEMA = 'mysql' OR TABLE_SCHEMA = 'performance_schema' OR TABLE_SCHEMA = 'sys' THEN 'SYSTEM TABLE' ELSE 'TABLE' END WHEN TABLE_TYPE = 'TEMPORARY' THEN 'LOCAL_TEMPORARY' ELSE TABLE_TYPE END AS TABLE_TYPE, TABLE_COMMENT AS REMARKS, NULL AS TYPE_CAT, NULL AS TYPE_SCHEM, NULL AS TYPE_NAME, NULL AS SELF_REFERENCING_COL_NAME, NULL AS REF_GENERATION FROM INFORMATION_SCHEMA.TABLES WHERE TABLE_SCHEMA = 'spring_batch' AND TABLE_NAME LIKE '%' HAVING TABLE_TYPE IN ('TABLE','VIEW',null,null,null) ORDER BY TABLE_TYPE, TABLE_SCHEMA, TABLE_NAME
2026-01-17T11:19:55.867475Z	  131 Query	SELECT DEFAULT_COLLATION_NAME FROM INFORMATION_SCHEMA.SCHEMATA WHERE SCHEMA_NAME = 'information_schema'
2026-01-17T11:19:55.875458Z	  131 Query	SELECT TABLE_SCHEMA, NULL, TABLE_NAME, COLUMN_NAME, CASE WHEN UPPER(DATA_TYPE) = 'DECIMAL' THEN 3 WHEN UPPER(DATA_TYPE) = 'DECIMAL UNSIGNED' THEN 3 WHEN UPPER(DATA_TYPE) = 'TINYINT' THEN IF(LOCATE('ZEROFILL', UPPER(COLUMN_TYPE)) = 0 AND LOCATE('UNSIGNED', UPPER(COLUMN_TYPE)) = 0 AND LOCATE('(1)', COLUMN_TYPE) != 0, -7, -6) WHEN UPPER(DATA_TYPE) = 'TINYINT UNSIGNED' THEN IF(LOCATE('ZEROFILL', UPPER(COLUMN_TYPE)) = 0 AND LOCATE('UNSIGNED', UPPER(COLUMN_TYPE)) = 0 AND LOCATE('(1)', COLUMN_TYPE) != 0, -7, -6) WHEN UPPER(DATA_TYPE) = 'BOOLEAN' THEN 16 WHEN UPPER(DATA_TYPE) = 'SMALLINT' THEN 5 WHEN UPPER(DATA_TYPE) = 'SMALLINT UNSIGNED' THEN 5 WHEN UPPER(DATA_TYPE) = 'INT' THEN 4 WHEN UPPER(DATA_TYPE) = 'INT UNSIGNED' THEN 4 WHEN UPPER(DATA_TYPE) = 'FLOAT' THEN 7 WHEN UPPER(DATA_TYPE) = 'FLOAT UNSIGNED' THEN 7 WHEN UPPER(DATA_TYPE) = 'DOUBLE' THEN 8 WHEN UPPER(DATA_TYPE) = 'DOUBLE UNSIGNED' THEN 8 WHEN UPPER(DATA_TYPE) = 'NULL' THEN 0 WHEN UPPER(DATA_TYPE) = 'TIMESTAMP' THEN 93 WHEN UPPER(DATA_TYPE) = 'BIGINT' THEN -5 WHEN UPPER(DATA_TYPE) = 'BIGINT UNSIGNED' THEN -5 WHEN UPPER(DATA_TYPE) = 'MEDIUMINT' THEN 4 WHEN UPPER(DATA_TYPE) = 'MEDIUMINT UNSIGNED' THEN 4 WHEN UPPER(DATA_TYPE) = 'DATE' THEN 91 WHEN UPPER(DATA_TYPE) = 'TIME' THEN 92 WHEN UPPER(DATA_TYPE) = 'DATETIME' THEN 93 WHEN UPPER(DATA_TYPE) = 'YEAR' THEN 91 WHEN UPPER(DATA_TYPE) = 'VARCHAR' THEN 12 WHEN UPPER(DATA_TYPE) = 'VARBINARY' THEN -3 WHEN UPPER(DATA_TYPE) = 'BIT' THEN -7 WHEN UPPER(DATA_TYPE) = 'JSON' THEN -1 WHEN UPPER(DATA_TYPE) = 'ENUM' THEN 1 WHEN UPPER(DATA_TYPE) = 'SET' THEN 1 WHEN UPPER(DATA_TYPE) = 'TINYBLOB' THEN -3 WHEN UPPER(DATA_TYPE) = 'TINYTEXT' THEN 12 WHEN UPPER(DATA_TYPE) = 'MEDIUMBLOB' THEN -4 WHEN UPPER(DATA_TYPE) = 'MEDIUMTEXT' THEN -1 WHEN UPPER(DATA_TYPE) = 'LONGBLOB' THEN -4 WHEN UPPER(DATA_TYPE) = 'LONGTEXT' THEN -1 WHEN UPPER(DATA_TYPE) = 'BLOB' THEN -4 WHEN UPPER(DATA_TYPE) = 'TEXT' THEN -1 WHEN UPPER(DATA_TYPE) = 'CHAR' THEN 1 WHEN UPPER(DATA_TYPE) = 'BINARY' THEN -2 WHEN UPPER(DATA_TYPE) = 'GEOMETRY' THEN -2 WHEN UPPER(DATA_TYPE) = 'VECTOR' THEN -4 WHEN UPPER(DATA_TYPE) = 'UNKNOWN' THEN 1111 WHEN UPPER(DATA_TYPE) = 'POINT' THEN -2 WHEN UPPER(DATA_TYPE) = 'LINESTRING' THEN -2 WHEN UPPER(DATA_TYPE) = 'POLYGON' THEN -2 WHEN UPPER(DATA_TYPE) = 'MULTIPOINT' THEN -2 WHEN UPPER(DATA_TYPE) = 'MULTILINESTRING' THEN -2 WHEN UPPER(DATA_TYPE) = 'MULTIPOLYGON' THEN -2 WHEN UPPER(DATA_TYPE) = 'GEOMETRYCOLLECTION' THEN -2 WHEN UPPER(DATA_TYPE) = 'GEOMCOLLECTION' THEN -2 ELSE 1111 END AS DATA_TYPE, UPPER(CASE WHEN UPPER(DATA_TYPE) = 'TINYINT' THEN CASE WHEN LOCATE('ZEROFILL', UPPER(COLUMN_TYPE)) = 0 AND LOCATE('UNSIGNED', UPPER(COLUMN_TYPE)) = 0 AND LOCATE('(1)', COLUMN_TYPE) != 0 THEN 'BIT' WHEN LOCATE('UNSIGNED', UPPER(COLUMN_TYPE)) != 0 AND LOCATE('UNSIGNED', UPPER(DATA_TYPE)) = 0 THEN 'TINYINT UNSIGNED' ELSE DATA_TYPE END WHEN LOCATE('UNSIGNED', UPPER(COLUMN_TYPE)) != 0 AND LOCATE('UNSIGNED', UPPER(DATA_TYPE)) = 0 AND LOCATE('SET', UPPER(DATA_TYPE)) <> 1 AND LOCATE('ENUM', UPPER(DATA_TYPE)) <> 1 THEN CONCAT(DATA_TYPE, ' UNSIGNED') WHEN UPPER(DATA_TYPE) = 'POINT' THEN 'GEOMETRY' WHEN UPPER(DATA_TYPE) = 'LINESTRING' THEN 'GEOMETRY' WHEN UPPER(DATA_TYPE) = 'POLYGON' THEN 'GEOMETRY' WHEN UPPER(DATA_TYPE) = 'MULTIPOINT' THEN 'GEOMETRY' WHEN UPPER(DATA_TYPE) = 'MULTILINESTRING' THEN 'GEOMETRY' WHEN UPPER(DATA_TYPE) = 'MULTIPOLYGON' THEN 'GEOMETRY' WHEN UPPER(DATA_TYPE) = 'GEOMETRYCOLLECTION' THEN 'GEOMETRY' WHEN UPPER(DATA_TYPE) = 'GEOMCOLLECTION' THEN 'GEOMETRY' ELSE UPPER(DATA_TYPE) END) AS TYPE_NAME, UPPER(CASE WHEN UPPER(DATA_TYPE) = 'YEAR' THEN 4 WHEN UPPER(DATA_TYPE) = 'DATE' THEN 10 WHEN UPPER(DATA_TYPE) = 'DATETIME' OR UPPER(DATA_TYPE) = 'TIMESTAMP' THEN 19 + IF(DATETIME_PRECISION > 0, DATETIME_PRECISION + 1, DATETIME_PRECISION) WHEN UPPER(DATA_TYPE) = 'TIME' THEN 8 + IF(DATETIME_PRECISION > 0, DATETIME_PRECISION + 1, DATETIME_PRECISION) WHEN UPPER(DATA_TYPE) = 'TINYINT' AND LOCATE('ZEROFILL', UPPER(COLUMN_TYPE)) = 0 AND LOCATE('UNSIGNED', UPPER(COLUMN_TYPE)) = 0 AND LOCATE('(1)', COLUMN_TYPE) != 0 THEN 1 WHEN UPPER(DATA_TYPE) = 'MEDIUMINT' AND LOCATE('UNSIGNED', UPPER(COLUMN_TYPE)) != 0 THEN 8 WHEN UPPER(DATA_TYPE) = 'JSON' THEN 1073741824 WHEN UPPER(DATA_TYPE) = 'GEOMETRY' THEN 65535 WHEN UPPER(DATA_TYPE) = 'POINT' THEN 65535 WHEN UPPER(DATA_TYPE) = 'LINESTRING' THEN 65535 WHEN UPPER(DATA_TYPE) = 'POLYGON' THEN 65535 WHEN UPPER(DATA_TYPE) = 'MULTIPOINT' THEN 65535 WHEN UPPER(DATA_TYPE) = 'MULTILINESTRING' THEN 65535 WHEN UPPER(DATA_TYPE) = 'MULTIPOLYGON' THEN 65535 WHEN UPPER(DATA_TYPE) = 'GEOMETRYCOLLECTION' THEN 65535 WHEN UPPER(DATA_TYPE) = 'GEOMCOLLECTION' THEN 65535 WHEN CHARACTER_MAXIMUM_LENGTH IS NULL THEN NUMERIC_PRECISION WHEN CHARACTER_MAXIMUM_LENGTH > 2147483647 THEN 2147483647 ELSE CHARACTER_MAXIMUM_LENGTH END) AS COLUMN_SIZE, 65535 AS BUFFER_LENGTH, UPPER(CASE WHEN UPPER(DATA_TYPE) = 'DECIMAL' THEN NUMERIC_SCALE WHEN UPPER(DATA_TYPE) = 'FLOAT' OR UPPER(DATA_TYPE) = 'DOUBLE' THEN IF(NUMERIC_SCALE IS NULL, 0, NUMERIC_SCALE) ELSE NULL END) AS DECIMAL_DIGITS, 10 AS NUM_PREC_RADIX, CASE WHEN IS_NULLABLE COLLATE utf8mb3_general_ci= 'NO' THEN 0 ELSE CASE WHEN IS_NULLABLE COLLATE utf8mb3_general_ci= 'YES' THEN 1 ELSE 2 END END AS NULLABLE, COLUMN_COMMENT AS REMARKS, COLUMN_DEFAULT AS COLUMN_DEF, 0 AS SQL_DATA_TYPE, 0 AS SQL_DATETIME_SUB, CASE WHEN CHARACTER_OCTET_LENGTH > 2147483647 THEN 2147483647 ELSE CHARACTER_OCTET_LENGTH END AS CHAR_OCTET_LENGTH, ORDINAL_POSITION, IS_NULLABLE, NULL AS SCOPE_CATALOG, NULL AS SCOPE_SCHEMA, NULL AS SCOPE_TABLE, NULL AS SOURCE_DATA_TYPE, IF (EXTRA COLLATE utf8mb3_general_ci LIKE '%auto_increment%','YES','NO') AS IS_AUTOINCREMENT, IF (EXTRA COLLATE utf8mb3_general_ci LIKE  '%GENERATED%','YES','NO') AS IS_GENERATEDCOLUMN FROM INFORMATION_SCHEMA.COLUMNS WHERE TABLE_SCHEMA = 'spring_batch' AND COLUMN_NAME LIKE '%' ORDER BY TABLE_SCHEMA, TABLE_NAME, ORDINAL_POSITION
2026-01-17T11:20:25.589787Z	  131 Query	SET autocommit=0
2026-01-17T11:20:25.598936Z	  131 Query	SELECT JOB_INSTANCE_ID, JOB_NAME
FROM BATCH_JOB_INSTANCE
WHERE JOB_NAME = 'paymentReportJob'
 AND JOB_KEY = '707ec73dd12b0f41282c25fa41873735'
2026-01-17T11:20:25.601790Z	  131 Query	COMMIT
2026-01-17T11:20:25.602949Z	  131 Query	SET autocommit=1
2026-01-17T11:20:25.605483Z	  131 Query	SELECT JOB_INSTANCE_ID, JOB_NAME
FROM BATCH_JOB_INSTANCE I1
WHERE I1.JOB_NAME = 'paymentReportJob' AND I1.JOB_INSTANCE_ID = (SELECT MAX(I2.JOB_INSTANCE_ID) FROM BATCH_JOB_INSTANCE I2 WHERE I2.JOB_NAME = 'paymentReportJob')
2026-01-17T11:20:25.608504Z	  131 Query	SELECT JOB_EXECUTION_ID, START_TIME, END_TIME, STATUS, EXIT_CODE, EXIT_MESSAGE, CREATE_TIME, LAST_UPDATED, VERSION
FROM BATCH_JOB_EXECUTION
 WHERE JOB_INSTANCE_ID = 9 AND JOB_EXECUTION_ID IN (SELECT MAX(JOB_EXECUTION_ID) FROM BATCH_JOB_EXECUTION E2 WHERE E2.JOB_INSTANCE_ID = 9)
2026-01-17T11:20:25.610695Z	  131 Query	SELECT JOB_EXECUTION_ID, PARAMETER_NAME, PARAMETER_TYPE, PARAMETER_VALUE, IDENTIFYING
FROM BATCH_JOB_EXECUTION_PARAMS
WHERE JOB_EXECUTION_ID = 9
2026-01-17T11:20:25.613328Z	  131 Query	SELECT JI.JOB_INSTANCE_ID, JOB_NAME, JOB_KEY, JI.VERSION
FROM BATCH_JOB_INSTANCE JI, BATCH_JOB_EXECUTION JE
WHERE JOB_EXECUTION_ID = 9 AND JI.JOB_INSTANCE_ID = JE.JOB_INSTANCE_ID
2026-01-17T11:20:25.615775Z	  131 Query	SELECT STEP_EXECUTION_ID, STEP_NAME, START_TIME, END_TIME, STATUS, COMMIT_COUNT, READ_COUNT, FILTER_COUNT, WRITE_COUNT, EXIT_CODE, EXIT_MESSAGE, READ_SKIP_COUNT, WRITE_SKIP_COUNT, PROCESS_SKIP_COUNT, ROLLBACK_COUNT, LAST_UPDATED, VERSION, CREATE_TIME
FROM BATCH_STEP_EXECUTION
 WHERE JOB_EXECUTION_ID = 9 ORDER BY STEP_EXECUTION_ID
2026-01-17T11:20:25.618333Z	  131 Query	SELECT SHORT_CONTEXT, SERIALIZED_CONTEXT
FROM BATCH_JOB_EXECUTION_CONTEXT
WHERE JOB_EXECUTION_ID = 9
2026-01-17T11:20:25.620746Z	  131 Query	SELECT SHORT_CONTEXT, SERIALIZED_CONTEXT
FROM BATCH_STEP_EXECUTION_CONTEXT
WHERE STEP_EXECUTION_ID = 9
2026-01-17T11:20:25.623357Z	  131 Query	SELECT @@session.transaction_isolation
2026-01-17T11:20:25.624902Z	  131 Query	SET SESSION TRANSACTION ISOLATION LEVEL SERIALIZABLE
2026-01-17T11:20:25.626139Z	  131 Query	SET autocommit=0
2026-01-17T11:20:25.628223Z	  131 Query	SELECT JOB_INSTANCE_ID, JOB_NAME
FROM BATCH_JOB_INSTANCE
WHERE JOB_NAME = 'paymentReportJob'
 AND JOB_KEY = 'b78c0ad42749c000e1d4ae9625248354'
2026-01-17T11:20:25.629883Z	  131 Query	COMMIT
2026-01-17T11:20:25.631372Z	  131 Query	SET autocommit=1
2026-01-17T11:20:25.632652Z	  131 Query	SET SESSION TRANSACTION ISOLATION LEVEL REPEATABLE READ
2026-01-17T11:20:25.633896Z	  131 Query	SELECT @@session.transaction_isolation
2026-01-17T11:20:25.634958Z	  131 Query	SET SESSION TRANSACTION ISOLATION LEVEL SERIALIZABLE
2026-01-17T11:20:25.636070Z	  131 Query	SET autocommit=0
2026-01-17T11:20:25.637338Z	  131 Query	SELECT JOB_INSTANCE_ID, JOB_NAME
FROM BATCH_JOB_INSTANCE
WHERE JOB_NAME = 'paymentReportJob'
 AND JOB_KEY = 'b78c0ad42749c000e1d4ae9625248354'
2026-01-17T11:20:25.638693Z	  131 Query	SELECT JOB_INSTANCE_ID, JOB_NAME
FROM BATCH_JOB_INSTANCE
WHERE JOB_NAME = 'paymentReportJob'
 AND JOB_KEY = 'b78c0ad42749c000e1d4ae9625248354'
2026-01-17T11:20:25.640285Z	  132 Query	SET autocommit=0
2026-01-17T11:20:25.642667Z	  132 Query	update BATCH_JOB_SEQ set ID = last_insert_id(ID + 1) limit 1
2026-01-17T11:20:25.644106Z	  132 Query	select last_insert_id()
2026-01-17T11:20:25.645206Z	  132 Query	COMMIT
2026-01-17T11:20:25.649601Z	  132 Query	SET autocommit=1
2026-01-17T11:20:25.652420Z	  131 Query	INSERT INTO BATCH_JOB_INSTANCE(JOB_INSTANCE_ID, JOB_NAME, JOB_KEY, VERSION)
	VALUES (10, 'paymentReportJob', 'b78c0ad42749c000e1d4ae9625248354', 0)
2026-01-17T11:20:25.653813Z	  132 Query	SET autocommit=0
2026-01-17T11:20:25.655907Z	  132 Query	update BATCH_JOB_EXECUTION_SEQ set ID = last_insert_id(ID + 1) limit 1
2026-01-17T11:20:25.657731Z	  132 Query	select last_insert_id()
2026-01-17T11:20:25.659117Z	  132 Query	COMMIT
2026-01-17T11:20:25.665432Z	  132 Query	SET autocommit=1
2026-01-17T11:20:25.672933Z	  131 Query	INSERT INTO BATCH_JOB_EXECUTION(JOB_EXECUTION_ID, JOB_INSTANCE_ID, START_TIME, END_TIME, STATUS, EXIT_CODE, EXIT_MESSAGE, VERSION, CREATE_TIME, LAST_UPDATED)
	VALUES (10, 10, null, null, 'STARTING', 'UNKNOWN', '', 0, '2026-01-17 20:20:25.652777', '2026-01-17 20:20:25.652794')
2026-01-17T11:20:25.677377Z	  131 Query	SELECT @@session.transaction_read_only
2026-01-17T11:20:25.680417Z	  131 Query	INSERT INTO BATCH_JOB_EXECUTION_PARAMS(JOB_EXECUTION_ID, PARAMETER_NAME, PARAMETER_TYPE, PARAMETER_VALUE, IDENTIFYING)
	VALUES (10, 'paymentDate', 'java.lang.String', '2025-05-01', 'Y')
2026-01-17T11:20:25.682277Z	  131 Query	INSERT INTO BATCH_JOB_EXECUTION_PARAMS(JOB_EXECUTION_ID, PARAMETER_NAME, PARAMETER_TYPE, PARAMETER_VALUE, IDENTIFYING)
	VALUES (10, 'run.id', 'java.lang.Long', '10', 'Y')
2026-01-17T11:20:25.684759Z	  131 Query	INSERT INTO BATCH_JOB_EXECUTION_CONTEXT (SHORT_CONTEXT, SERIALIZED_CONTEXT, JOB_EXECUTION_ID)
	VALUES('rO0ABXNyABFqYXZhLnV0aWwuSGFzaE1hcAUH2sHDFmDRAwACRgAKbG9hZEZhY3RvckkACXRocmVzaG9sZHhwP0AAAAAAAAB3CAAAABAAAAAAeA==', null, 10)
2026-01-17T11:20:25.686826Z	  131 Query	COMMIT
2026-01-17T11:20:25.691522Z	  131 Query	SET autocommit=1
2026-01-17T11:20:25.693597Z	  131 Query	SET SESSION TRANSACTION ISOLATION LEVEL REPEATABLE READ
2026-01-17T11:20:25.703803Z	  131 Query	SET autocommit=0
2026-01-17T11:20:25.706150Z	  131 Query	SELECT VERSION
FROM BATCH_JOB_EXECUTION
WHERE JOB_EXECUTION_ID=10
2026-01-17T11:20:25.710015Z	  131 Query	SELECT COUNT(*)
FROM BATCH_JOB_EXECUTION
WHERE JOB_EXECUTION_ID = 10
2026-01-17T11:20:25.711801Z	  131 Query	UPDATE BATCH_JOB_EXECUTION
SET START_TIME = '2026-01-17 20:20:25.702544', END_TIME = null,  STATUS = 'STARTED', EXIT_CODE = 'UNKNOWN', EXIT_MESSAGE = '', VERSION = VERSION + 1, CREATE_TIME = '2026-01-17 20:20:25.652777', LAST_UPDATED = '2026-01-17 20:20:25.704391'
WHERE JOB_EXECUTION_ID = 10 AND VERSION = 0
2026-01-17T11:20:25.713761Z	  131 Query	COMMIT
2026-01-17T11:20:25.718467Z	  131 Query	SET autocommit=1
2026-01-17T11:20:25.720443Z	  131 Query	SET autocommit=0
2026-01-17T11:20:25.722370Z	  131 Query	SELECT SE.STEP_EXECUTION_ID, SE.STEP_NAME, SE.START_TIME, SE.END_TIME, SE.STATUS, SE.COMMIT_COUNT, SE.READ_COUNT, SE.FILTER_COUNT, SE.WRITE_COUNT, SE.EXIT_CODE, SE.EXIT_MESSAGE, SE.READ_SKIP_COUNT, SE.WRITE_SKIP_COUNT, SE.PROCESS_SKIP_COUNT, SE.ROLLBACK_COUNT, SE.LAST_UPDATED, SE.VERSION, SE.CREATE_TIME, JE.JOB_EXECUTION_ID, JE.START_TIME, JE.END_TIME, JE.STATUS, JE.EXIT_CODE, JE.EXIT_MESSAGE, JE.CREATE_TIME, JE.LAST_UPDATED, JE.VERSION
FROM BATCH_JOB_EXECUTION JE
	JOIN BATCH_STEP_EXECUTION SE ON SE.JOB_EXECUTION_ID = JE.JOB_EXECUTION_ID
WHERE JE.JOB_INSTANCE_ID = 10 AND SE.STEP_NAME = 'paymentReportStep'
2026-01-17T11:20:25.724146Z	  131 Query	COMMIT
2026-01-17T11:20:25.726587Z	  131 Query	SET autocommit=1
2026-01-17T11:20:25.729549Z	  131 Query	SET autocommit=0
2026-01-17T11:20:25.732295Z	  131 Query	SELECT COUNT(*)
FROM BATCH_JOB_EXECUTION JE
	JOIN BATCH_STEP_EXECUTION SE ON SE.JOB_EXECUTION_ID = JE.JOB_EXECUTION_ID
WHERE JE.JOB_INSTANCE_ID = 10 AND SE.STEP_NAME = 'paymentReportStep'
2026-01-17T11:20:25.733912Z	  131 Query	COMMIT
2026-01-17T11:20:25.735437Z	  131 Query	SET autocommit=1
2026-01-17T11:20:25.736754Z	  131 Query	SET autocommit=0
2026-01-17T11:20:25.737924Z	  132 Query	SET autocommit=0
2026-01-17T11:20:25.739100Z	  132 Query	update BATCH_STEP_EXECUTION_SEQ set ID = last_insert_id(ID + 1) limit 1
2026-01-17T11:20:25.740763Z	  132 Query	select last_insert_id()
2026-01-17T11:20:25.742622Z	  132 Query	COMMIT
2026-01-17T11:20:25.746387Z	  132 Query	SET autocommit=1
2026-01-17T11:20:25.750506Z	  131 Query	INSERT INTO BATCH_STEP_EXECUTION(STEP_EXECUTION_ID, VERSION, STEP_NAME, JOB_EXECUTION_ID, START_TIME, END_TIME, STATUS, COMMIT_COUNT, READ_COUNT, FILTER_COUNT, WRITE_COUNT, EXIT_CODE, EXIT_MESSAGE, READ_SKIP_COUNT, WRITE_SKIP_COUNT, PROCESS_SKIP_COUNT, ROLLBACK_COUNT, LAST_UPDATED, CREATE_TIME)
	VALUES (10, 0, 'paymentReportStep', 10, null, null, 'STARTING', 0, 0, 0, 0, 'EXECUTING', '', 0, 0, 0, 0, '2026-01-17 20:20:25.736997', '2026-01-17 20:20:25.735785')
2026-01-17T11:20:25.752395Z	  131 Query	INSERT INTO BATCH_STEP_EXECUTION_CONTEXT (SHORT_CONTEXT, SERIALIZED_CONTEXT, STEP_EXECUTION_ID)
	VALUES('rO0ABXNyABFqYXZhLnV0aWwuSGFzaE1hcAUH2sHDFmDRAwACRgAKbG9hZEZhY3RvckkACXRocmVzaG9sZHhwP0AAAAAAAAB3CAAAABAAAAAAeA==', null, 10)
2026-01-17T11:20:25.754707Z	  131 Query	COMMIT
2026-01-17T11:20:25.758441Z	  131 Query	SET autocommit=1
2026-01-17T11:20:25.762201Z	  131 Query	SET autocommit=0
2026-01-17T11:20:25.764678Z	  131 Query	UPDATE BATCH_STEP_EXECUTION
SET START_TIME = '2026-01-17 20:20:25.760581', END_TIME = null, STATUS = 'STARTED', COMMIT_COUNT = 0, READ_COUNT = 0, FILTER_COUNT = 0, WRITE_COUNT = 0, EXIT_CODE = 'EXECUTING', EXIT_MESSAGE = '', VERSION = VERSION + 1, READ_SKIP_COUNT = 0, PROCESS_SKIP_COUNT = 0, WRITE_SKIP_COUNT = 0, ROLLBACK_COUNT = 0, LAST_UPDATED = '2026-01-17 20:20:25.763177'
WHERE STEP_EXECUTION_ID = 10 AND VERSION = 0
2026-01-17T11:20:25.766500Z	  131 Query	SELECT VERSION
FROM BATCH_JOB_EXECUTION
WHERE JOB_EXECUTION_ID=10
2026-01-17T11:20:25.767795Z	  131 Query	COMMIT
2026-01-17T11:20:25.772063Z	  131 Query	SET autocommit=1
2026-01-17T11:20:25.795698Z	  131 Query	SET autocommit=0
2026-01-17T11:20:25.798357Z	  131 Query	UPDATE BATCH_STEP_EXECUTION_CONTEXT
SET SHORT_CONTEXT = 'rO0ABXNyABFqYXZhLnV0aWwuSGFzaE1hcAUH2sHDFmDRAwACRgAKbG9hZEZhY3RvckkACXRocmVzaG9sZHhwP0AAAAAAAAx3CAAAABAAAAAEdAAecGF5bWVudFJlcG9ydFJlYWRlci5yZWFkLmNvdW50c3IAEWphdmEubGFuZy5JbnRlZ2VyEuKgpPeBhzgCAAFJAAV2YWx1ZXhyABBqYXZhLmxhbmcuTnVtYmVyhqyVHQuU4IsCAAB4cAAAAAB0ABFiYXRjaC50YXNrbGV0VHlwZXQAPW9yZy5zcHJpbmdmcmFtZXdvcmsuYmF0Y2guY29yZS5zdGVwLml0ZW0uQ2h1bmtPcmllbnRlZFRhc2tsZXR0AA1iYXRjaC52ZXJzaW9udAAFNS4yLjR0AA5iYXRjaC5zdGVwVHlwZXQAN29yZy5zcHJpbmdmcmFtZXdvcmsuYmF0Y2guY29yZS5zdGVwLnRhc2tsZXQuVGFza2xldFN0ZXB4', SERIALIZED_CONTEXT = null
WHERE STEP_EXECUTION_ID = 10
2026-01-17T11:20:25.800626Z	  131 Query	COMMIT
2026-01-17T11:20:25.807511Z	  131 Query	SET autocommit=1
2026-01-17T11:20:25.811935Z	  131 Query	SET autocommit=0
2026-01-17T11:20:25.817018Z	  132 Query	SET autocommit=0
2026-01-17T11:20:26.004592Z	  132 Query	select ps1_0.id,ps1_0.discount_amount,ps1_0.final_amount,ps1_0.original_amount,ps1_0.partner_corp_name,ps1_0.payment_date from payment_source ps1_0 where ps1_0.payment_date='2025-05-01' limit 0,10
2026-01-17T11:20:26.025846Z	  132 Query	COMMIT
2026-01-17T11:20:26.028156Z	  132 Query	SET autocommit=1
