/usr/sbin/mysqld, Version: 8.0.34 (MySQL Community Server - GPL). started with:
Tcp port: 3306  Unix socket: /var/run/mysqld/mysqld.sock
Time                 Id Command    Argument
2026-01-17T04:19:12.470151Z	   51 Query	/* ApplicationName=IntelliJ IDEA 2025.1.3 */ select database()
2026-01-17T04:19:12.477420Z	   51 Query	SELECT @@session.transaction_isolation
2026-01-17T04:19:15.447927Z	   51 Query	SELECT @@session.transaction_isolation
2026-01-17T04:19:15.454010Z	   51 Query	/* ApplicationName=IntelliJ IDEA 2025.1.3 */ SET SESSION TRANSACTION READ WRITE
2026-01-17T04:19:15.459826Z	   51 Query	SELECT @@session.transaction_read_only
2026-01-17T04:19:15.465110Z	   51 Query	/* ApplicationName=IntelliJ IDEA 2025.1.3 */ SET net_write_timeout=600
2026-01-17T04:19:15.466603Z	   51 Query	/* ApplicationName=IntelliJ IDEA 2025.1.3 */ set global general_log = 'ON'
2026-01-17T04:19:15.471299Z	   51 Query	/* ApplicationName=IntelliJ IDEA 2025.1.3 */ select database()
2026-01-17T04:19:15.477849Z	   51 Query	SELECT @@session.transaction_isolation
2026-01-17T04:19:18.438266Z	   51 Query	SELECT @@session.transaction_isolation
2026-01-17T04:19:18.447182Z	   51 Query	/* ApplicationName=IntelliJ IDEA 2025.1.3 */ SET SESSION TRANSACTION READ WRITE
2026-01-17T04:19:18.449107Z	   51 Query	SELECT @@session.transaction_read_only
2026-01-17T04:19:18.453513Z	   51 Query	/* ApplicationName=IntelliJ IDEA 2025.1.3 */ SET net_write_timeout=600
2026-01-17T04:19:18.454948Z	   51 Query	/* ApplicationName=IntelliJ IDEA 2025.1.3 */ show variables like 'general_log%'
2026-01-17T04:19:18.713907Z	   51 Query	/* ApplicationName=IntelliJ IDEA 2025.1.3 */ select database()
2026-01-17T04:19:18.722532Z	   51 Query	SELECT @@session.transaction_isolation
2026-01-17T04:21:45.034401Z	   51 Query	SELECT @@session.transaction_isolation
2026-01-17T04:21:45.050108Z	   51 Query	/* ApplicationName=IntelliJ IDEA 2025.1.3 */ SET SESSION TRANSACTION READ WRITE
2026-01-17T04:21:45.058125Z	   51 Query	SELECT @@session.tranL:q
2026-01-17T04:22:00.719677Z	   51 Query	SELECT @@session.transaction_isolation
2026-01-17T04:22:00.724104Z	   51 Query	/* ApplicationName=IntelliJ IDEA 2025.1.3 */ SET SESSION TRANSACTION READ WRITE
2026-01-17T04:22:00.727868Z	   51 Query	SELECT @@session.transaction_read_only
2026-01-17T04:22:00.733926Z	   51 Query	/* ApplicationName=IntelliJ IDEA 2025.1.3 */ SET sql_select_limit=DEFAULT
2026-01-17T04:22:00.735729Z	   51 Query	/* ApplicationName=IntelliJ IDEA 2025.1.3 */ select database()
2026-01-17T04:22:00.744516Z	   51 Query	/* ApplicationName=IntelliJ IDEA 2025.1.3 */ SET net_write_timeout=600
2026-01-17T04:22:00.746546Z	   51 Query	/* ApplicationName=IntelliJ IDEA 2025.1.3 */ SET sql_select_limit=501
2026-01-17T04:22:00.747838Z	   51 Query	/* ApplicationName=IntelliJ IDEA 2025.1.3 */ select * from payment where id =1
2026-01-17T04:22:00.956426Z	   51 Query	SELECT @@session.transaction_isolation
2026-01-17T04:36:16.099168Z	   52 Quit	
2026-01-17T04:39:06.727402Z	   54 Connect	root@172.24.0.1 on spring_batch using TCP/IP
2026-01-17T04:39:06.739037Z	   54 Query	/* mysql-connector-j-9.5.0 (Revision: a7b3c94f50efbddb9f0dd69b3e0d1aaa25305cd6) */SELECT  @@session.auto_increment_increment AS auto_increment_increment, @@character_set_client AS character_set_client, @@character_set_connection AS character_set_connection, @@character_set_results AS character_set_results, @@character_set_server AS character_set_server, @@collation_server AS collation_server, @@collation_connection AS collation_connection, @@init_connect AS init_connect, @@interactive_timeout AS interactive_timeout, @@license AS license, @@lower_case_table_names AS lower_case_table_names, @@max_allowed_packet AS max_allowed_packet, @@net_write_timeout AS net_write_timeout, @@performance_schema AS performance_schema, @@sql_mode AS sql_mode, @@system_time_zone AS system_time_zone, @@time_zone AS time_zone, @@transaction_isolation AS transaction_isolation, @@wait_timeout AS wait_timeout
2026-01-17T04:39:06.747469Z	   54 Query	SET character_set_results = NULL
2026-01-17T04:39:06.750491Z	   54 Query	SET autocommit=1
2026-01-17T04:39:06.753876Z	   54 Query	SELECT @@session.transaction_read_only
2026-01-17T04:39:06.755938Z	   54 Query	SELECT @@session.transaction_isolation
2026-01-17T04:39:06.869167Z	   55 Connect	root@172.24.0.1 on spring_batch using TCP/IP
2026-01-17T04:39:06.876105Z	   55 Query	/* mysql-connector-j-9.5.0 (Revision: a7b3c94f50efbddb9f0dd69b3e0d1aaa25305cd6) */SELECT  @@session.auto_increment_increment AS auto_increment_increment, @@character_set_client AS character_set_client, @@character_set_connection AS character_set_connection, @@character_set_results AS character_set_results, @@character_set_server AS character_set_server, @@collation_server AS collation_server, @@collation_connection AS collation_connection, @@init_connect AS init_connect, @@interactive_timeout AS interactive_timeout, @@license AS license, @@lower_case_table_names AS lower_case_table_names, @@max_allowed_packet AS max_allowed_packet, @@net_write_timeout AS net_write_timeout, @@performance_schema AS performance_schema, @@sql_mode AS sql_mode, @@system_time_zone AS system_time_zone, @@time_zone AS time_zone, @@transaction_isolation AS transaction_isolation, @@wait_timeout AS wait_timeout
2026-01-17T04:39:06.883018Z	   55 Query	SET character_set_results = NULL
2026-01-17T04:39:06.885996Z	   55 Query	SET autocommit=1
2026-01-17T04:39:06.892465Z	   55 Query	SELECT @@session.transaction_read_only
2026-01-17T04:39:06.931546Z	   56 Connect	root@172.24.0.1 on spring_batch using TCP/IP
2026-01-17T04:39:06.932987Z	   54 Query	SELECT WORD FROM INFORMATION_SCHEMA.KEYWORDS WHERE RESERVED = 1 ORDER BY WORD
2026-01-17T04:39:06.934212Z	   56 Query	/* mysql-connector-j-9.5.0 (Revision: a7b3c94f50efbddb9f0dd69b3e0d1aaa25305cd6) */SELECT  @@session.auto_increment_increment AS auto_increment_increment, @@character_set_client AS character_set_client, @@character_set_connection AS character_set_connection, @@character_set_results AS character_set_results, @@character_set_server AS character_set_server, @@collation_server AS collation_server, @@collation_connection AS collation_connection, @@init_connect AS init_connect, @@interactive_timeout AS interactive_timeout, @@license AS license, @@lower_case_table_names AS lower_case_table_names, @@max_allowed_packet AS max_allowed_packet, @@net_write_timeout AS net_write_timeout, @@performance_schema AS performance_schema, @@sql_mode AS sql_mode, @@system_time_zone AS system_time_zone, @@time_zone AS time_zone, @@transaction_isolation AS transaction_isolation, @@wait_timeout AS wait_timeout
2026-01-17T04:39:06.935728Z	   56 Query	SET character_set_results = NULL
2026-01-17T04:39:06.936942Z	   56 Query	SET autocommit=1
2026-01-17T04:39:06.938199Z	   56 Query	SELECT @@session.transaction_read_only
2026-01-17T04:39:06.956046Z	   54 Query	SELECT @@character_set_database, @@sql_mode
2026-01-17T04:39:06.976713Z	   57 Connect	root@172.24.0.1 on spring_batch using TCP/IP
2026-01-17T04:39:06.979281Z	   57 Query	/* mysql-connector-j-9.5.0 (Revision: a7b3c94f50efbddb9f0dd69b3e0d1aaa25305cd6) */SELECT  @@session.auto_increment_increment AS auto_increment_increment, @@character_set_client AS character_set_client, @@character_set_connection AS character_set_connection, @@character_set_results AS character_set_results, @@character_set_server AS character_set_server, @@collation_server AS collation_server, @@collation_connection AS collation_connection, @@init_connect AS init_connect, @@interactive_timeout AS interactive_timeout, @@license AS license, @@lower_case_table_names AS lower_case_table_names, @@max_allowed_packet AS max_allowed_packet, @@net_write_timeout AS net_write_timeout, @@performance_schema AS performance_schema, @@sql_mode AS sql_mode, @@system_time_zone AS system_time_zone, @@time_zone AS time_zone, @@transaction_isolation AS transaction_isolation, @@wait_timeout AS wait_timeout
2026-01-17T04:39:06.982495Z	   57 Query	SET character_set_results = NULL
2026-01-17T04:39:06.983731Z	   57 Query	SET autocommit=1
2026-01-17T04:39:06.984838Z	   57 Query	SELECT @@session.transaction_read_only
2026-01-17T04:39:07.021280Z	   58 Connect	root@172.24.0.1 on spring_batch using TCP/IP
2026-01-17T04:39:07.026702Z	   58 Query	/* mysql-connector-j-9.5.0 (Revision: a7b3c94f50efbddb9f0dd69b3e0d1aaa25305cd6) */SELECT  @@session.auto_increment_increment AS auto_increment_increment, @@character_set_client AS character_set_client, @@character_set_connection AS character_set_connection, @@character_set_results AS character_set_results, @@character_set_server AS character_set_server, @@collation_server AS collation_server, @@collation_connection AS collation_connection, @@init_connect AS init_connect, @@interactive_timeout AS interactive_timeout, @@license AS license, @@lower_case_table_names AS lower_case_table_names, @@max_allowed_packet AS max_allowed_packet, @@net_write_timeout AS net_write_timeout, @@performance_schema AS performance_schema, @@sql_mode AS sql_mode, @@system_time_zone AS system_time_zone, @@time_zone AS time_zone, @@transaction_isolation AS transaction_isolation, @@wait_timeout AS wait_timeout
2026-01-17T04:39:07.029451Z	   58 Query	SET character_set_results = NULL
2026-01-17T04:39:07.030947Z	   58 Query	SET autocommit=1
2026-01-17T04:39:07.032004Z	   58 Query	SELECT @@session.transaction_read_only
2026-01-17T04:39:07.079342Z	   59 Connect	root@172.24.0.1 on spring_batch using TCP/IP
2026-01-17T04:39:07.081019Z	   59 Query	/* mysql-connector-j-9.5.0 (Revision: a7b3c94f50efbddb9f0dd69b3e0d1aaa25305cd6) */SELECT  @@session.auto_increment_increment AS auto_increment_increment, @@character_set_client AS character_set_client, @@character_set_connection AS character_set_connection, @@character_set_results AS character_set_results, @@character_set_server AS character_set_server, @@collation_server AS collation_server, @@collation_connection AS collation_connection, @@init_connect AS init_connect, @@interactive_timeout AS interactive_timeout, @@license AS license, @@lower_case_table_names AS lower_case_table_names, @@max_allowed_packet AS max_allowed_packet, @@net_write_timeout AS net_write_timeout, @@performance_schema AS performance_schema, @@sql_mode AS sql_mode, @@system_time_zone AS system_time_zone, @@time_zone AS time_zone, @@transaction_isolation AS transaction_isolation, @@wait_timeout AS wait_timeout
2026-01-17T04:39:07.082357Z	   59 Query	SET character_set_results = NULL
2026-01-17T04:39:07.084802Z	   59 Query	SET autocommit=1
2026-01-17T04:39:07.090285Z	   59 Query	SELECT @@session.transaction_read_only
2026-01-17T04:39:07.131269Z	   60 Connect	root@172.24.0.1 on spring_batch using TCP/IP
2026-01-17T04:39:07.135811Z	   60 Query	/* mysql-connector-j-9.5.0 (Revision: a7b3c94f50efbddb9f0dd69b3e0d1aaa25305cd6) */SELECT  @@session.auto_increment_increment AS auto_increment_increment, @@character_set_client AS character_set_client, @@character_set_connection AS character_set_connection, @@character_set_results AS character_set_results, @@character_set_server AS character_set_server, @@collation_server AS collation_server, @@collation_connection AS collation_connection, @@init_connect AS init_connect, @@interactive_timeout AS interactive_timeout, @@license AS license, @@lower_case_table_names AS lower_case_table_names, @@max_allowed_packet AS max_allowed_packet, @@net_write_timeout AS net_write_timeout, @@performance_schema AS performance_schema, @@sql_mode AS sql_mode, @@system_time_zone AS system_time_zone, @@time_zone AS time_zone, @@transaction_isolation AS transaction_isolation, @@wait_timeout AS wait_timeout
2026-01-17T04:39:07.139379Z	   60 Query	SET character_set_results = NULL
2026-01-17T04:39:07.142245Z	   60 Query	SET autocommit=1
2026-01-17T04:39:07.144267Z	   60 Query	SELECT @@session.transaction_read_only
2026-01-17T04:39:07.184664Z	   61 Connect	root@172.24.0.1 on spring_batch using TCP/IP
2026-01-17T04:39:07.187798Z	   61 Query	/* mysql-connector-j-9.5.0 (Revision: a7b3c94f50efbddb9f0dd69b3e0d1aaa25305cd6) */SELECT  @@session.auto_increment_increment AS auto_increment_increment, @@character_set_client AS character_set_client, @@character_set_connection AS character_set_connection, @@character_set_results AS character_set_results, @@character_set_server AS character_set_server, @@collation_server AS collation_server, @@collation_connection AS collation_connection, @@init_connect AS init_connect, @@interactive_timeout AS interactive_timeout, @@license AS license, @@lower_case_table_names AS lower_case_table_names, @@max_allowed_packet AS max_allowed_packet, @@net_write_timeout AS net_write_timeout, @@performance_schema AS performance_schema, @@sql_mode AS sql_mode, @@system_time_zone AS system_time_zone, @@time_zone AS time_zone, @@transaction_isolation AS transaction_isolation, @@wait_timeout AS wait_timeout
2026-01-17T04:39:07.192117Z	   61 Query	SET character_set_results = NULL
2026-01-17T04:39:07.193895Z	   61 Query	SET autocommit=1
2026-01-17T04:39:07.194969Z	   61 Query	SELECT @@session.transaction_read_only
2026-01-17T04:39:07.234226Z	   62 Connect	root@172.24.0.1 on spring_batch using TCP/IP
2026-01-17T04:39:07.237128Z	   62 Query	/* mysql-connector-j-9.5.0 (Revision: a7b3c94f50efbddb9f0dd69b3e0d1aaa25305cd6) */SELECT  @@session.auto_increment_increment AS auto_increment_increment, @@character_set_client AS character_set_client, @@character_set_connection AS character_set_connection, @@character_set_results AS character_set_results, @@character_set_server AS character_set_server, @@collation_server AS collation_server, @@collation_connection AS collation_connection, @@init_connect AS init_connect, @@interactive_timeout AS interactive_timeout, @@license AS license, @@lower_case_table_names AS lower_case_table_names, @@max_allowed_packet AS max_allowed_packet, @@net_write_timeout AS net_write_timeout, @@performance_schema AS performance_schema, @@sql_mode AS sql_mode, @@system_time_zone AS system_time_zone, @@time_zone AS time_zone, @@transaction_isolation AS transaction_isolation, @@wait_timeout AS wait_timeout
2026-01-17T04:39:07.240082Z	   62 Query	SET character_set_results = NULL
2026-01-17T04:39:07.241803Z	   62 Query	SET autocommit=1
2026-01-17T04:39:07.242942Z	   62 Query	SELECT @@session.transaction_read_only
2026-01-17T04:39:07.279590Z	   63 Connect	root@172.24.0.1 on spring_batch using TCP/IP
2026-01-17T04:39:07.285248Z	   63 Query	/* mysql-connector-j-9.5.0 (Revision: a7b3c94f50efbddb9f0dd69b3e0d1aaa25305cd6) */SELECT  @@session.auto_increment_increment AS auto_increment_increment, @@character_set_client AS character_set_client, @@character_set_connection AS character_set_connection, @@character_set_results AS character_set_results, @@character_set_server AS character_set_server, @@collation_server AS collation_server, @@collation_connection AS collation_connection, @@init_connect AS init_connect, @@interactive_timeout AS interactive_timeout, @@license AS license, @@lower_case_table_names AS lower_case_table_names, @@max_allowed_packet AS max_allowed_packet, @@net_write_timeout AS net_write_timeout, @@performance_schema AS performance_schema, @@sql_mode AS sql_mode, @@system_time_zone AS system_time_zone, @@time_zone AS time_zone, @@transaction_isolation AS transaction_isolation, @@wait_timeout AS wait_timeout
2026-01-17T04:39:07.287246Z	   54 Query	SELECT @@session.transaction_read_only
2026-01-17T04:39:07.290473Z	   63 Query	SET character_set_results = NULL
2026-01-17T04:39:07.292277Z	   54 Query	drop table if exists payment
2026-01-17T04:39:07.293710Z	   63 Query	SET autocommit=1
2026-01-17T04:39:07.296169Z	   63 Query	SELECT @@session.transaction_read_only
2026-01-17T04:39:07.303413Z	   54 Query	SELECT @@session.transaction_read_only
2026-01-17T04:39:07.304292Z	   54 Query	drop table if exists payment_source
2026-01-17T04:39:07.316594Z	   54 Query	SELECT @@session.transaction_read_only
2026-01-17T04:39:07.317844Z	   54 Query	create table payment (currency decimal(38,2) not null, payment_date date not null, id bigint not null auto_increment, amount varchar(255) not null, status varchar(255) not null, primary key (id)) engine=InnoDB
2026-01-17T04:39:07.334318Z	   54 Query	SELECT @@session.transaction_read_only
2026-01-17T04:39:07.335502Z	   54 Query	create table payment_source (discount_amount decimal(38,2) not null, final_amount decimal(38,2) not null, original_amount decimal(38,2) not null, id bigint not null auto_increment, partner_corp_name varchar(100) not null, primary key (id)) engine=InnoDB
2026-01-17T04:39:07.380150Z	   54 Quit	
2026-01-17T04:39:07.380908Z	   56 Quit	
2026-01-17T04:39:07.380926Z	   55 Quit	
2026-01-17T04:39:07.381235Z	   58 Quit	
2026-01-17T04:39:07.381284Z	   57 Quit	
2026-01-17T04:39:07.381383Z	   60 Quit	
2026-01-17T04:39:07.381405Z	   59 Quit	
2026-01-17T04:39:07.382330Z	   63 Quit	
2026-01-17T04:39:07.382355Z	   61 Quit	
2026-01-17T04:39:07.382364Z	   62 Quit	
2026-01-17T04:39:59.453496Z	   64 Connect	root@172.24.0.1 on spring_batch using TCP/IP
2026-01-17T04:39:59.464470Z	   64 Query	/* mysql-connector-j-9.5.0 (Revision: a7b3c94f50efbddb9f0dd69b3e0d1aaa25305cd6) */SELECT  @@session.auto_increment_increment AS auto_increment_increment, @@character_set_client AS character_set_client, @@character_set_connection AS character_set_connection, @@character_set_results AS character_set_results, @@character_set_server AS character_set_server, @@collation_server AS collation_server, @@collation_connection AS collation_connection, @@init_connect AS init_connect, @@interactive_timeout AS interactive_timeout, @@license AS license, @@lower_case_table_names AS lower_case_table_names, @@max_allowed_packet AS max_allowed_packet, @@net_write_timeout AS net_write_timeout, @@performance_schema AS performance_schema, @@sql_mode AS sql_mode, @@system_time_zone AS system_time_zone, @@time_zone AS time_zone, @@transaction_isolation AS transaction_isolation, @@wait_timeout AS wait_timeout
2026-01-17T04:39:59.475482Z	   64 Query	SET character_set_results = NULL
2026-01-17T04:39:59.478978Z	   64 Query	SET autocommit=1
2026-01-17T04:39:59.483068Z	   64 Query	SELECT @@session.transaction_read_only
2026-01-17T04:39:59.484999Z	   64 Query	SELECT @@session.transaction_isolation
2026-01-17T04:39:59.598040Z	   65 Connect	root@172.24.0.1 on spring_batch using TCP/IP
2026-01-17T04:39:59.604857Z	   65 Query	/* mysql-connector-j-9.5.0 (Revision: a7b3c94f50efbddb9f0dd69b3e0d1aaa25305cd6) */SELECT  @@session.auto_increment_increment AS auto_increment_increment, @@character_set_client AS character_set_client, @@character_set_connection AS character_set_connection, @@character_set_results AS character_set_results, @@character_set_server AS character_set_server, @@collation_server AS collation_server, @@collation_connection AS collation_connection, @@init_connect AS init_connect, @@interactive_timeout AS interactive_timeout, @@license AS license, @@lower_case_table_names AS lower_case_table_names, @@max_allowed_packet AS max_allowed_packet, @@net_write_timeout AS net_write_timeout, @@performance_schema AS performance_schema, @@sql_mode AS sql_mode, @@system_time_zone AS system_time_zone, @@time_zone AS time_zone, @@transaction_isolation AS transaction_isolation, @@wait_timeout AS wait_timeout
2026-01-17T04:39:59.610976Z	   65 Query	SET character_set_results = NULL
2026-01-17T04:39:59.613314Z	   65 Query	SET autocommit=1
2026-01-17T04:39:59.618697Z	   65 Query	SELECT @@session.transaction_read_only
2026-01-17T04:39:59.663043Z	   64 Query	SELECT WORD FROM INFORMATION_SCHEMA.KEYWORDS WHERE RESERVED = 1 ORDER BY WORD
2026-01-17T04:39:59.663834Z	   66 Connect	root@172.24.0.1 on spring_batch using TCP/IP
2026-01-17T04:39:59.666427Z	   66 Query	/* mysql-connector-j-9.5.0 (Revision: a7b3c94f50efbddb9f0dd69b3e0d1aaa25305cd6) */SELECT  @@session.auto_increment_increment AS auto_increment_increment, @@character_set_client AS character_set_client, @@character_set_connection AS character_set_connection, @@character_set_results AS character_set_results, @@character_set_server AS character_set_server, @@collation_server AS collation_server, @@collation_connection AS collation_connection, @@init_connect AS init_connect, @@interactive_timeout AS interactive_timeout, @@license AS license, @@lower_case_table_names AS lower_case_table_names, @@max_allowed_packet AS max_allowed_packet, @@net_write_timeout AS net_write_timeout, @@performance_schema AS performance_schema, @@sql_mode AS sql_mode, @@system_time_zone AS system_time_zone, @@time_zone AS time_zone, @@transaction_isolation AS transaction_isolation, @@wait_timeout AS wait_timeout
2026-01-17T04:39:59.668734Z	   66 Query	SET character_set_results = NULL
2026-01-17T04:39:59.670110Z	   66 Query	SET autocommit=1
2026-01-17T04:39:59.671453Z	   66 Query	SELECT @@session.transaction_read_only
2026-01-17T04:39:59.688943Z	   64 Query	SELECT @@character_set_database, @@sql_mode
2026-01-17T04:39:59.708221Z	   67 Connect	root@172.24.0.1 on spring_batch using TCP/IP
2026-01-17T04:39:59.709990Z	   67 Query	/* mysql-connector-j-9.5.0 (Revision: a7b3c94f50efbddb9f0dd69b3e0d1aaa25305cd6) */SELECT  @@session.auto_increment_increment AS auto_increment_increment, @@character_set_client AS character_set_client, @@character_set_connection AS character_set_connection, @@character_set_results AS character_set_results, @@character_set_server AS character_set_server, @@collation_server AS collation_server, @@collation_connection AS collation_connection, @@init_connect AS init_connect, @@interactive_timeout AS interactive_timeout, @@license AS license, @@lower_case_table_names AS lower_case_table_names, @@max_allowed_packet AS max_allowed_packet, @@net_write_timeout AS net_write_timeout, @@performance_schema AS performance_schema, @@sql_mode AS sql_mode, @@system_time_zone AS system_time_zone, @@time_zone AS time_zone, @@transaction_isolation AS transaction_isolation, @@wait_timeout AS wait_timeout
2026-01-17T04:39:59.711614Z	   67 Query	SET character_set_results = NULL
2026-01-17T04:39:59.713077Z	   67 Query	SET autocommit=1
2026-01-17T04:39:59.714525Z	   67 Query	SELECT @@session.transaction_read_only
2026-01-17T04:39:59.751379Z	   68 Connect	root@172.24.0.1 on spring_batch using TCP/IP
2026-01-17T04:39:59.760023Z	   68 Query	/* mysql-connector-j-9.5.0 (Revision: a7b3c94f50efbddb9f0dd69b3e0d1aaa25305cd6) */SELECT  @@session.auto_increment_increment AS auto_increment_increment, @@character_set_client AS character_set_client, @@character_set_connection AS character_set_connection, @@character_set_results AS character_set_results, @@character_set_server AS character_set_server, @@collation_server AS collation_server, @@collation_connection AS collation_connection, @@init_connect AS init_connect, @@interactive_timeout AS interactive_timeout, @@license AS license, @@lower_case_table_names AS lower_case_table_names, @@max_allowed_packet AS max_allowed_packet, @@net_write_timeout AS net_write_timeout, @@performance_schema AS performance_schema, @@sql_mode AS sql_mode, @@system_time_zone AS system_time_zone, @@time_zone AS time_zone, @@transaction_isolation AS transaction_isolation, @@wait_timeout AS wait_timeout
2026-01-17T04:39:59.763417Z	   68 Query	SET character_set_results = NULL
2026-01-17T04:39:59.764839Z	   68 Query	SET autocommit=1
2026-01-17T04:39:59.766065Z	   68 Query	SELECT @@session.transaction_read_only
2026-01-17T04:39:59.812859Z	   69 Connect	root@172.24.0.1 on spring_batch using TCP/IP
2026-01-17T04:39:59.817524Z	   69 Query	/* mysql-connector-j-9.5.0 (Revision: a7b3c94f50efbddb9f0dd69b3e0d1aaa25305cd6) */SELECT  @@session.auto_increment_increment AS auto_increment_increment, @@character_set_client AS character_set_client, @@character_set_connection AS character_set_connection, @@character_set_results AS character_set_results, @@character_set_server AS character_set_server, @@collation_server AS collation_server, @@collation_connection AS collation_connection, @@init_connect AS init_connect, @@interactive_timeout AS interactive_timeout, @@license AS license, @@lower_case_table_names AS lower_case_table_names, @@max_allowed_packet AS max_allowed_packet, @@net_write_timeout AS net_write_timeout, @@performance_schema AS performance_schema, @@sql_mode AS sql_mode, @@system_time_zone AS system_time_zone, @@time_zone AS time_zone, @@transaction_isolation AS transaction_isolation, @@wait_timeout AS wait_timeout
2026-01-17T04:39:59.819872Z	   69 Query	SET character_set_results = NULL
2026-01-17T04:39:59.821283Z	   69 Query	SET autocommit=1
2026-01-17T04:39:59.822680Z	   69 Query	SELECT @@session.transaction_read_only
2026-01-17T04:39:59.860834Z	   70 Connect	root@172.24.0.1 on spring_batch using TCP/IP
2026-01-17T04:39:59.866324Z	   70 Query	/* mysql-connector-j-9.5.0 (Revision: a7b3c94f50efbddb9f0dd69b3e0d1aaa25305cd6) */SELECT  @@session.auto_increment_increment AS auto_increment_increment, @@character_set_client AS character_set_client, @@character_set_connection AS character_set_connection, @@character_set_results AS character_set_results, @@character_set_server AS character_set_server, @@collation_server AS collation_server, @@collation_connection AS collation_connection, @@init_connect AS init_connect, @@interactive_timeout AS interactive_timeout, @@license AS license, @@lower_case_table_names AS lower_case_table_names, @@max_allowed_packet AS max_allowed_packet, @@net_write_timeout AS net_write_timeout, @@performance_schema AS performance_schema, @@sql_mode AS sql_mode, @@system_time_zone AS system_time_zone, @@time_zone AS time_zone, @@transaction_isolation AS transaction_isolation, @@wait_timeout AS wait_timeout
2026-01-17T04:39:59.878007Z	   70 Query	SET character_set_results = NULL
2026-01-17T04:39:59.880145Z	   70 Query	SET autocommit=1
2026-01-17T04:39:59.881502Z	   70 Query	SELECT @@session.transaction_read_only
2026-01-17T04:39:59.928296Z	   71 Connect	root@172.24.0.1 on spring_batch using TCP/IP
2026-01-17T04:39:59.933595Z	   71 Query	/* mysql-connector-j-9.5.0 (Revision: a7b3c94f50efbddb9f0dd69b3e0d1aaa25305cd6) */SELECT  @@session.auto_increment_increment AS auto_increment_increment, @@character_set_client AS character_set_client, @@character_set_connection AS character_set_connection, @@character_set_results AS character_set_results, @@character_set_server AS character_set_server, @@collation_server AS collation_server, @@collation_connection AS collation_connection, @@init_connect AS init_connect, @@interactive_timeout AS interactive_timeout, @@license AS license, @@lower_case_table_names AS lower_case_table_names, @@max_allowed_packet AS max_allowed_packet, @@net_write_timeout AS net_write_timeout, @@performance_schema AS performance_schema, @@sql_mode AS sql_mode, @@system_time_zone AS system_time_zone, @@time_zone AS time_zone, @@transaction_isolation AS transaction_isolation, @@wait_timeout AS wait_timeout
2026-01-17T04:39:59.942210Z	   71 Query	SET character_set_results = NULL
2026-01-17T04:39:59.944010Z	   71 Query	SET autocommit=1
2026-01-17T04:39:59.945418Z	   71 Query	SELECT @@session.transaction_read_only
2026-01-17T04:39:59.983608Z	   72 Connect	root@172.24.0.1 on spring_batch using TCP/IP
2026-01-17T04:39:59.986096Z	   72 Query	/* mysql-connector-j-9.5.0 (Revision: a7b3c94f50efbddb9f0dd69b3e0d1aaa25305cd6) */SELECT  @@session.auto_increment_increment AS auto_increment_increment, @@character_set_client AS character_set_client, @@character_set_connection AS character_set_connection, @@character_set_results AS character_set_results, @@character_set_server AS character_set_server, @@collation_server AS collation_server, @@collation_connection AS collation_connection, @@init_connect AS init_connect, @@interactive_timeout AS interactive_timeout, @@license AS license, @@lower_case_table_names AS lower_case_table_names, @@max_allowed_packet AS max_allowed_packet, @@net_write_timeout AS net_write_timeout, @@performance_schema AS performance_schema, @@sql_mode AS sql_mode, @@system_time_zone AS system_time_zone, @@time_zone AS time_zone, @@transaction_isolation AS transaction_isolation, @@wait_timeout AS wait_timeout
2026-01-17T04:39:59.992395Z	   72 Query	SET character_set_results = NULL
2026-01-17T04:39:59.994087Z	   72 Query	SET autocommit=1
2026-01-17T04:39:59.995428Z	   72 Query	SELECT @@session.transaction_read_only
2026-01-17T04:40:00.036961Z	   73 Connect	root@172.24.0.1 on spring_batch using TCP/IP
2026-01-17T04:40:00.044118Z	   73 Query	/* mysql-connector-j-9.5.0 (Revision: a7b3c94f50efbddb9f0dd69b3e0d1aaa25305cd6) */SELECT  @@session.auto_increment_increment AS auto_increment_increment, @@character_set_client AS character_set_client, @@character_set_connection AS character_set_connection, @@character_set_results AS character_set_results, @@character_set_server AS character_set_server, @@collation_server AS collation_server, @@collation_connection AS collation_connection, @@init_connect AS init_connect, @@interactive_timeout AS interactive_timeout, @@license AS license, @@lower_case_table_names AS lower_case_table_names, @@max_allowed_packet AS max_allowed_packet, @@net_write_timeout AS net_write_timeout, @@performance_schema AS performance_schema, @@sql_mode AS sql_mode, @@system_time_zone AS system_time_zone, @@time_zone AS time_zone, @@transaction_isolation AS transaction_isolation, @@wait_timeout AS wait_timeout
2026-01-17T04:40:00.045738Z	   73 Query	SET character_set_results = NULL
2026-01-17T04:40:00.047061Z	   73 Query	SET autocommit=1
2026-01-17T04:40:00.047140Z	   64 Query	SELECT @@session.transaction_read_only
2026-01-17T04:40:00.048434Z	   73 Query	SELECT @@session.transaction_read_only
2026-01-17T04:40:00.048852Z	   64 Query	drop table if exists payment
2026-01-17T04:40:00.057742Z	   64 Query	SELECT @@session.transaction_read_only
2026-01-17T04:40:00.058815Z	   64 Query	drop table if exists payment_source
2026-01-17T04:40:00.070274Z	   64 Query	SELECT @@session.transaction_read_only
2026-01-17T04:40:00.071461Z	   64 Query	create table payment (currency decimal(38,2) not null, payment_date date not null, id bigint not null auto_increment, amount varchar(255) not null, status varchar(255) not null, primary key (id)) engine=InnoDB
2026-01-17T04:40:00.089268Z	   64 Query	SELECT @@session.transaction_read_only
2026-01-17T04:40:00.090410Z	   64 Query	create table payment_source (discount_amount decimal(38,2) not null, final_amount decimal(38,2) not null, original_amount decimal(38,2) not null, id bigint not null auto_increment, partner_corp_name varchar(100) not null, primary key (id)) engine=InnoDB
2026-01-17T04:40:00.320753Z	   64 Query	SET autocommit=0
2026-01-17T04:40:00.330731Z	   64 Query	SELECT JOB_INSTANCE_ID, JOB_NAME
FROM BATCH_JOB_INSTANCE
WHERE JOB_NAME = 'paymentReportJob'
 AND JOB_KEY = 'a2469ba6310590111b522ccc4ea82d32'
2026-01-17T04:40:00.334536Z	   64 Query	COMMIT
2026-01-17T04:40:00.335550Z	   64 Query	SET autocommit=1
2026-01-17T04:40:00.337857Z	   64 Query	SELECT JOB_INSTANCE_ID, JOB_NAME
FROM BATCH_JOB_INSTANCE I1
WHERE I1.JOB_NAME = 'paymentReportJob' AND I1.JOB_INSTANCE_ID = (SELECT MAX(I2.JOB_INSTANCE_ID) FROM BATCH_JOB_INSTANCE I2 WHERE I2.JOB_NAME = 'paymentReportJob')
2026-01-17T04:40:00.340448Z	   64 Query	SELECT @@session.transaction_isolation
2026-01-17T04:40:00.341987Z	   64 Query	SET SESSION TRANSACTION ISOLATION LEVEL SERIALIZABLE
2026-01-17T04:40:00.343153Z	   64 Query	SET autocommit=0
2026-01-17T04:40:00.344454Z	   64 Query	SELECT JOB_INSTANCE_ID, JOB_NAME
FROM BATCH_JOB_INSTANCE
WHERE JOB_NAME = 'paymentReportJob'
 AND JOB_KEY = 'a18a3c6eccfe33259ecbce8f7d82b6cb'
2026-01-17T04:40:00.345809Z	   64 Query	COMMIT
2026-01-17T04:40:00.346818Z	   64 Query	SET autocommit=1
2026-01-17T04:40:00.347786Z	   64 Query	SET SESSION TRANSACTION ISOLATION LEVEL REPEATABLE READ
2026-01-17T04:40:00.348882Z	   64 Query	SELECT @@session.transaction_isolation
2026-01-17T04:40:00.350154Z	   64 Query	SET SESSION TRANSACTION ISOLATION LEVEL SERIALIZABLE
2026-01-17T04:40:00.351235Z	   64 Query	SET autocommit=0
2026-01-17T04:40:00.352667Z	   64 Query	SELECT JOB_INSTANCE_ID, JOB_NAME
FROM BATCH_JOB_INSTANCE
WHERE JOB_NAME = 'paymentReportJob'
 AND JOB_KEY = 'a18a3c6eccfe33259ecbce8f7d82b6cb'
2026-01-17T04:40:00.354491Z	   64 Query	SELECT JOB_INSTANCE_ID, JOB_NAME
FROM BATCH_JOB_INSTANCE
WHERE JOB_NAME = 'paymentReportJob'
 AND JOB_KEY = 'a18a3c6eccfe33259ecbce8f7d82b6cb'
2026-01-17T04:40:00.356811Z	   65 Query	SET autocommit=0
2026-01-17T04:40:00.359307Z	   65 Query	update BATCH_JOB_SEQ set ID = last_insert_id(ID + 1) limit 1
2026-01-17T04:40:00.361997Z	   65 Query	select last_insert_id()
2026-01-17T04:40:00.363450Z	   65 Query	COMMIT
2026-01-17T04:40:00.366187Z	   65 Query	SET autocommit=1
2026-01-17T04:40:00.368603Z	   64 Query	INSERT INTO BATCH_JOB_INSTANCE(JOB_INSTANCE_ID, JOB_NAME, JOB_KEY, VERSION)
	VALUES (4, 'paymentReportJob', 'a18a3c6eccfe33259ecbce8f7d82b6cb', 0)
2026-01-17T04:40:00.370159Z	   65 Query	SET autocommit=0
2026-01-17T04:40:00.371195Z	   65 Query	update BATCH_JOB_EXECUTION_SEQ set ID = last_insert_id(ID + 1) limit 1
2026-01-17T04:40:00.373912Z	   65 Query	select last_insert_id()
2026-01-17T04:40:00.375205Z	   65 Query	COMMIT
2026-01-17T04:40:00.377334Z	   65 Query	SET autocommit=1
2026-01-17T04:40:00.384088Z	   64 Query	INSERT INTO BATCH_JOB_EXECUTION(JOB_EXECUTION_ID, JOB_INSTANCE_ID, START_TIME, END_TIME, STATUS, EXIT_CODE, EXIT_MESSAGE, VERSION, CREATE_TIME, LAST_UPDATED)
	VALUES (4, 4, null, null, 'STARTING', 'UNKNOWN', '', 0, '2026-01-17 13:40:00.368581', '2026-01-17 13:40:00.368652')
2026-01-17T04:40:00.390347Z	   64 Query	SELECT @@session.transaction_read_only
2026-01-17T04:40:00.391584Z	   64 Query	INSERT INTO BATCH_JOB_EXECUTION_PARAMS(JOB_EXECUTION_ID, PARAMETER_NAME, PARAMETER_TYPE, PARAMETER_VALUE, IDENTIFYING)
	VALUES (4, 'run.id', 'java.lang.Long', '1', 'Y')
2026-01-17T04:40:00.396250Z	   64 Query	INSERT INTO BATCH_JOB_EXECUTION_PARAMS(JOB_EXECUTION_ID, PARAMETER_NAME, PARAMETER_TYPE, PARAMETER_VALUE, IDENTIFYING)
	VALUES (4, '-job.name', 'java.lang.String', 'paymentReportJob', 'Y')
2026-01-17T04:40:00.399851Z	   64 Query	INSERT INTO BATCH_JOB_EXECUTION_CONTEXT (SHORT_CONTEXT, SERIALIZED_CONTEXT, JOB_EXECUTION_ID)
	VALUES('rO0ABXNyABFqYXZhLnV0aWwuSGFzaE1hcAUH2sHDFmDRAwACRgAKbG9hZEZhY3RvckkACXRocmVzaG9sZHhwP0AAAAAAAAB3CAAAABAAAAAAeA==', null, 4)
2026-01-17T04:40:00.403782Z	   64 Query	COMMIT
2026-01-17T04:40:00.406353Z	   64 Query	SET autocommit=1
2026-01-17T04:40:00.407442Z	   64 Query	SET SESSION TRANSACTION ISOLATION LEVEL REPEATABLE READ
2026-01-17T04:40:00.413705Z	   64 Query	SET autocommit=0
2026-01-17T04:40:00.415611Z	   64 Query	SELECT VERSION
FROM BATCH_JOB_EXECUTION
WHERE JOB_EXECUTION_ID=4
2026-01-17T04:40:00.417513Z	   64 Query	SELECT COUNT(*)
FROM BATCH_JOB_EXECUTION
WHERE JOB_EXECUTION_ID = 4
2026-01-17T04:40:00.419256Z	   64 Query	UPDATE BATCH_JOB_EXECUTION
SET START_TIME = '2026-01-17 13:40:00.411916', END_TIME = null,  STATUS = 'STARTED', EXIT_CODE = 'UNKNOWN', EXIT_MESSAGE = '', VERSION = VERSION + 1, CREATE_TIME = '2026-01-17 13:40:00.368581', LAST_UPDATED = '2026-01-17 13:40:00.413584'
WHERE JOB_EXECUTION_ID = 4 AND VERSION = 0
2026-01-17T04:40:00.420542Z	   64 Query	COMMIT
2026-01-17T04:40:00.423015Z	   64 Query	SET autocommit=1
2026-01-17T04:40:00.424325Z	   64 Query	SET autocommit=0
2026-01-17T04:40:00.426000Z	   64 Query	SELECT SE.STEP_EXECUTION_ID, SE.STEP_NAME, SE.START_TIME, SE.END_TIME, SE.STATUS, SE.COMMIT_COUNT, SE.READ_COUNT, SE.FILTER_COUNT, SE.WRITE_COUNT, SE.EXIT_CODE, SE.EXIT_MESSAGE, SE.READ_SKIP_COUNT, SE.WRITE_SKIP_COUNT, SE.PROCESS_SKIP_COUNT, SE.ROLLBACK_COUNT, SE.LAST_UPDATED, SE.VERSION, SE.CREATE_TIME, JE.JOB_EXECUTION_ID, JE.START_TIME, JE.END_TIME, JE.STATUS, JE.EXIT_CODE, JE.EXIT_MESSAGE, JE.CREATE_TIME, JE.LAST_UPDATED, JE.VERSION
FROM BATCH_JOB_EXECUTION JE
	JOIN BATCH_STEP_EXECUTION SE ON SE.JOB_EXECUTION_ID = JE.JOB_EXECUTION_ID
WHERE JE.JOB_INSTANCE_ID = 4 AND SE.STEP_NAME = 'paymentReportStep'
2026-01-17T04:40:00.429162Z	   64 Query	COMMIT
2026-01-17T04:40:00.430223Z	   64 Query	SET autocommit=1
2026-01-17T04:40:00.431506Z	   64 Query	SET autocommit=0
2026-01-17T04:40:00.432743Z	   64 Query	SELECT COUNT(*)
FROM BATCH_JOB_EXECUTION JE
	JOIN BATCH_STEP_EXECUTION SE ON SE.JOB_EXECUTION_ID = JE.JOB_EXECUTION_ID
WHERE JE.JOB_INSTANCE_ID = 4 AND SE.STEP_NAME = 'paymentReportStep'
2026-01-17T04:40:00.434350Z	   64 Query	COMMIT
2026-01-17T04:40:00.435294Z	   64 Query	SET autocommit=1
2026-01-17T04:40:00.436318Z	   64 Query	SET autocommit=0
2026-01-17T04:40:00.437185Z	   65 Query	SET autocommit=0
2026-01-17T04:40:00.438184Z	   65 Query	update BATCH_STEP_EXECUTION_SEQ set ID = last_insert_id(ID + 1) limit 1
2026-01-17T04:40:00.440733Z	   65 Query	select last_insert_id()
2026-01-17T04:40:00.441654Z	   65 Query	COMMIT
2026-01-17T04:40:00.443752Z	   65 Query	SET autocommit=1
2026-01-17T04:40:00.445163Z	   64 Query	INSERT INTO BATCH_STEP_EXECUTION(STEP_EXECUTION_ID, VERSION, STEP_NAME, JOB_EXECUTION_ID, START_TIME, END_TIME, STATUS, COMMIT_COUNT, READ_COUNT, FILTER_COUNT, WRITE_COUNT, EXIT_CODE, EXIT_MESSAGE, READ_SKIP_COUNT, WRITE_SKIP_COUNT, PROCESS_SKIP_COUNT, ROLLBACK_COUNT, LAST_UPDATED, CREATE_TIME)
	VALUES (4, 0, 'paymentReportStep', 4, null, null, 'STARTING', 0, 0, 0, 0, 'EXECUTING', '', 0, 0, 0, 0, '2026-01-17 13:40:00.435758', '2026-01-17 13:40:00.434771')
2026-01-17T04:40:00.446335Z	   64 Query	INSERT INTO BATCH_STEP_EXECUTION_CONTEXT (SHORT_CONTEXT, SERIALIZED_CONTEXT, STEP_EXECUTION_ID)
	VALUES('rO0ABXNyABFqYXZhLnV0aWwuSGFzaE1hcAUH2sHDFmDRAwACRgAKbG9hZEZhY3RvckkACXRocmVzaG9sZHhwP0AAAAAAAAB3CAAAABAAAAAAeA==', null, 4)
2026-01-17T04:40:00.448584Z	   64 Query	COMMIT
2026-01-17T04:40:00.450710Z	   64 Query	SET autocommit=1
2026-01-17T04:40:00.452567Z	   64 Query	SET autocommit=0
2026-01-17T04:40:00.453900Z	   64 Query	UPDATE BATCH_STEP_EXECUTION
SET START_TIME = '2026-01-17 13:40:00.450627', END_TIME = null, STATUS = 'STARTED', COMMIT_COUNT = 0, READ_COUNT = 0, FILTER_COUNT = 0, WRITE_COUNT = 0, EXIT_CODE = 'EXECUTING', EXIT_MESSAGE = '', VERSION = VERSION + 1, READ_SKIP_COUNT = 0, PROCESS_SKIP_COUNT = 0, WRITE_SKIP_COUNT = 0, ROLLBACK_COUNT = 0, LAST_UPDATED = '2026-01-17 13:40:00.452035'
WHERE STEP_EXECUTION_ID = 4 AND VERSION = 0
2026-01-17T04:40:00.455513Z	   64 Query	SELECT VERSION
FROM BATCH_JOB_EXECUTION
WHERE JOB_EXECUTION_ID=4
2026-01-17T04:40:00.456520Z	   64 Query	COMMIT
2026-01-17T04:40:00.458407Z	   64 Query	SET autocommit=1
2026-01-17T04:40:00.460896Z	   64 Query	SET autocommit=0
2026-01-17T04:40:00.462263Z	   64 Query	UPDATE BATCH_STEP_EXECUTION_CONTEXT
SET SHORT_CONTEXT = 'rO0ABXNyABFqYXZhLnV0aWwuSGFzaE1hcAUH2sHDFmDRAwACRgAKbG9hZEZhY3RvckkACXRocmVzaG9sZHhwP0AAAAAAAAx3CAAAABAAAAAEdAAecGF5bWVudFJlcG9ydFJlYWRlci5yZWFkLmNvdW50c3IAEWphdmEubGFuZy5JbnRlZ2VyEuKgpPeBhzgCAAFJAAV2YWx1ZXhyABBqYXZhLmxhbmcuTnVtYmVyhqyVHQuU4IsCAAB4cAAAAAB0ABFiYXRjaC50YXNrbGV0VHlwZXQAPW9yZy5zcHJpbmdmcmFtZXdvcmsuYmF0Y2guY29yZS5zdGVwLml0ZW0uQ2h1bmtPcmllbnRlZFRhc2tsZXR0AA1iYXRjaC52ZXJzaW9udAAFNS4yLjR0AA5iYXRjaC5zdGVwVHlwZXQAN29yZy5zcHJpbmdmcmFtZXdvcmsuYmF0Y2guY29yZS5zdGVwLnRhc2tsZXQuVGFza2xldFN0ZXB4', SERIALIZED_CONTEXT = null
WHERE STEP_EXECUTION_ID = 4
2026-01-17T04:40:00.463103Z	   64 Query	COMMIT
2026-01-17T04:40:00.465314Z	   64 Query	SET autocommit=1
2026-01-17T04:40:00.467449Z	   64 Query	SET autocommit=0
2026-01-17T04:40:00.469139Z	   65 Query	SET autocommit=0
2026-01-17T04:40:00.579674Z	   65 Query	select ps1_0.id,ps1_0.discount_amount,ps1_0.final_amount,ps1_0.original_amount,ps1_0.partner_corp_name from payment_source ps1_0 limit 0,10
2026-01-17T04:40:00.588418Z	   65 Query	COMMIT
2026-01-17T04:40:00.589351Z	   65 Query	SET autocommit=1
2026-01-17T04:40:00.591562Z	   64 Query	UPDATE BATCH_STEP_EXECUTION_CONTEXT
SET SHORT_CONTEXT = 'rO0ABXNyABFqYXZhLnV0aWwuSGFzaE1hcAUH2sHDFmDRAwACRgAKbG9hZEZhY3RvckkACXRocmVzaG9sZHhwP0AAAAAAAAx3CAAAABAAAAAEdAAecGF5bWVudFJlcG9ydFJlYWRlci5yZWFkLmNvdW50c3IAEWphdmEubGFuZy5JbnRlZ2VyEuKgpPeBhzgCAAFJAAV2YWx1ZXhyABBqYXZhLmxhbmcuTnVtYmVyhqyVHQuU4IsCAAB4cAAAAAF0ABFiYXRjaC50YXNrbGV0VHlwZXQAPW9yZy5zcHJpbmdmcmFtZXdvcmsuYmF0Y2guY29yZS5zdGVwLml0ZW0uQ2h1bmtPcmllbnRlZFRhc2tsZXR0AA1iYXRjaC52ZXJzaW9udAAFNS4yLjR0AA5iYXRjaC5zdGVwVHlwZXQAN29yZy5zcHJpbmdmcmFtZXdvcmsuYmF0Y2guY29yZS5zdGVwLnRhc2tsZXQuVGFza2xldFN0ZXB4', SERIALIZED_CONTEXT = null
WHERE STEP_EXECUTION_ID = 4
2026-01-17T04:40:00.592950Z	   64 Query	UPDATE BATCH_STEP_EXECUTION
SET START_TIME = '2026-01-17 13:40:00.450627', END_TIME = null, STATUS = 'STARTED', COMMIT_COUNT = 1, READ_COUNT = 0, FILTER_COUNT = 0, WRITE_COUNT = 0, EXIT_CODE = 'EXECUTING', EXIT_MESSAGE = '', VERSION = VERSION + 1, READ_SKIP_COUNT = 0, PROCESS_SKIP_COUNT = 0, WRITE_SKIP_COUNT = 0, ROLLBACK_COUNT = 0, LAST_UPDATED = '2026-01-17 13:40:00.591171'
WHERE STEP_EXECUTION_ID = 4 AND VERSION = 1
2026-01-17T04:40:00.594335Z	   64 Query	SELECT VERSION
FROM BATCH_JOB_EXECUTION
WHERE JOB_EXECUTION_ID=4
2026-01-17T04:40:00.595334Z	   64 Query	COMMIT
2026-01-17T04:40:00.596792Z	   64 Query	SET autocommit=1
2026-01-17T04:40:00.598431Z	   64 Query	SET autocommit=0
2026-01-17T04:40:00.599549Z	   64 Query	UPDATE BATCH_STEP_EXECUTION_CONTEXT
SET SHORT_CONTEXT = 'rO0ABXNyABFqYXZhLnV0aWwuSGFzaE1hcAUH2sHDFmDRAwACRgAKbG9hZEZhY3RvckkACXRocmVzaG9sZHhwP0AAAAAAAAx3CAAAABAAAAAEdAAecGF5bWVudFJlcG9ydFJlYWRlci5yZWFkLmNvdW50c3IAEWphdmEubGFuZy5JbnRlZ2VyEuKgpPeBhzgCAAFJAAV2YWx1ZXhyABBqYXZhLmxhbmcuTnVtYmVyhqyVHQuU4IsCAAB4cAAAAAF0ABFiYXRjaC50YXNrbGV0VHlwZXQAPW9yZy5zcHJpbmdmcmFtZXdvcmsuYmF0Y2guY29yZS5zdGVwLml0ZW0uQ2h1bmtPcmllbnRlZFRhc2tsZXR0AA1iYXRjaC52ZXJzaW9udAAFNS4yLjR0AA5iYXRjaC5zdGVwVHlwZXQAN29yZy5zcHJpbmdmcmFtZXdvcmsuYmF0Y2guY29yZS5zdGVwLnRhc2tsZXQuVGFza2xldFN0ZXB4', SERIALIZED_CONTEXT = null
WHERE STEP_EXECUTION_ID = 4
2026-01-17T04:40:00.600723Z	   64 Query	COMMIT
2026-01-17T04:40:00.601595Z	   64 Query	SET autocommit=1
2026-01-17T04:40:00.602498Z	   64 Query	SET autocommit=0
2026-01-17T04:40:00.603846Z	   64 Query	UPDATE BATCH_STEP_EXECUTION
SET START_TIME = '2026-01-17 13:40:00.450627', END_TIME = '2026-01-17 13:40:00.596542', STATUS = 'COMPLETED', COMMIT_COUNT = 1, READ_COUNT = 0, FILTER_COUNT = 0, WRITE_COUNT = 0, EXIT_CODE = 'COMPLETED', EXIT_MESSAGE = '', VERSION = VERSION + 1, READ_SKIP_COUNT = 0, PROCESS_SKIP_COUNT = 0, WRITE_SKIP_COUNT = 0, ROLLBACK_COUNT = 0, LAST_UPDATED = '2026-01-17 13:40:00.601973'
WHERE STEP_EXECUTION_ID = 4 AND VERSION = 2
2026-01-17T04:40:00.605008Z	   64 Query	SELECT VERSION
FROM BATCH_JOB_EXECUTION
WHERE JOB_EXECUTION_ID=4
2026-01-17T04:40:00.605970Z	   64 Query	COMMIT
2026-01-17T04:40:00.607629Z	   64 Query	SET autocommit=1
2026-01-17T04:40:00.608747Z	   65 Query	SET autocommit=0
2026-01-17T04:40:00.609736Z	   65 Query	UPDATE BATCH_JOB_EXECUTION_CONTEXT
SET SHORT_CONTEXT = 'rO0ABXNyABFqYXZhLnV0aWwuSGFzaE1hcAUH2sHDFmDRAwACRgAKbG9hZEZhY3RvckkACXRocmVzaG9sZHhwP0AAAAAAAAx3CAAAABAAAAABdAANYmF0Y2gudmVyc2lvbnQABTUuMi40eA==', SERIALIZED_CONTEXT = null
WHERE JOB_EXECUTION_ID = 4
2026-01-17T04:40:00.610663Z	   65 Query	COMMIT
2026-01-17T04:40:00.612633Z	   65 Query	SET autocommit=1
2026-01-17T04:40:00.613769Z	   65 Query	SET autocommit=0
2026-01-17T04:40:00.614770Z	   65 Query	SELECT VERSION
FROM BATCH_JOB_EXECUTION
WHERE JOB_EXECUTION_ID=4
2026-01-17T04:40:00.615908Z	   65 Query	SELECT COUNT(*)
FROM BATCH_JOB_EXECUTION
WHERE JOB_EXECUTION_ID = 4
2026-01-17T04:40:00.617208Z	   65 Query	UPDATE BATCH_JOB_EXECUTION
SET START_TIME = '2026-01-17 13:40:00.411916', END_TIME = '2026-01-17 13:40:00.612319',  STATUS = 'COMPLETED', EXIT_CODE = 'COMPLETED', EXIT_MESSAGE = '', VERSION = VERSION + 1, CREATE_TIME = '2026-01-17 13:40:00.368581', LAST_UPDATED = '2026-01-17 13:40:00.613247'
WHERE JOB_EXECUTION_ID = 4 AND VERSION = 1
2026-01-17T04:40:00.618152Z	   65 Query	COMMIT
2026-01-17T04:40:00.620459Z	   65 Query	SET autocommit=1
2026-01-17T04:40:00.628558Z	   64 Quit	
2026-01-17T04:40:00.629540Z	   66 Quit	
2026-01-17T04:40:00.629575Z	   65 Quit	
2026-01-17T04:40:00.629614Z	   67 Quit	
2026-01-17T04:40:00.629636Z	   68 Quit	
2026-01-17T04:40:00.629712Z	   73 Quit	
2026-01-17T04:40:00.629719Z	   70 Quit	
2026-01-17T04:40:00.629763Z	   69 Quit	
2026-01-17T04:40:00.629774Z	   72 Quit	
2026-01-17T04:40:00.629788Z	   71 Quit	
2026-01-17T04:40:51.715543Z	   74 Connect	root@172.24.0.1 on spring_batch using TCP/IP
2026-01-17T04:40:51.724990Z	   74 Query	/* mysql-connector-j-9.5.0 (Revision: a7b3c94f50efbddb9f0dd69b3e0d1aaa25305cd6) */SELECT  @@session.auto_increment_increment AS auto_increment_increment, @@character_set_client AS character_set_client, @@character_set_connection AS character_set_connection, @@character_set_results AS character_set_results, @@character_set_server AS character_set_server, @@collation_server AS collation_server, @@collation_connection AS collation_connection, @@init_connect AS init_connect, @@interactive_timeout AS interactive_timeout, @@license AS license, @@lower_case_table_names AS lower_case_table_names, @@max_allowed_packet AS max_allowed_packet, @@net_write_timeout AS net_write_timeout, @@performance_schema AS performance_schema, @@sql_mode AS sql_mode, @@system_time_zone AS system_time_zone, @@time_zone AS time_zone, @@transaction_isolation AS transaction_isolation, @@wait_timeout AS wait_timeout
2026-01-17T04:40:51.739178Z	   74 Query	SET character_set_results = NULL
2026-01-17T04:40:51.741808Z	   74 Query	SET autocommit=1
2026-01-17T04:40:51.745328Z	   74 Query	SELECT @@session.transaction_read_only
2026-01-17T04:40:51.747753Z	   74 Query	SELECT @@session.transaction_isolation
2026-01-17T04:40:51.863465Z	   75 Connect	root@172.24.0.1 on spring_batch using TCP/IP
2026-01-17T04:40:51.872778Z	   75 Query	/* mysql-connector-j-9.5.0 (Revision: a7b3c94f50efbddb9f0dd69b3e0d1aaa25305cd6) */SELECT  @@session.auto_increment_increment AS auto_increment_increment, @@character_set_client AS character_set_client, @@character_set_connection AS character_set_connection, @@character_set_results AS character_set_results, @@character_set_server AS character_set_server, @@collation_server AS collation_server, @@collation_connection AS collation_connection, @@init_connect AS init_connect, @@interactive_timeout AS interactive_timeout, @@license AS license, @@lower_case_table_names AS lower_case_table_names, @@max_allowed_packet AS max_allowed_packet, @@net_write_timeout AS net_write_timeout, @@performance_schema AS performance_schema, @@sql_mode AS sql_mode, @@system_time_zone AS system_time_zone, @@time_zone AS time_zone, @@transaction_isolation AS transaction_isolation, @@wait_timeout AS wait_timeout
2026-01-17T04:40:51.876180Z	   75 Query	SET character_set_results = NULL
2026-01-17T04:40:51.881422Z	   75 Query	SET autocommit=1
2026-01-17T04:40:51.883396Z	   75 Query	SELECT @@session.transaction_read_only
2026-01-17T04:40:51.924185Z	   76 Connect	root@172.24.0.1 on spring_batch using TCP/IP
2026-01-17T04:40:51.929924Z	   76 Query	/* mysql-connector-j-9.5.0 (Revision: a7b3c94f50efbddb9f0dd69b3e0d1aaa25305cd6) */SELECT  @@session.auto_increment_increment AS auto_increment_increment, @@character_set_client AS character_set_client, @@character_set_connection AS character_set_connection, @@character_set_results AS character_set_results, @@character_set_server AS character_set_server, @@collation_server AS collation_server, @@collation_connection AS collation_connection, @@init_connect AS init_connect, @@interactive_timeout AS interactive_timeout, @@license AS license, @@lower_case_table_names AS lower_case_table_names, @@max_allowed_packet AS max_allowed_packet, @@net_write_timeout AS net_write_timeout, @@performance_schema AS performance_schema, @@sql_mode AS sql_mode, @@system_time_zone AS system_time_zone, @@time_zone AS time_zone, @@transaction_isolation AS transaction_isolation, @@wait_timeout AS wait_timeout
2026-01-17T04:40:51.931837Z	   76 Query	SET character_set_results = NULL
2026-01-17T04:40:51.933228Z	   76 Query	SET autocommit=1
2026-01-17T04:40:51.934411Z	   76 Query	SELECT @@session.transaction_read_only
2026-01-17T04:40:51.937690Z	   74 Query	SELECT WORD FROM INFORMATION_SCHEMA.KEYWORDS WHERE RESERVED = 1 ORDER BY WORD
2026-01-17T04:40:51.966670Z	   74 Query	SELECT @@character_set_database, @@sql_mode
2026-01-17T04:40:51.973734Z	   77 Connect	root@172.24.0.1 on spring_batch using TCP/IP
2026-01-17T04:40:51.975403Z	   77 Query	/* mysql-connector-j-9.5.0 (Revision: a7b3c94f50efbddb9f0dd69b3e0d1aaa25305cd6) */SELECT  @@session.auto_increment_increment AS auto_increment_increment, @@character_set_client AS character_set_client, @@character_set_connection AS character_set_connection, @@character_set_results AS character_set_results, @@character_set_server AS character_set_server, @@collation_server AS collation_server, @@collation_connection AS collation_connection, @@init_connect AS init_connect, @@interactive_timeout AS interactive_timeout, @@license AS license, @@lower_case_table_names AS lower_case_table_names, @@max_allowed_packet AS max_allowed_packet, @@net_write_timeout AS net_write_timeout, @@performance_schema AS performance_schema, @@sql_mode AS sql_mode, @@system_time_zone AS system_time_zone, @@time_zone AS time_zone, @@transaction_isolation AS transaction_isolation, @@wait_timeout AS wait_timeout
2026-01-17T04:40:51.977626Z	   77 Query	SET character_set_results = NULL
2026-01-17T04:40:51.978964Z	   77 Query	SET autocommit=1
2026-01-17T04:40:51.980270Z	   77 Query	SELECT @@session.transaction_read_only
2026-01-17T04:40:52.023142Z	   78 Connect	root@172.24.0.1 on spring_batch using TCP/IP
2026-01-17T04:40:52.026168Z	   78 Query	/* mysql-connector-j-9.5.0 (Revision: a7b3c94f50efbddb9f0dd69b3e0d1aaa25305cd6) */SELECT  @@session.auto_increment_increment AS auto_increment_increment, @@character_set_client AS character_set_client, @@character_set_connection AS character_set_connection, @@character_set_results AS character_set_results, @@character_set_server AS character_set_server, @@collation_server AS collation_server, @@collation_connection AS collation_connection, @@init_connect AS init_connect, @@interactive_timeout AS interactive_timeout, @@license AS license, @@lower_case_table_names AS lower_case_table_names, @@max_allowed_packet AS max_allowed_packet, @@net_write_timeout AS net_write_timeout, @@performance_schema AS performance_schema, @@sql_mode AS sql_mode, @@system_time_zone AS system_time_zone, @@time_zone AS time_zone, @@transaction_isolation AS transaction_isolation, @@wait_timeout AS wait_timeout
2026-01-17T04:40:52.032641Z	   78 Query	SET character_set_results = NULL
2026-01-17T04:40:52.033968Z	   78 Query	SET autocommit=1
2026-01-17T04:40:52.035093Z	   78 Query	SELECT @@session.transaction_read_only
2026-01-17T04:40:52.074196Z	   79 Connect	root@172.24.0.1 on spring_batch using TCP/IP
2026-01-17T04:40:52.079212Z	   79 Query	/* mysql-connector-j-9.5.0 (Revision: a7b3c94f50efbddb9f0dd69b3e0d1aaa25305cd6) */SELECT  @@session.auto_increment_increment AS auto_increment_increment, @@character_set_client AS character_set_client, @@character_set_connection AS character_set_connection, @@character_set_results AS character_set_results, @@character_set_server AS character_set_server, @@collation_server AS collation_server, @@collation_connection AS collation_connection, @@init_connect AS init_connect, @@interactive_timeout AS interactive_timeout, @@license AS license, @@lower_case_table_names AS lower_case_table_names, @@max_allowed_packet AS max_allowed_packet, @@net_write_timeout AS net_write_timeout, @@performance_schema AS performance_schema, @@sql_mode AS sql_mode, @@system_time_zone AS system_time_zone, @@time_zone AS time_zone, @@transaction_isolation AS transaction_isolation, @@wait_timeout AS wait_timeout
2026-01-17T04:40:52.081728Z	   79 Query	SET character_set_results = NULL
2026-01-17T04:40:52.083459Z	   79 Query	SET autocommit=1
2026-01-17T04:40:52.084828Z	   79 Query	SELECT @@session.transaction_read_only
2026-01-17T04:40:52.123202Z	   80 Connect	root@172.24.0.1 on spring_batch using TCP/IP
2026-01-17T04:40:52.128844Z	   80 Query	/* mysql-connector-j-9.5.0 (Revision: a7b3c94f50efbddb9f0dd69b3e0d1aaa25305cd6) */SELECT  @@session.auto_increment_increment AS auto_increment_increment, @@character_set_client AS character_set_client, @@character_set_connection AS character_set_connection, @@character_set_results AS character_set_results, @@character_set_server AS character_set_server, @@collation_server AS collation_server, @@collation_connection AS collation_connection, @@init_connect AS init_connect, @@interactive_timeout AS interactive_timeout, @@license AS license, @@lower_case_table_names AS lower_case_table_names, @@max_allowed_packet AS max_allowed_packet, @@net_write_timeout AS net_write_timeout, @@performance_schema AS performance_schema, @@sql_mode AS sql_mode, @@system_time_zone AS system_time_zone, @@time_zone AS time_zone, @@transaction_isolation AS transaction_isolation, @@wait_timeout AS wait_timeout
2026-01-17T04:40:52.131566Z	   80 Query	SET character_set_results = NULL
2026-01-17T04:40:52.132865Z	   80 Query	SET autocommit=1
2026-01-17T04:40:52.134179Z	   80 Query	SELECT @@session.transaction_read_only
2026-01-17T04:40:52.175209Z	   81 Connect	root@172.24.0.1 on spring_batch using TCP/IP
2026-01-17T04:40:52.180196Z	   81 Query	/* mysql-connector-j-9.5.0 (Revision: a7b3c94f50efbddb9f0dd69b3e0d1aaa25305cd6) */SELECT  @@session.auto_increment_increment AS auto_increment_increment, @@character_set_client AS character_set_client, @@character_set_connection AS character_set_connection, @@character_set_results AS character_set_results, @@character_set_server AS character_set_server, @@collation_server AS collation_server, @@collation_connection AS collation_connection, @@init_connect AS init_connect, @@interactive_timeout AS interactive_timeout, @@license AS license, @@lower_case_table_names AS lower_case_table_names, @@max_allowed_packet AS max_allowed_packet, @@net_write_timeout AS net_write_timeout, @@performance_schema AS performance_schema, @@sql_mode AS sql_mode, @@system_time_zone AS system_time_zone, @@time_zone AS time_zone, @@transaction_isolation AS transaction_isolation, @@wait_timeout AS wait_timeout
2026-01-17T04:40:52.183857Z	   81 Query	SET character_set_results = NULL
2026-01-17T04:40:52.185446Z	   81 Query	SET autocommit=1
2026-01-17T04:40:52.186716Z	   81 Query	SELECT @@session.transaction_read_only
2026-01-17T04:40:52.226228Z	   82 Connect	root@172.24.0.1 on spring_batch using TCP/IP
2026-01-17T04:40:52.233211Z	   82 Query	/* mysql-connector-j-9.5.0 (Revision: a7b3c94f50efbddb9f0dd69b3e0d1aaa25305cd6) */SELECT  @@session.auto_increment_increment AS auto_increment_increment, @@character_set_client AS character_set_client, @@character_set_connection AS character_set_connection, @@character_set_results AS character_set_results, @@character_set_server AS character_set_server, @@collation_server AS collation_server, @@collation_connection AS collation_connection, @@init_connect AS init_connect, @@interactive_timeout AS interactive_timeout, @@license AS license, @@lower_case_table_names AS lower_case_table_names, @@max_allowed_packet AS max_allowed_packet, @@net_write_timeout AS net_write_timeout, @@performance_schema AS performance_schema, @@sql_mode AS sql_mode, @@system_time_zone AS system_time_zone, @@time_zone AS time_zone, @@transaction_isolation AS transaction_isolation, @@wait_timeout AS wait_timeout
2026-01-17T04:40:52.235706Z	   82 Query	SET character_set_results = NULL
2026-01-17T04:40:52.237151Z	   82 Query	SET autocommit=1
2026-01-17T04:40:52.238433Z	   82 Query	SELECT @@session.transaction_read_only
2026-01-17T04:40:52.274497Z	   83 Connect	root@172.24.0.1 on spring_batch using TCP/IP
2026-01-17T04:40:52.282552Z	   83 Query	/* mysql-connector-j-9.5.0 (Revision: a7b3c94f50efbddb9f0dd69b3e0d1aaa25305cd6) */SELECT  @@session.auto_increment_increment AS auto_increment_increment, @@character_set_client AS character_set_client, @@character_set_connection AS character_set_connection, @@character_set_results AS character_set_results, @@character_set_server AS character_set_server, @@collation_server AS collation_server, @@collation_connection AS collation_connection, @@init_connect AS init_connect, @@interactive_timeout AS interactive_timeout, @@license AS license, @@lower_case_table_names AS lower_case_table_names, @@max_allowed_packet AS max_allowed_packet, @@net_write_timeout AS net_write_timeout, @@performance_schema AS performance_schema, @@sql_mode AS sql_mode, @@system_time_zone AS system_time_zone, @@time_zone AS time_zone, @@transaction_isolation AS transaction_isolation, @@wait_timeout AS wait_timeout
2026-01-17T04:40:52.285005Z	   83 Query	SET character_set_results = NULL
2026-01-17T04:40:52.287790Z	   83 Query	SET autocommit=1
2026-01-17T04:40:52.288859Z	   83 Query	SELECT @@session.transaction_read_only
2026-01-17T04:40:52.310680Z	   74 Query	SELECT @@session.transaction_read_only
2026-01-17T04:40:52.312567Z	   74 Query	drop table if exists payment
2026-01-17T04:40:52.322371Z	   74 Query	SELECT @@session.transaction_read_only
2026-01-17T04:40:52.323594Z	   74 Query	drop table if exists payment_source
2026-01-17T04:40:52.340698Z	   74 Query	SELECT @@session.transaction_read_only
2026-01-17T04:40:52.341831Z	   74 Query	create table payment (currency decimal(38,2) not null, payment_date date not null, id bigint not null auto_increment, amount varchar(255) not null, status varchar(255) not null, primary key (id)) engine=InnoDB
2026-01-17T04:40:52.357352Z	   74 Query	SELECT @@session.transaction_read_only
2026-01-17T04:40:52.358464Z	   74 Query	create table payment_source (discount_amount decimal(38,2) not null, final_amount decimal(38,2) not null, original_amount decimal(38,2) not null, id bigint not null auto_increment, partner_corp_name varchar(100) not null, primary key (id)) engine=InnoDB
2026-01-17T04:40:52.571166Z	   74 Query	SET autocommit=0
2026-01-17T04:40:52.579416Z	   74 Query	SELECT JOB_INSTANCE_ID, JOB_NAME
FROM BATCH_JOB_INSTANCE
WHERE JOB_NAME = 'paymentReportJob'
 AND JOB_KEY = 'a2469ba6310590111b522ccc4ea82d32'
2026-01-17T04:40:52.582007Z	   74 Query	COMMIT
2026-01-17T04:40:52.583360Z	   74 Query	SET autocommit=1
2026-01-17T04:40:52.585987Z	   74 Query	SELECT JOB_INSTANCE_ID, JOB_NAME
FROM BATCH_JOB_INSTANCE I1
WHERE I1.JOB_NAME = 'paymentReportJob' AND I1.JOB_INSTANCE_ID = (SELECT MAX(I2.JOB_INSTANCE_ID) FROM BATCH_JOB_INSTANCE I2 WHERE I2.JOB_NAME = 'paymentReportJob')
2026-01-17T04:40:52.588959Z	   74 Query	SELECT JOB_EXECUTION_ID, START_TIME, END_TIME, STATUS, EXIT_CODE, EXIT_MESSAGE, CREATE_TIME, LAST_UPDATED, VERSION
FROM BATCH_JOB_EXECUTION
 WHERE JOB_INSTANCE_ID = 4 AND JOB_EXECUTION_ID IN (SELECT MAX(JOB_EXECUTION_ID) FROM BATCH_JOB_EXECUTION E2 WHERE E2.JOB_INSTANCE_ID = 4)
2026-01-17T04:40:52.591065Z	   74 Query	SELECT JOB_EXECUTION_ID, PARAMETER_NAME, PARAMETER_TYPE, PARAMETER_VALUE, IDENTIFYING
FROM BATCH_JOB_EXECUTION_PARAMS
WHERE JOB_EXECUTION_ID = 4
2026-01-17T04:40:52.593795Z	   74 Query	SELECT JI.JOB_INSTANCE_ID, JOB_NAME, JOB_KEY, JI.VERSION
FROM BATCH_JOB_INSTANCE JI, BATCH_JOB_EXECUTION JE
WHERE JOB_EXECUTION_ID = 4 AND JI.JOB_INSTANCE_ID = JE.JOB_INSTANCE_ID
2026-01-17T04:40:52.596096Z	   74 Query	SELECT STEP_EXECUTION_ID, STEP_NAME, START_TIME, END_TIME, STATUS, COMMIT_COUNT, READ_COUNT, FILTER_COUNT, WRITE_COUNT, EXIT_CODE, EXIT_MESSAGE, READ_SKIP_COUNT, WRITE_SKIP_COUNT, PROCESS_SKIP_COUNT, ROLLBACK_COUNT, LAST_UPDATED, VERSION, CREATE_TIME
FROM BATCH_STEP_EXECUTION
 WHERE JOB_EXECUTION_ID = 4 ORDER BY STEP_EXECUTION_ID
2026-01-17T04:40:52.598516Z	   74 Query	SELECT SHORT_CONTEXT, SERIALIZED_CONTEXT
FROM BATCH_JOB_EXECUTION_CONTEXT
WHERE JOB_EXECUTION_ID = 4
2026-01-17T04:40:52.603108Z	   74 Query	SELECT SHORT_CONTEXT, SERIALIZED_CONTEXT
FROM BATCH_STEP_EXECUTION_CONTEXT
WHERE STEP_EXECUTION_ID = 4
2026-01-17T04:40:52.605440Z	   74 Query	SELECT @@session.transaction_isolation
2026-01-17T04:40:52.607267Z	   74 Query	SET SESSION TRANSACTION ISOLATION LEVEL SERIALIZABLE
2026-01-17T04:40:52.608535Z	   74 Query	SET autocommit=0
2026-01-17T04:40:52.609988Z	   74 Query	SELECT JOB_INSTANCE_ID, JOB_NAME
FROM BATCH_JOB_INSTANCE
WHERE JOB_NAME = 'paymentReportJob'
 AND JOB_KEY = '195afcd8493371ffae7a99064cace443'
2026-01-17T04:40:52.611467Z	   74 Query	COMMIT
2026-01-17T04:40:52.612768Z	   74 Query	SET autocommit=1
2026-01-17T04:40:52.614003Z	   74 Query	SET SESSION TRANSACTION ISOLATION LEVEL REPEATABLE READ
2026-01-17T04:40:52.615491Z	   74 Query	SELECT @@session.transaction_isolation
2026-01-17T04:40:52.617017Z	   74 Query	SET SESSION TRANSACTION ISOLATION LEVEL SERIALIZABLE
2026-01-17T04:40:52.618280Z	   74 Query	SET autocommit=0
2026-01-17T04:40:52.619721Z	   74 Query	SELECT JOB_INSTANCE_ID, JOB_NAME
FROM BATCH_JOB_INSTANCE
WHERE JOB_NAME = 'paymentReportJob'
 AND JOB_KEY = '195afcd8493371ffae7a99064cace443'
2026-01-17T04:40:52.621441Z	   74 Query	SELECT JOB_INSTANCE_ID, JOB_NAME
FROM BATCH_JOB_INSTANCE
WHERE JOB_NAME = 'paymentReportJob'
 AND JOB_KEY = '195afcd8493371ffae7a99064cace443'
2026-01-17T04:40:52.624316Z	   75 Query	SET autocommit=0
2026-01-17T04:40:52.627404Z	   75 Query	update BATCH_JOB_SEQ set ID = last_insert_id(ID + 1) limit 1
2026-01-17T04:40:52.629081Z	   75 Query	select last_insert_id()
2026-01-17T04:40:52.630426Z	   75 Query	COMMIT
2026-01-17T04:40:52.633398Z	   75 Query	SET autocommit=1
2026-01-17T04:40:52.635658Z	   74 Query	INSERT INTO BATCH_JOB_INSTANCE(JOB_INSTANCE_ID, JOB_NAME, JOB_KEY, VERSION)
	VALUES (5, 'paymentReportJob', '195afcd8493371ffae7a99064cace443', 0)
2026-01-17T04:40:52.637287Z	   75 Query	SET autocommit=0
2026-01-17T04:40:52.638779Z	   75 Query	update BATCH_JOB_EXECUTION_SEQ set ID = last_insert_id(ID + 1) limit 1
2026-01-17T04:40:52.641181Z	   75 Query	select last_insert_id()
2026-01-17T04:40:52.642589Z	   75 Query	COMMIT
2026-01-17T04:40:52.645637Z	   75 Query	SET autocommit=1
2026-01-17T04:40:52.652438Z	   74 Query	INSERT INTO BATCH_JOB_EXECUTION(JOB_EXECUTION_ID, JOB_INSTANCE_ID, START_TIME, END_TIME, STATUS, EXIT_CODE, EXIT_MESSAGE, VERSION, CREATE_TIME, LAST_UPDATED)
	VALUES (5, 5, null, null, 'STARTING', 'UNKNOWN', '', 0, '2026-01-17 13:40:52.637006', '2026-01-17 13:40:52.637023')
2026-01-17T04:40:52.655494Z	   74 Query	SELECT @@session.transaction_read_only
2026-01-17T04:40:52.656933Z	   74 Query	INSERT INTO BATCH_JOB_EXECUTION_PARAMS(JOB_EXECUTION_ID, PARAMETER_NAME, PARAMETER_TYPE, PARAMETER_VALUE, IDENTIFYING)
	VALUES (5, 'run.id', 'java.lang.Long', '2', 'Y')
2026-01-17T04:40:52.658486Z	   74 Query	INSERT INTO BATCH_JOB_EXECUTION_PARAMS(JOB_EXECUTION_ID, PARAMETER_NAME, PARAMETER_TYPE, PARAMETER_VALUE, IDENTIFYING)
	VALUES (5, '-job.name', 'java.lang.String', 'paymentReportJob', 'Y')
2026-01-17T04:40:52.661165Z	   74 Query	INSERT INTO BATCH_JOB_EXECUTION_CONTEXT (SHORT_CONTEXT, SERIALIZED_CONTEXT, JOB_EXECUTION_ID)
	VALUES('rO0ABXNyABFqYXZhLnV0aWwuSGFzaE1hcAUH2sHDFmDRAwACRgAKbG9hZEZhY3RvckkACXRocmVzaG9sZHhwP0AAAAAAAAB3CAAAABAAAAAAeA==', null, 5)
2026-01-17T04:40:52.662960Z	   74 Query	COMMIT
2026-01-17T04:40:52.665387Z	   74 Query	SET autocommit=1
2026-01-17T04:40:52.666714Z	   74 Query	SET SESSION TRANSACTION ISOLATION LEVEL REPEATABLE READ
2026-01-17T04:40:52.673765Z	   74 Query	SET autocommit=0
2026-01-17T04:40:52.675645Z	   74 Query	SELECT VERSION
FROM BATCH_JOB_EXECUTION
WHERE JOB_EXECUTION_ID=5
2026-01-17T04:40:52.678127Z	   74 Query	SELECT COUNT(*)
FROM BATCH_JOB_EXECUTION
WHERE JOB_EXECUTION_ID = 5
2026-01-17T04:40:52.680280Z	   74 Query	UPDATE BATCH_JOB_EXECUTION
SET START_TIME = '2026-01-17 13:40:52.673277', END_TIME = null,  STATUS = 'STARTED', EXIT_CODE = 'UNKNOWN', EXIT_MESSAGE = '', VERSION = VERSION + 1, CREATE_TIME = '2026-01-17 13:40:52.637006', LAST_UPDATED = '2026-01-17 13:40:52.675087'
WHERE JOB_EXECUTION_ID = 5 AND VERSION = 0
2026-01-17T04:40:52.681793Z	   74 Query	COMMIT
2026-01-17T04:40:52.684205Z	   74 Query	SET autocommit=1
2026-01-17T04:40:52.685984Z	   74 Query	SET autocommit=0
2026-01-17T04:40:52.687665Z	   74 Query	SELECT SE.STEP_EXECUTION_ID, SE.STEP_NAME, SE.START_TIME, SE.END_TIME, SE.STATUS, SE.COMMIT_COUNT, SE.READ_COUNT, SE.FILTER_COUNT, SE.WRITE_COUNT, SE.EXIT_CODE, SE.EXIT_MESSAGE, SE.READ_SKIP_COUNT, SE.WRITE_SKIP_COUNT, SE.PROCESS_SKIP_COUNT, SE.ROLLBACK_COUNT, SE.LAST_UPDATED, SE.VERSION, SE.CREATE_TIME, JE.JOB_EXECUTION_ID, JE.START_TIME, JE.END_TIME, JE.STATUS, JE.EXIT_CODE, JE.EXIT_MESSAGE, JE.CREATE_TIME, JE.LAST_UPDATED, JE.VERSION
FROM BATCH_JOB_EXECUTION JE
	JOIN BATCH_STEP_EXECUTION SE ON SE.JOB_EXECUTION_ID = JE.JOB_EXECUTION_ID
WHERE JE.JOB_INSTANCE_ID = 5 AND SE.STEP_NAME = 'paymentReportStep'
2026-01-17T04:40:52.689336Z	   74 Query	COMMIT
2026-01-17T04:40:52.690798Z	   74 Query	SET autocommit=1
2026-01-17T04:40:52.692397Z	   74 Query	SET autocommit=0
2026-01-17T04:40:52.694162Z	   74 Query	SELECT COUNT(*)
FROM BATCH_JOB_EXECUTION JE
	JOIN BATCH_STEP_EXECUTION SE ON SE.JOB_EXECUTION_ID = JE.JOB_EXECUTION_ID
WHERE JE.JOB_INSTANCE_ID = 5 AND SE.STEP_NAME = 'paymentReportStep'
2026-01-17T04:40:52.696002Z	   74 Query	COMMIT
2026-01-17T04:40:52.698004Z	   74 Query	SET autocommit=1
2026-01-17T04:40:52.699588Z	   74 Query	SET autocommit=0
2026-01-17T04:40:52.700970Z	   75 Query	SET autocommit=0
2026-01-17T04:40:52.702407Z	   75 Query	update BATCH_STEP_EXECUTION_SEQ set ID = last_insert_id(ID + 1) limit 1
2026-01-17T04:40:52.703889Z	   75 Query	select last_insert_id()
2026-01-17T04:40:52.705302Z	   75 Query	COMMIT
2026-01-17T04:40:52.708575Z	   75 Query	SET autocommit=1
2026-01-17T04:40:52.710584Z	   74 Query	INSERT INTO BATCH_STEP_EXECUTION(STEP_EXECUTION_ID, VERSION, STEP_NAME, JOB_EXECUTION_ID, START_TIME, END_TIME, STATUS, COMMIT_COUNT, READ_COUNT, FILTER_COUNT, WRITE_COUNT, EXIT_CODE, EXIT_MESSAGE, READ_SKIP_COUNT, WRITE_SKIP_COUNT, PROCESS_SKIP_COUNT, ROLLBACK_COUNT, LAST_UPDATED, CREATE_TIME)
	VALUES (5, 0, 'paymentReportStep', 5, null, null, 'STARTING', 0, 0, 0, 0, 'EXECUTING', '', 0, 0, 0, 0, '2026-01-17 13:40:52.700764', '2026-01-17 13:40:52.699322')
2026-01-17T04:40:52.712294Z	   74 Query	INSERT INTO BATCH_STEP_EXECUTION_CONTEXT (SHORT_CONTEXT, SERIALIZED_CONTEXT, STEP_EXECUTION_ID)
	VALUES('rO0ABXNyABFqYXZhLnV0aWwuSGFzaE1hcAUH2sHDFmDRAwACRgAKbG9hZEZhY3RvckkACXRocmVzaG9sZHhwP0AAAAAAAAB3CAAAABAAAAAAeA==', null, 5)
2026-01-17T04:40:52.714000Z	   74 Query	COMMIT
2026-01-17T04:40:52.716288Z	   74 Query	SET autocommit=1
2026-01-17T04:40:52.718594Z	   74 Query	SET autocommit=0
2026-01-17T04:40:52.720370Z	   74 Query	UPDATE BATCH_STEP_EXECUTION
SET START_TIME = '2026-01-17 13:40:52.717668', END_TIME = null, STATUS = 'STARTED', COMMIT_COUNT = 0, READ_COUNT = 0, FILTER_COUNT = 0, WRITE_COUNT = 0, EXIT_CODE = 'EXECUTING', EXIT_MESSAGE = '', VERSION = VERSION + 1, READ_SKIP_COUNT = 0, PROCESS_SKIP_COUNT = 0, WRITE_SKIP_COUNT = 0, ROLLBACK_COUNT = 0, LAST_UPDATED = '2026-01-17 13:40:52.7198'
WHERE STEP_EXECUTION_ID = 5 AND VERSION = 0
2026-01-17T04:40:52.722178Z	   74 Query	SELECT VERSION
FROM BATCH_JOB_EXECUTION
WHERE JOB_EXECUTION_ID=5
2026-01-17T04:40:52.723946Z	   74 Query	COMMIT
2026-01-17T04:40:52.726304Z	   74 Query	SET autocommit=1
2026-01-17T04:40:52.729440Z	   74 Query	SET autocommit=0
2026-01-17T04:40:52.731076Z	   74 Query	UPDATE BATCH_STEP_EXECUTION_CONTEXT
SET SHORT_CONTEXT = 'rO0ABXNyABFqYXZhLnV0aWwuSGFzaE1hcAUH2sHDFmDRAwACRgAKbG9hZEZhY3RvckkACXRocmVzaG9sZHhwP0AAAAAAAAx3CAAAABAAAAAEdAAecGF5bWVudFJlcG9ydFJlYWRlci5yZWFkLmNvdW50c3IAEWphdmEubGFuZy5JbnRlZ2VyEuKgpPeBhzgCAAFJAAV2YWx1ZXhyABBqYXZhLmxhbmcuTnVtYmVyhqyVHQuU4IsCAAB4cAAAAAB0ABFiYXRjaC50YXNrbGV0VHlwZXQAPW9yZy5zcHJpbmdmcmFtZXdvcmsuYmF0Y2guY29yZS5zdGVwLml0ZW0uQ2h1bmtPcmllbnRlZFRhc2tsZXR0AA1iYXRjaC52ZXJzaW9udAAFNS4yLjR0AA5iYXRjaC5zdGVwVHlwZXQAN29yZy5zcHJpbmdmcmFtZXdvcmsuYmF0Y2guY29yZS5zdGVwLnRhc2tsZXQuVGFza2xldFN0ZXB4', SERIALIZED_CONTEXT = null
WHERE STEP_EXECUTION_ID = 5
2026-01-17T04:40:52.732544Z	   74 Query	COMMIT
2026-01-17T04:40:52.734844Z	   74 Query	SET autocommit=1
2026-01-17T04:40:52.737387Z	   74 Query	SET autocommit=0
2026-01-17T04:40:52.739470Z	   75 Query	SET autocommit=0
2026-01-17T04:40:52.850925Z	   75 Query	select ps1_0.id,ps1_0.discount_amount,ps1_0.final_amount,ps1_0.original_amount,ps1_0.partner_corp_name from payment_source ps1_0 limit 0,10
2026-01-17T04:40:52.860533Z	   75 Query	COMMIT
2026-01-17T04:40:52.861685Z	   75 Query	SET autocommit=1
2026-01-17T04:40:52.864455Z	   74 Query	UPDATE BATCH_STEP_EXECUTION_CONTEXT
SET SHORT_CONTEXT = 'rO0ABXNyABFqYXZhLnV0aWwuSGFzaE1hcAUH2sHDFmDRAwACRgAKbG9hZEZhY3RvckkACXRocmVzaG9sZHhwP0AAAAAAAAx3CAAAABAAAAAEdAAecGF5bWVudFJlcG9ydFJlYWRlci5yZWFkLmNvdW50c3IAEWphdmEubGFuZy5JbnRlZ2VyEuKgpPeBhzgCAAFJAAV2YWx1ZXhyABBqYXZhLmxhbmcuTnVtYmVyhqyVHQuU4IsCAAB4cAAAAAF0ABFiYXRjaC50YXNrbGV0VHlwZXQAPW9yZy5zcHJpbmdmcmFtZXdvcmsuYmF0Y2guY29yZS5zdGVwLml0ZW0uQ2h1bmtPcmllbnRlZFRhc2tsZXR0AA1iYXRjaC52ZXJzaW9udAAFNS4yLjR0AA5iYXRjaC5zdGVwVHlwZXQAN29yZy5zcHJpbmdmcmFtZXdvcmsuYmF0Y2guY29yZS5zdGVwLnRhc2tsZXQuVGFza2xldFN0ZXB4', SERIALIZED_CONTEXT = null
WHERE STEP_EXECUTION_ID = 5
2026-01-17T04:40:52.866614Z	   74 Query	UPDATE BATCH_STEP_EXECUTION
SET START_TIME = '2026-01-17 13:40:52.717668', END_TIME = null, STATUS = 'STARTED', COMMIT_COUNT = 1, READ_COUNT = 0, FILTER_COUNT = 0, WRITE_COUNT = 0, EXIT_CODE = 'EXECUTING', EXIT_MESSAGE = '', VERSION = VERSION + 1, READ_SKIP_COUNT = 0, PROCESS_SKIP_COUNT = 0, WRITE_SKIP_COUNT = 0, ROLLBACK_COUNT = 0, LAST_UPDATED = '2026-01-17 13:40:52.865853'
WHERE STEP_EXECUTION_ID = 5 AND VERSION = 1
2026-01-17T04:40:52.869037Z	   74 Query	SELECT VERSION
FROM BATCH_JOB_EXECUTION
WHERE JOB_EXECUTION_ID=5
2026-01-17T04:40:52.870489Z	   74 Query	COMMIT
2026-01-17T04:40:52.873522Z	   74 Query	SET autocommit=1
2026-01-17T04:40:52.875692Z	   74 Query	SET autocommit=0
2026-01-17T04:40:52.876971Z	   74 Query	UPDATE BATCH_STEP_EXECUTION_CONTEXT
SET SHORT_CONTEXT = 'rO0ABXNyABFqYXZhLnV0aWwuSGFzaE1hcAUH2sHDFmDRAwACRgAKbG9hZEZhY3RvckkACXRocmVzaG9sZHhwP0AAAAAAAAx3CAAAABAAAAAEdAAecGF5bWVudFJlcG9ydFJlYWRlci5yZWFkLmNvdW50c3IAEWphdmEubGFuZy5JbnRlZ2VyEuKgpPeBhzgCAAFJAAV2YWx1ZXhyABBqYXZhLmxhbmcuTnVtYmVyhqyVHQuU4IsCAAB4cAAAAAF0ABFiYXRjaC50YXNrbGV0VHlwZXQAPW9yZy5zcHJpbmdmcmFtZXdvcmsuYmF0Y2guY29yZS5zdGVwLml0ZW0uQ2h1bmtPcmllbnRlZFRhc2tsZXR0AA1iYXRjaC52ZXJzaW9udAAFNS4yLjR0AA5iYXRjaC5zdGVwVHlwZXQAN29yZy5zcHJpbmdmcmFtZXdvcmsuYmF0Y2guY29yZS5zdGVwLnRhc2tsZXQuVGFza2xldFN0ZXB4', SERIALIZED_CONTEXT = null
WHERE STEP_EXECUTION_ID = 5
2026-01-17T04:40:52.878324Z	   74 Query	COMMIT
2026-01-17T04:40:52.879700Z	   74 Query	SET autocommit=1
2026-01-17T04:40:52.880831Z	   74 Query	SET autocommit=0
2026-01-17T04:40:52.882456Z	   74 Query	UPDATE BATCH_STEP_EXECUTION
SET START_TIME = '2026-01-17 13:40:52.717668', END_TIME = '2026-01-17 13:40:52.874973', STATUS = 'COMPLETED', COMMIT_COUNT = 1, READ_COUNT = 0, FILTER_COUNT = 0, WRITE_COUNT = 0, EXIT_CODE = 'COMPLETED', EXIT_MESSAGE = '', VERSION = VERSION + 1, READ_SKIP_COUNT = 0, PROCESS_SKIP_COUNT = 0, WRITE_SKIP_COUNT = 0, ROLLBACK_COUNT = 0, LAST_UPDATED = '2026-01-17 13:40:52.881791'
WHERE STEP_EXECUTION_ID = 5 AND VERSION = 2
2026-01-17T04:40:52.883991Z	   74 Query	SELECT VERSION
FROM BATCH_JOB_EXECUTION
WHERE JOB_EXECUTION_ID=5
2026-01-17T04:40:52.885144Z	   74 Query	COMMIT
2026-01-17T04:40:52.887793Z	   74 Query	SET autocommit=1
2026-01-17T04:40:52.889197Z	   75 Query	SET autocommit=0
2026-01-17T04:40:52.890599Z	   75 Query	UPDATE BATCH_JOB_EXECUTION_CONTEXT
SET SHORT_CONTEXT = 'rO0ABXNyABFqYXZhLnV0aWwuSGFzaE1hcAUH2sHDFmDRAwACRgAKbG9hZEZhY3RvckkACXRocmVzaG9sZHhwP0AAAAAAAAx3CAAAABAAAAABdAANYmF0Y2gudmVyc2lvbnQABTUuMi40eA==', SERIALIZED_CONTEXT = null
WHERE JOB_EXECUTION_ID = 5
2026-01-17T04:40:52.892323Z	   75 Query	COMMIT
2026-01-17T04:40:52.895444Z	   75 Query	SET autocommit=1
2026-01-17T04:40:52.898125Z	   75 Query	SET autocommit=0
2026-01-17T04:40:52.899465Z	   75 Query	SELECT VERSION
FROM BATCH_JOB_EXECUTION
WHERE JOB_EXECUTION_ID=5
2026-01-17T04:40:52.900906Z	   75 Query	SELECT COUNT(*)
FROM BATCH_JOB_EXECUTION
WHERE JOB_EXECUTION_ID = 5
2026-01-17T04:40:52.902536Z	   75 Query	UPDATE BATCH_JOB_EXECUTION
SET START_TIME = '2026-01-17 13:40:52.673277', END_TIME = '2026-01-17 13:40:52.897935',  STATUS = 'COMPLETED', EXIT_CODE = 'COMPLETED', EXIT_MESSAGE = '', VERSION = VERSION + 1, CREATE_TIME = '2026-01-17 13:40:52.637006', LAST_UPDATED = '2026-01-17 13:40:52.899257'
WHERE JOB_EXECUTION_ID = 5 AND VERSION = 1
2026-01-17T04:40:52.903742Z	   75 Query	COMMIT
2026-01-17T04:40:52.906143Z	   75 Query	SET autocommit=1
2026-01-17T04:40:52.920666Z	   74 Quit	
2026-01-17T04:40:52.921749Z	   81 Quit	
2026-01-17T04:40:52.921812Z	   79 Quit	
2026-01-17T04:40:52.921824Z	   78 Quit	
2026-01-17T04:40:52.921828Z	   75 Quit	
2026-01-17T04:40:52.921854Z	   83 Quit	
2026-01-17T04:40:52.921866Z	   77 Quit	
2026-01-17T04:40:52.921898Z	   80 Quit	
2026-01-17T04:40:52.921920Z	   76 Quit	
2026-01-17T04:40:52.921921Z	   82 Quit	
2026-01-17T04:42:31.206043Z	   51 Query	SELECT @@session.transaction_isolation
2026-01-17T04:42:31.213103Z	   51 Query	/* ApplicationName=IntelliJ IDEA 2025.1.3 */ SET SESSION TRANSACTION READ WRITE
2026-01-17T04:42:31.220310Z	   51 Query	SELECT @@session.transaction_read_only
2026-01-17T04:42:31.227658Z	   51 Query	/* ApplicationName=IntelliJ IDEA 2025.1.3 */ SET sql_select_limit=DEFAULT
2026-01-17T04:42:31.229420Z	   51 Query	/* ApplicationName=IntelliJ IDEA 2025.1.3 */ select database()
2026-01-17T04:42:31.236808Z	   51 Query	/* ApplicationName=IntelliJ IDEA 2025.1.3 */ SET net_write_timeout=600
2026-01-17T04:42:31.238010Z	   51 Query	/* ApplicationName=IntelliJ IDEA 2025.1.3 */ SET sql_select_limit=501
2026-01-17T04:42:31.239028Z	   51 Query	/* ApplicationName=IntelliJ IDEA 2025.1.3 */ select * from payment where id =1
2026-01-17T04:42:31.372367Z	   51 Query	SELECT @@session.transaction_isolation
                                                                                                                                                                                                                                                                                                                                                                                                                                                                                                                                                   2026-01-17T04:44:18.503891Z	   84 Connect	root@172.24.0.1 on spring_batch using TCP/IP
2026-01-17T04:44:18.513527Z	   84 Query	/* mysql-connector-j-9.5.0 (Revision: a7b3c94f50efbddb9f0dd69b3e0d1aaa25305cd6) */SELECT  @@session.auto_increment_increment AS auto_increment_increment, @@character_set_client AS character_set_client, @@character_set_connection AS character_set_connection, @@character_set_results AS character_set_results, @@character_set_server AS character_set_server, @@collation_server AS collation_server, @@collation_connection AS collation_connection, @@init_connect AS init_connect, @@interactive_timeout AS interactive_timeout, @@license AS license, @@lower_case_table_names AS lower_case_table_names, @@max_allowed_packet AS max_allowed_packet, @@net_write_timeout AS net_write_timeout, @@performance_schema AS performance_schema, @@sql_mode AS sql_mode, @@system_time_zone AS system_time_zone, @@time_zone AS time_zone, @@transaction_isolation AS transaction_isolation, @@wait_timeout AS wait_timeout
2026-01-17T04:44:18.524674Z	   84 Query	SET character_set_results = NULL
2026-01-17T04:44:18.527413Z	   84 Query	SET autocommit=1
2026-01-17T04:44:18.530254Z	   84 Query	SELECT @@session.transaction_read_only
2026-01-17T04:44:18.531804Z	   84 Query	SELECT @@session.transaction_isolation
2026-01-17T04:44:18.643811Z	   85 Connect	root@172.24.0.1 on spring_batch using TCP/IP
2026-01-17T04:44:18.648427Z	   85 Query	/* mysql-connector-j-9.5.0 (Revision: a7b3c94f50efbddb9f0dd69b3e0d1aaa25305cd6) */SELECT  @@session.auto_increment_increment AS auto_increment_increment, @@character_set_client AS character_set_client, @@character_set_connection AS character_set_connection, @@character_set_results AS character_set_results, @@character_set_server AS character_set_server, @@collation_server AS collation_server, @@collation_connection AS collation_connection, @@init_connect AS init_connect, @@interactive_timeout AS interactive_timeout, @@license AS license, @@lower_case_table_names AS lower_case_table_names, @@max_allowed_packet AS max_allowed_packet, @@net_write_timeout AS net_write_timeout, @@performance_schema AS performance_schema, @@sql_mode AS sql_mode, @@system_time_zone AS system_time_zone, @@time_zone AS time_zone, @@transaction_isolation AS transaction_isolation, @@wait_timeout AS wait_timeout
2026-01-17T04:44:18.652050Z	   85 Query	SET character_set_results = NULL
2026-01-17T04:44:18.655326Z	   85 Query	SET autocommit=1
2026-01-17T04:44:18.657526Z	   85 Query	SELECT @@session.transaction_read_only
2026-01-17T04:44:18.695042Z	   86 Connect	root@172.24.0.1 on spring_batch using TCP/IP
2026-01-17T04:44:18.697793Z	   86 Query	/* mysql-connector-j-9.5.0 (Revision: a7b3c94f50efbddb9f0dd69b3e0d1aaa25305cd6) */SELECT  @@session.auto_increment_increment AS auto_increment_increment, @@character_set_client AS character_set_client, @@character_set_connection AS character_set_connection, @@character_set_results AS character_set_results, @@character_set_server AS character_set_server, @@collation_server AS collation_server, @@collation_connection AS collation_connection, @@init_connect AS init_connect, @@interactive_timeout AS interactive_timeout, @@license AS license, @@lower_case_table_names AS lower_case_table_names, @@max_allowed_packet AS max_allowed_packet, @@net_write_timeout AS net_write_timeout, @@performance_schema AS performance_schema, @@sql_mode AS sql_mode, @@system_time_zone AS system_time_zone, @@time_zone AS time_zone, @@transaction_isolation AS transaction_isolation, @@wait_timeout AS wait_timeout
2026-01-17T04:44:18.698850Z	   84 Query	SELECT WORD FROM INFORMATION_SCHEMA.KEYWORDS WHERE RESERVED = 1 ORDER BY WORD
2026-01-17T04:44:18.699452Z	   86 Query	SET character_set_results = NULL
2026-01-17T04:44:18.701064Z	   86 Query	SET autocommit=1
2026-01-17T04:44:18.702220Z	   86 Query	SELECT @@session.transaction_read_only
2026-01-17T04:44:18.721573Z	   84 Query	SELECT @@character_set_database, @@sql_mode
2026-01-17T04:44:18.736162Z	   87 Connect	root@172.24.0.1 on spring_batch using TCP/IP
2026-01-17T04:44:18.737557Z	   87 Query	/* mysql-connector-j-9.5.0 (Revision: a7b3c94f50efbddb9f0dd69b3e0d1aaa25305cd6) */SELECT  @@session.auto_increment_increment AS auto_increment_increment, @@character_set_client AS character_set_client, @@character_set_connection AS character_set_connection, @@character_set_results AS character_set_results, @@character_set_server AS character_set_server, @@collation_server AS collation_server, @@collation_connection AS collation_connection, @@init_connect AS init_connect, @@interactive_timeout AS interactive_timeout, @@license AS license, @@lower_case_table_names AS lower_case_table_names, @@max_allowed_packet AS max_allowed_packet, @@net_write_timeout AS net_write_timeout, @@performance_schema AS performance_schema, @@sql_mode AS sql_mode, @@system_time_zone AS system_time_zone, @@time_zone AS time_zone, @@transaction_isolation AS transaction_isolation, @@wait_timeout AS wait_timeout
2026-01-17T04:44:18.738882Z	   87 Query	SET character_set_results = NULL
2026-01-17T04:44:18.739957Z	   87 Query	SET autocommit=1
2026-01-17T04:44:18.740952Z	   87 Query	SELECT @@session.transaction_read_only
2026-01-17T04:44:18.780138Z	   88 Connect	root@172.24.0.1 on spring_batch using TCP/IP
2026-01-17T04:44:18.783077Z	   88 Query	/* mysql-connector-j-9.5.0 (Revision: a7b3c94f50efbddb9f0dd69b3e0d1aaa25305cd6) */SELECT  @@session.auto_increment_increment AS auto_increment_increment, @@character_set_client AS character_set_client, @@character_set_connection AS character_set_connection, @@character_set_results AS character_set_results, @@character_set_server AS character_set_server, @@collation_server AS collation_server, @@collation_connection AS collation_connection, @@init_connect AS init_connect, @@interactive_timeout AS interactive_timeout, @@license AS license, @@lower_case_table_names AS lower_case_table_names, @@max_allowed_packet AS max_allowed_packet, @@net_write_timeout AS net_write_timeout, @@performance_schema AS performance_schema, @@sql_mode AS sql_mode, @@system_time_zone AS system_time_zone, @@time_zone AS time_zone, @@transaction_isolation AS transaction_isolation, @@wait_timeout AS wait_timeout
2026-01-17T04:44:18.785956Z	   88 Query	SET character_set_results = NULL
2026-01-17T04:44:18.788599Z	   88 Query	SET autocommit=1
2026-01-17T04:44:18.790029Z	   88 Query	SELECT @@session.transaction_read_only
2026-01-17T04:44:18.831421Z	   89 Connect	root@172.24.0.1 on spring_batch using TCP/IP
2026-01-17T04:44:18.838938Z	   89 Query	/* mysql-connector-j-9.5.0 (Revision: a7b3c94f50efbddb9f0dd69b3e0d1aaa25305cd6) */SELECT  @@session.auto_increment_increment AS auto_increment_increment, @@character_set_client AS character_set_client, @@character_set_connection AS character_set_connection, @@character_set_results AS character_set_results, @@character_set_server AS character_set_server, @@collation_server AS collation_server, @@collation_connection AS collation_connection, @@init_connect AS init_connect, @@interactive_timeout AS interactive_timeout, @@license AS license, @@lower_case_table_names AS lower_case_table_names, @@max_allowed_packet AS max_allowed_packet, @@net_write_timeout AS net_write_timeout, @@performance_schema AS performance_schema, @@sql_mode AS sql_mode, @@system_time_zone AS system_time_zone, @@time_zone AS time_zone, @@transaction_isolation AS transaction_isolation, @@wait_timeout AS wait_timeout
2026-01-17T04:44:18.842043Z	   89 Query	SET character_set_results = NULL
2026-01-17T04:44:18.844027Z	   89 Query	SET autocommit=1
2026-01-17T04:44:18.845408Z	   89 Query	SELECT @@session.transaction_read_only
2026-01-17T04:44:18.889605Z	   90 Connect	root@172.24.0.1 on spring_batch using TCP/IP
2026-01-17T04:44:18.893703Z	   90 Query	/* mysql-connector-j-9.5.0 (Revision: a7b3c94f50efbddb9f0dd69b3e0d1aaa25305cd6) */SELECT  @@session.auto_increment_increment AS auto_increment_increment, @@character_set_client AS character_set_client, @@character_set_connection AS character_set_connection, @@character_set_results AS character_set_results, @@character_set_server AS character_set_server, @@collation_server AS collation_server, @@collation_connection AS collation_connection, @@init_connect AS init_connect, @@interactive_timeout AS interactive_timeout, @@license AS license, @@lower_case_table_names AS lower_case_table_names, @@max_allowed_packet AS max_allowed_packet, @@net_write_timeout AS net_write_timeout, @@performance_schema AS performance_schema, @@sql_mode AS sql_mode, @@system_time_zone AS system_time_zone, @@time_zone AS time_zone, @@transaction_isolation AS transaction_isolation, @@wait_timeout AS wait_timeout
2026-01-17T04:44:18.896224Z	   90 Query	SET character_set_results = NULL
2026-01-17T04:44:18.898256Z	   90 Query	SET autocommit=1
2026-01-17T04:44:18.899565Z	   90 Query	SELECT @@session.transaction_read_only
2026-01-17T04:44:18.937564Z	   91 Connect	root@172.24.0.1 on spring_batch using TCP/IP
2026-01-17T04:44:18.939336Z	   91 Query	/* mysql-connector-j-9.5.0 (Revision: a7b3c94f50efbddb9f0dd69b3e0d1aaa25305cd6) */SELECT  @@session.auto_increment_increment AS auto_increment_increment, @@character_set_client AS character_set_client, @@character_set_connection AS character_set_connection, @@character_set_results AS character_set_results, @@character_set_server AS character_set_server, @@collation_server AS collation_server, @@collation_connection AS collation_connection, @@init_connect AS init_connect, @@interactive_timeout AS interactive_timeout, @@license AS license, @@lower_case_table_names AS lower_case_table_names, @@max_allowed_packet AS max_allowed_packet, @@net_write_timeout AS net_write_timeout, @@performance_schema AS performance_schema, @@sql_mode AS sql_mode, @@system_time_zone AS system_time_zone, @@time_zone AS time_zone, @@transaction_isolation AS transaction_isolation, @@wait_timeout AS wait_timeout
2026-01-17T04:44:18.940635Z	   91 Query	SET character_set_results = NULL
2026-01-17T04:44:18.941611Z	   91 Query	SET autocommit=1
2026-01-17T04:44:18.942631Z	   91 Query	SELECT @@session.transaction_read_only
2026-01-17T04:44:18.980775Z	   92 Connect	root@172.24.0.1 on spring_batch using TCP/IP
2026-01-17T04:44:18.982193Z	   92 Query	/* mysql-connector-j-9.5.0 (Revision: a7b3c94f50efbddb9f0dd69b3e0d1aaa25305cd6) */SELECT  @@session.auto_increment_increment AS auto_increment_increment, @@character_set_client AS character_set_client, @@character_set_connection AS character_set_connection, @@character_set_results AS character_set_results, @@character_set_server AS character_set_server, @@collation_server AS collation_server, @@collation_connection AS collation_connection, @@init_connect AS init_connect, @@interactive_timeout AS interactive_timeout, @@license AS license, @@lower_case_table_names AS lower_case_table_names, @@max_allowed_packet AS max_allowed_packet, @@net_write_timeout AS net_write_timeout, @@performance_schema AS performance_schema, @@sql_mode AS sql_mode, @@system_time_zone AS system_time_zone, @@time_zone AS time_zone, @@transaction_isolation AS transaction_isolation, @@wait_timeout AS wait_timeout
2026-01-17T04:44:18.983441Z	   92 Query	SET character_set_results = NULL
2026-01-17T04:44:18.984624Z	   92 Query	SET autocommit=1
2026-01-17T04:44:18.985705Z	   92 Query	SELECT @@session.transaction_read_only
2026-01-17T04:44:19.023534Z	   93 Connect	root@172.24.0.1 on spring_batch using TCP/IP
2026-01-17T04:44:19.024820Z	   93 Query	/* mysql-connector-j-9.5.0 (Revision: a7b3c94f50efbddb9f0dd69b3e0d1aaa25305cd6) */SELECT  @@session.auto_increment_increment AS auto_increment_increment, @@character_set_client AS character_set_client, @@character_set_connection AS character_set_connection, @@character_set_results AS character_set_results, @@character_set_server AS character_set_server, @@collation_server AS collation_server, @@collation_connection AS collation_connection, @@init_connect AS init_connect, @@interactive_timeout AS interactive_timeout, @@license AS license, @@lower_case_table_names AS lower_case_table_names, @@max_allowed_packet AS max_allowed_packet, @@net_write_timeout AS net_write_timeout, @@performance_schema AS performance_schema, @@sql_mode AS sql_mode, @@system_time_zone AS system_time_zone, @@time_zone AS time_zone, @@transaction_isolation AS transaction_isolation, @@wait_timeout AS wait_timeout
2026-01-17T04:44:19.026655Z	   93 Query	SET character_set_results = NULL
2026-01-17T04:44:19.027744Z	   93 Query	SET autocommit=1
2026-01-17T04:44:19.028760Z	   93 Query	SELECT @@session.transaction_read_only
2026-01-17T04:44:19.050150Z	   84 Query	SELECT @@session.transaction_read_only
2026-01-17T04:44:19.051531Z	   84 Query	drop table if exists payment
2026-01-17T04:44:19.064715Z	   84 Query	SELECT @@session.transaction_read_only
2026-01-17T04:44:19.065627Z	   84 Query	drop table if exists payment_source
2026-01-17T04:44:19.076716Z	   84 Query	SELECT @@session.transaction_read_only
2026-01-17T04:44:19.077998Z	   84 Query	create table payment (currency decimal(38,2) not null, payment_date date not null, id bigint not null auto_increment, amount varchar(255) not null, status varchar(255) not null, primary key (id)) engine=InnoDB
2026-01-17T04:44:19.094581Z	   84 Query	SELECT @@session.transaction_read_only
2026-01-17T04:44:19.095650Z	   84 Query	create table payment_source (discount_amount decimal(38,2) not null, final_amount decimal(38,2) not null, original_amount decimal(38,2) not null, id bigint not null auto_increment, partner_corp_name varchar(100) not null, primary key (id)) engine=InnoDB
2026-01-17T04:44:19.285116Z	   84 Query	SET autocommit=0
2026-01-17T04:44:19.293681Z	   84 Query	SELECT JOB_INSTANCE_ID, JOB_NAME
FROM BATCH_JOB_INSTANCE
WHERE JOB_NAME = 'paymentReportJob'
 AND JOB_KEY = 'a2469ba6310590111b522ccc4ea82d32'
2026-01-17T04:44:19.296082Z	   84 Query	COMMIT
2026-01-17T04:44:19.297274Z	   84 Query	SET autocommit=1
2026-01-17T04:44:19.299904Z	   84 Query	SELECT JOB_INSTANCE_ID, JOB_NAME
FROM BATCH_JOB_INSTANCE I1
WHERE I1.JOB_NAME = 'paymentReportJob' AND I1.JOB_INSTANCE_ID = (SELECT MAX(I2.JOB_INSTANCE_ID) FROM BATCH_JOB_INSTANCE I2 WHERE I2.JOB_NAME = 'paymentReportJob')
2026-01-17T04:44:19.302779Z	   84 Query	SELECT JOB_EXECUTION_ID, START_TIME, END_TIME, STATUS, EXIT_CODE, EXIT_MESSAGE, CREATE_TIME, LAST_UPDATED, VERSION
FROM BATCH_JOB_EXECUTION
 WHERE JOB_INSTANCE_ID = 5 AND JOB_EXECUTION_ID IN (SELECT MAX(JOB_EXECUTION_ID) FROM BATCH_JOB_EXECUTION E2 WHERE E2.JOB_INSTANCE_ID = 5)
2026-01-17T04:44:19.304779Z	   84 Query	SELECT JOB_EXECUTION_ID, PARAMETER_NAME, PARAMETER_TYPE, PARAMETER_VALUE, IDENTIFYING
FROM BATCH_JOB_EXECUTION_PARAMS
WHERE JOB_EXECUTION_ID = 5
2026-01-17T04:44:19.307599Z	   84 Query	SELECT JI.JOB_INSTANCE_ID, JOB_NAME, JOB_KEY, JI.VERSION
FROM BATCH_JOB_INSTANCE JI, BATCH_JOB_EXECUTION JE
WHERE JOB_EXECUTION_ID = 5 AND JI.JOB_INSTANCE_ID = JE.JOB_INSTANCE_ID
2026-01-17T04:44:19.309462Z	   84 Query	SELECT STEP_EXECUTION_ID, STEP_NAME, START_TIME, END_TIME, STATUS, COMMIT_COUNT, READ_COUNT, FILTER_COUNT, WRITE_COUNT, EXIT_CODE, EXIT_MESSAGE, READ_SKIP_COUNT, WRITE_SKIP_COUNT, PROCESS_SKIP_COUNT, ROLLBACK_COUNT, LAST_UPDATED, VERSION, CREATE_TIME
FROM BATCH_STEP_EXECUTION
 WHERE JOB_EXECUTION_ID = 5 ORDER BY STEP_EXECUTION_ID
2026-01-17T04:44:19.311823Z	   84 Query	SELECT SHORT_CONTEXT, SERIALIZED_CONTEXT
FROM BATCH_JOB_EXECUTION_CONTEXT
WHERE JOB_EXECUTION_ID = 5
2026-01-17T04:44:19.315299Z	   84 Query	SELECT SHORT_CONTEXT, SERIALIZED_CONTEXT
FROM BATCH_STEP_EXECUTION_CONTEXT
WHERE STEP_EXECUTION_ID = 5
2026-01-17T04:44:19.317713Z	   84 Query	SELECT @@session.transaction_isolation
2026-01-17T04:44:19.319321Z	   84 Query	SET SESSION TRANSACTION ISOLATION LEVEL SERIALIZABLE
2026-01-17T04:44:19.320530Z	   84 Query	SET autocommit=0
2026-01-17T04:44:19.322218Z	   84 Query	SELECT JOB_INSTANCE_ID, JOB_NAME
FROM BATCH_JOB_INSTANCE
WHERE JOB_NAME = 'paymentReportJob'
 AND JOB_KEY = 'f1e41cf328c03ba6adbe16e67fd42e8c'
2026-01-17T04:44:19.324167Z	   84 Query	COMMIT
2026-01-17T04:44:19.325385Z	   84 Query	SET autocommit=1
2026-01-17T04:44:19.326760Z	   84 Query	SET SESSION TRANSACTION ISOLATION LEVEL REPEATABLE READ
2026-01-17T04:44:19.328178Z	   84 Query	SELECT @@session.transaction_isolation
2026-01-17T04:44:19.329427Z	   84 Query	SET SESSION TRANSACTION ISOLATION LEVEL SERIALIZABLE
2026-01-17T04:44:19.330812Z	   84 Query	SET autocommit=0
2026-01-17T04:44:19.332408Z	   84 Query	SELECT JOB_INSTANCE_ID, JOB_NAME
FROM BATCH_JOB_INSTANCE
WHERE JOB_NAME = 'paymentReportJob'
 AND JOB_KEY = 'f1e41cf328c03ba6adbe16e67fd42e8c'
2026-01-17T04:44:19.334204Z	   84 Query	SELECT JOB_INSTANCE_ID, JOB_NAME
FROM BATCH_JOB_INSTANCE
WHERE JOB_NAME = 'paymentReportJob'
 AND JOB_KEY = 'f1e41cf328c03ba6adbe16e67fd42e8c'
2026-01-17T04:44:19.336641Z	   85 Query	SET autocommit=0
2026-01-17T04:44:19.339856Z	   85 Query	update BATCH_JOB_SEQ set ID = last_insert_id(ID + 1) limit 1
2026-01-17T04:44:19.341442Z	   85 Query	select last_insert_id()
2026-01-17T04:44:19.343030Z	   85 Query	COMMIT
2026-01-17T04:44:19.346152Z	   85 Query	SET autocommit=1
2026-01-17T04:44:19.348495Z	   84 Query	INSERT INTO BATCH_JOB_INSTANCE(JOB_INSTANCE_ID, JOB_NAME, JOB_KEY, VERSION)
	VALUES (6, 'paymentReportJob', 'f1e41cf328c03ba6adbe16e67fd42e8c', 0)
2026-01-17T04:44:19.349934Z	   85 Query	SET autocommit=0
2026-01-17T04:44:19.351161Z	   85 Query	update BATCH_JOB_EXECUTION_SEQ set ID = last_insert_id(ID + 1) limit 1
2026-01-17T04:44:19.354413Z	   85 Query	select last_insert_id()
2026-01-17T04:44:19.355925Z	   85 Query	COMMIT
2026-01-17T04:44:19.358069Z	   85 Query	SET autocommit=1
2026-01-17T04:44:19.365081Z	   84 Query	INSERT INTO BATCH_JOB_EXECUTION(JOB_EXECUTION_ID, JOB_INSTANCE_ID, START_TIME, END_TIME, STATUS, EXIT_CODE, EXIT_MESSAGE, VERSION, CREATE_TIME, LAST_UPDATED)
	VALUES (6, 6, null, null, 'STARTING', 'UNKNOWN', '', 0, '2026-01-17 13:44:19.345833', '2026-01-17 13:44:19.345848')
2026-01-17T04:44:19.368009Z	   84 Query	SELECT @@session.transaction_read_only
2026-01-17T04:44:19.369396Z	   84 Query	INSERT INTO BATCH_JOB_EXECUTION_PARAMS(JOB_EXECUTION_ID, PARAMETER_NAME, PARAMETER_TYPE, PARAMETER_VALUE, IDENTIFYING)
	VALUES (6, 'run.id', 'java.lang.Long', '3', 'Y')
2026-01-17T04:44:19.370832Z	   84 Query	INSERT INTO BATCH_JOB_EXECUTION_PARAMS(JOB_EXECUTION_ID, PARAMETER_NAME, PARAMETER_TYPE, PARAMETER_VALUE, IDENTIFYING)
	VALUES (6, '-job.name', 'java.lang.String', 'paymentReportJob', 'Y')
2026-01-17T04:44:19.373013Z	   84 Query	INSERT INTO BATCH_JOB_EXECUTION_CONTEXT (SHORT_CONTEXT, SERIALIZED_CONTEXT, JOB_EXECUTION_ID)
	VALUES('rO0ABXNyABFqYXZhLnV0aWwuSGFzaE1hcAUH2sHDFmDRAwACRgAKbG9hZEZhY3RvckkACXRocmVzaG9sZHhwP0AAAAAAAAB3CAAAABAAAAAAeA==', null, 6)
2026-01-17T04:44:19.374536Z	   84 Query	COMMIT
2026-01-17T04:44:19.378059Z	   84 Query	SET autocommit=1
2026-01-17T04:44:19.379638Z	   84 Query	SET SESSION TRANSACTION ISOLATION LEVEL REPEATABLE READ
2026-01-17T04:44:19.385408Z	   84 Query	SET autocommit=0
2026-01-17T04:44:19.387440Z	   84 Query	SELECT VERSION
FROM BATCH_JOB_EXECUTION
WHERE JOB_EXECUTION_ID=6
2026-01-17T04:44:19.389543Z	   84 Query	SELECT COUNT(*)
FROM BATCH_JOB_EXECUTION
WHERE JOB_EXECUTION_ID = 6
2026-01-17T04:44:19.391553Z	   84 Query	UPDATE BATCH_JOB_EXECUTION
SET START_TIME = '2026-01-17 13:44:19.38115', END_TIME = null,  STATUS = 'STARTED', EXIT_CODE = 'UNKNOWN', EXIT_MESSAGE = '', VERSION = VERSION + 1, CREATE_TIME = '2026-01-17 13:44:19.345833', LAST_UPDATED = '2026-01-17 13:44:19.382722'
WHERE JOB_EXECUTION_ID = 6 AND VERSION = 0
2026-01-17T04:44:19.392976Z	   84 Query	COMMIT
2026-01-17T04:44:19.395969Z	   84 Query	SET autocommit=1
2026-01-17T04:44:19.397497Z	   84 Query	SET autocommit=0
2026-01-17T04:44:19.399334Z	   84 Query	SELECT SE.STEP_EXECUTION_ID, SE.STEP_NAME, SE.START_TIME, SE.END_TIME, SE.STATUS, SE.COMMIT_COUNT, SE.READ_COUNT, SE.FILTER_COUNT, SE.WRITE_COUNT, SE.EXIT_CODE, SE.EXIT_MESSAGE, SE.READ_SKIP_COUNT, SE.WRITE_SKIP_COUNT, SE.PROCESS_SKIP_COUNT, SE.ROLLBACK_COUNT, SE.LAST_UPDATED, SE.VERSION, SE.CREATE_TIME, JE.JOB_EXECUTION_ID, JE.START_TIME, JE.END_TIME, JE.STATUS, JE.EXIT_CODE, JE.EXIT_MESSAGE, JE.CREATE_TIME, JE.LAST_UPDATED, JE.VERSION
FROM BATCH_JOB_EXECUTION JE
	JOIN BATCH_STEP_EXECUTION SE ON SE.JOB_EXECUTION_ID = JE.JOB_EXECUTION_ID
WHERE JE.JOB_INSTANCE_ID = 6 AND SE.STEP_NAME = 'paymentReportStep'
2026-01-17T04:44:19.401527Z	   84 Query	COMMIT
2026-01-17T04:44:19.402510Z	   84 Query	SET autocommit=1
2026-01-17T04:44:19.403808Z	   84 Query	SET autocommit=0
2026-01-17T04:44:19.405418Z	   84 Query	SELECT COUNT(*)
FROM BATCH_JOB_EXECUTION JE
	JOIN BATCH_STEP_EXECUTION SE ON SE.JOB_EXECUTION_ID = JE.JOB_EXECUTION_ID
WHERE JE.JOB_INSTANCE_ID = 6 AND SE.STEP_NAME = 'paymentReportStep'
2026-01-17T04:44:19.406912Z	   84 Query	COMMIT
2026-01-17T04:44:19.408171Z	   84 Query	SET autocommit=1
2026-01-17T04:44:19.409618Z	   84 Query	SET autocommit=0
2026-01-17T04:44:19.410811Z	   85 Query	SET autocommit=0
2026-01-17T04:44:19.412097Z	   85 Query	update BATCH_STEP_EXECUTION_SEQ set ID = last_insert_id(ID + 1) limit 1
2026-01-17T04:44:19.413476Z	   85 Query	select last_insert_id()
2026-01-17T04:44:19.414781Z	   85 Query	COMMIT
2026-01-17T04:44:19.417657Z	   85 Query	SET autocommit=1
2026-01-17T04:44:19.419455Z	   84 Query	INSERT INTO BATCH_STEP_EXECUTION(STEP_EXECUTION_ID, VERSION, STEP_NAME, JOB_EXECUTION_ID, START_TIME, END_TIME, STATUS, COMMIT_COUNT, READ_COUNT, FILTER_COUNT, WRITE_COUNT, EXIT_CODE, EXIT_MESSAGE, READ_SKIP_COUNT, WRITE_SKIP_COUNT, PROCESS_SKIP_COUNT, ROLLBACK_COUNT, LAST_UPDATED, CREATE_TIME)
	VALUES (6, 0, 'paymentReportStep', 6, null, null, 'STARTING', 0, 0, 0, 0, 'EXECUTING', '', 0, 0, 0, 0, '2026-01-17 13:44:19.406798', '2026-01-17 13:44:19.405466')
2026-01-17T04:44:19.421027Z	   84 Query	INSERT INTO BATCH_STEP_EXECUTION_CONTEXT (SHORT_CONTEXT, SERIALIZED_CONTEXT, STEP_EXECUTION_ID)
	VALUES('rO0ABXNyABFqYXZhLnV0aWwuSGFzaE1hcAUH2sHDFmDRAwACRgAKbG9hZEZhY3RvckkACXRocmVzaG9sZHhwP0AAAAAAAAB3CAAAABAAAAAAeA==', null, 6)
2026-01-17T04:44:19.422389Z	   84 Query	COMMIT
2026-01-17T04:44:19.424778Z	   84 Query	SET autocommit=1
2026-01-17T04:44:19.427255Z	   84 Query	SET autocommit=0
2026-01-17T04:44:19.429276Z	   84 Query	UPDATE BATCH_STEP_EXECUTION
SET START_TIME = '2026-01-17 13:44:19.422398', END_TIME = null, STATUS = 'STARTED', COMMIT_COUNT = 0, READ_COUNT = 0, FILTER_COUNT = 0, WRITE_COUNT = 0, EXIT_CODE = 'EXECUTING', EXIT_MESSAGE = '', VERSION = VERSION + 1, READ_SKIP_COUNT = 0, PROCESS_SKIP_COUNT = 0, WRITE_SKIP_COUNT = 0, ROLLBACK_COUNT = 0, LAST_UPDATED = '2026-01-17 13:44:19.42457'
WHERE STEP_EXECUTION_ID = 6 AND VERSION = 0
2026-01-17T04:44:19.431051Z	   84 Query	SELECT VERSION
FROM BATCH_JOB_EXECUTION
WHERE JOB_EXECUTION_ID=6
2026-01-17T04:44:19.432425Z	   84 Query	COMMIT
2026-01-17T04:44:19.434778Z	   84 Query	SET autocommit=1
2026-01-17T04:44:19.437292Z	   84 Query	SET autocommit=0
2026-01-17T04:44:19.438939Z	   84 Query	UPDATE BATCH_STEP_EXECUTION_CONTEXT
SET SHORT_CONTEXT = 'rO0ABXNyABFqYXZhLnV0aWwuSGFzaE1hcAUH2sHDFmDRAwACRgAKbG9hZEZhY3RvckkACXRocmVzaG9sZHhwP0AAAAAAAAx3CAAAABAAAAAEdAAecGF5bWVudFJlcG9ydFJlYWRlci5yZWFkLmNvdW50c3IAEWphdmEubGFuZy5JbnRlZ2VyEuKgpPeBhzgCAAFJAAV2YWx1ZXhyABBqYXZhLmxhbmcuTnVtYmVyhqyVHQuU4IsCAAB4cAAAAAB0ABFiYXRjaC50YXNrbGV0VHlwZXQAPW9yZy5zcHJpbmdmcmFtZXdvcmsuYmF0Y2guY29yZS5zdGVwLml0ZW0uQ2h1bmtPcmllbnRlZFRhc2tsZXR0AA1iYXRjaC52ZXJzaW9udAAFNS4yLjR0AA5iYXRjaC5zdGVwVHlwZXQAN29yZy5zcHJpbmdmcmFtZXdvcmsuYmF0Y2guY29yZS5zdGVwLnRhc2tsZXQuVGFza2xldFN0ZXB4', SERIALIZED_CONTEXT = null
WHERE STEP_EXECUTION_ID = 6
2026-01-17T04:44:19.440362Z	   84 Query	COMMIT
2026-01-17T04:44:19.443316Z	   84 Query	SET autocommit=1
2026-01-17T04:44:19.446173Z	   84 Query	SET autocommit=0
2026-01-17T04:44:19.448408Z	   85 Query	SET autocommit=0
2026-01-17T04:44:19.558538Z	   85 Query	select ps1_0.id,ps1_0.discount_amount,ps1_0.final_amount,ps1_0.original_amount,ps1_0.partner_corp_name from payment_source ps1_0 limit 0,10
2026-01-17T04:44:19.567801Z	   85 Query	COMMIT
2026-01-17T04:44:19.569177Z	   85 Query	SET autocommit=1
2026-01-17T04:44:19.572403Z	   84 Query	UPDATE BATCH_STEP_EXECUTION_CONTEXT
SET SHORT_CONTEXT = 'rO0ABXNyABFqYXZhLnV0aWwuSGFzaE1hcAUH2sHDFmDRAwACRgAKbG9hZEZhY3RvckkACXRocmVzaG9sZHhwP0AAAAAAAAx3CAAAABAAAAAEdAAecGF5bWVudFJlcG9ydFJlYWRlci5yZWFkLmNvdW50c3IAEWphdmEubGFuZy5JbnRlZ2VyEuKgpPeBhzgCAAFJAAV2YWx1ZXhyABBqYXZhLmxhbmcuTnVtYmVyhqyVHQuU4IsCAAB4cAAAAAF0ABFiYXRjaC50YXNrbGV0VHlwZXQAPW9yZy5zcHJpbmdmcmFtZXdvcmsuYmF0Y2guY29yZS5zdGVwLml0ZW0uQ2h1bmtPcmllbnRlZFRhc2tsZXR0AA1iYXRjaC52ZXJzaW9udAAFNS4yLjR0AA5iYXRjaC5zdGVwVHlwZXQAN29yZy5zcHJpbmdmcmFtZXdvcmsuYmF0Y2guY29yZS5zdGVwLnRhc2tsZXQuVGFza2xldFN0ZXB4', SERIALIZED_CONTEXT = null
WHERE STEP_EXECUTION_ID = 6
2026-01-17T04:44:19.574475Z	   84 Query	UPDATE BATCH_STEP_EXECUTION
SET START_TIME = '2026-01-17 13:44:19.422398', END_TIME = null, STATUS = 'STARTED', COMMIT_COUNT = 1, READ_COUNT = 0, FILTER_COUNT = 0, WRITE_COUNT = 0, EXIT_CODE = 'EXECUTING', EXIT_MESSAGE = '', VERSION = VERSION + 1, READ_SKIP_COUNT = 0, PROCESS_SKIP_COUNT = 0, WRITE_SKIP_COUNT = 0, ROLLBACK_COUNT = 0, LAST_UPDATED = '2026-01-17 13:44:19.569972'
WHERE STEP_EXECUTION_ID = 6 AND VERSION = 1
2026-01-17T04:44:19.576221Z	   84 Query	SELECT VERSION
FROM BATCH_JOB_EXECUTION
WHERE JOB_EXECUTION_ID=6
2026-01-17T04:44:19.577554Z	   84 Query	COMMIT
2026-01-17T04:44:19.580194Z	   84 Query	SET autocommit=1
2026-01-17T04:44:19.582188Z	   84 Query	SET autocommit=0
2026-01-17T04:44:19.583708Z	   84 Query	UPDATE BATCH_STEP_EXECUTION_CONTEXT
SET SHORT_CONTEXT = 'rO0ABXNyABFqYXZhLnV0aWwuSGFzaE1hcAUH2sHDFmDRAwACRgAKbG9hZEZhY3RvckkACXRocmVzaG9sZHhwP0AAAAAAAAx3CAAAABAAAAAEdAAecGF5bWVudFJlcG9ydFJlYWRlci5yZWFkLmNvdW50c3IAEWphdmEubGFuZy5JbnRlZ2VyEuKgpPeBhzgCAAFJAAV2YWx1ZXhyABBqYXZhLmxhbmcuTnVtYmVyhqyVHQuU4IsCAAB4cAAAAAF0ABFiYXRjaC50YXNrbGV0VHlwZXQAPW9yZy5zcHJpbmdmcmFtZXdvcmsuYmF0Y2guY29yZS5zdGVwLml0ZW0uQ2h1bmtPcmllbnRlZFRhc2tsZXR0AA1iYXRjaC52ZXJzaW9udAAFNS4yLjR0AA5iYXRjaC5zdGVwVHlwZXQAN29yZy5zcHJpbmdmcmFtZXdvcmsuYmF0Y2guY29yZS5zdGVwLnRhc2tsZXQuVGFza2xldFN0ZXB4', SERIALIZED_CONTEXT = null
WHERE STEP_EXECUTION_ID = 6
2026-01-17T04:44:19.584961Z	   84 Query	COMMIT
2026-01-17T04:44:19.586202Z	   84 Query	SET autocommit=1
2026-01-17T04:44:19.587480Z	   84 Query	SET autocommit=0
2026-01-17T04:44:19.589230Z	   84 Query	UPDATE BATCH_STEP_EXECUTION
SET START_TIME = '2026-01-17 13:44:19.422398', END_TIME = '2026-01-17 13:44:19.577783', STATUS = 'COMPLETED', COMMIT_COUNT = 1, READ_COUNT = 0, FILTER_COUNT = 0, WRITE_COUNT = 0, EXIT_CODE = 'COMPLETED', EXIT_MESSAGE = '', VERSION = VERSION + 1, READ_SKIP_COUNT = 0, PROCESS_SKIP_COUNT = 0, WRITE_SKIP_COUNT = 0, ROLLBACK_COUNT = 0, LAST_UPDATED = '2026-01-17 13:44:19.584697'
WHERE STEP_EXECUTION_ID = 6 AND VERSION = 2
2026-01-17T04:44:19.591041Z	   84 Query	SELECT VERSION
FROM BATCH_JOB_EXECUTION
WHERE JOB_EXECUTION_ID=6
2026-01-17T04:44:19.592364Z	   84 Query	COMMIT
2026-01-17T04:44:19.594518Z	   84 Query	SET autocommit=1
2026-01-17T04:44:19.595847Z	   85 Query	SET autocommit=0
2026-01-17T04:44:19.597250Z	   85 Query	UPDATE BATCH_JOB_EXECUTION_CONTEXT
SET SHORT_CONTEXT = 'rO0ABXNyABFqYXZhLnV0aWwuSGFzaE1hcAUH2sHDFmDRAwACRgAKbG9hZEZhY3RvckkACXRocmVzaG9sZHhwP0AAAAAAAAx3CAAAABAAAAABdAANYmF0Y2gudmVyc2lvbnQABTUuMi40eA==', SERIALIZED_CONTEXT = null
WHERE JOB_EXECUTION_ID = 6
2026-01-17T04:44:19.598501Z	   85 Query	COMMIT
2026-01-17T04:44:19.601041Z	   85 Query	SET autocommit=1
2026-01-17T04:44:19.602560Z	   85 Query	SET autocommit=0
2026-01-17T04:44:19.603728Z	   85 Query	SELECT VERSION
FROM BATCH_JOB_EXECUTION
WHERE JOB_EXECUTION_ID=6
2026-01-17T04:44:19.604957Z	   85 Query	SELECT COUNT(*)
FROM BATCH_JOB_EXECUTION
WHERE JOB_EXECUTION_ID = 6
2026-01-17T04:44:19.606443Z	   85 Query	UPDATE BATCH_JOB_EXECUTION
SET START_TIME = '2026-01-17 13:44:19.38115', END_TIME = '2026-01-17 13:44:19.598446',  STATUS = 'COMPLETED', EXIT_CODE = 'COMPLETED', EXIT_MESSAGE = '', VERSION = VERSION + 1, CREATE_TIME = '2026-01-17 13:44:19.345833', LAST_UPDATED = '2026-01-17 13:44:19.599639'
WHERE JOB_EXECUTION_ID = 6 AND VERSION = 1
2026-01-17T04:44:19.607678Z	   85 Query	COMMIT
2026-01-17T04:44:19.609850Z	   85 Query	SET autocommit=1
2026-01-17T04:44:19.617597Z	   84 Quit	
2026-01-17T04:44:19.618642Z	   87 Quit	
2026-01-17T04:44:19.618662Z	   90 Quit	
2026-01-17T04:44:19.618671Z	   92 Quit	
2026-01-17T04:44:19.618679Z	   88 Quit	
2026-01-17T04:44:19.618684Z	   86 Quit	
2026-01-17T04:44:19.618686Z	   85 Quit	
2026-01-17T04:44:19.618686Z	   93 Quit	
2026-01-17T04:44:19.618692Z	   91 Quit	
2026-01-17T04:44:19.618698Z	   89 Quit	
2026-01-17T04:44:43.405945Z	   51 Query	SELECT @@session.transaction_isolation
2026-01-17T04:44:43.411105Z	   51 Query	/* ApplicationName=IntelliJ IDEA 2025.1.3 */ SET SESSION TRANSACTION READ WRITE
2026-01-17T04:44:43.415361Z	   51 Query	SELECT @@session.transaction_read_only
2026-01-17T04:44:43.422631Z	   51 Query	/* ApplicationName=IntelliJ IDEA 2025.1.3 */ SET sql_select_limit=DEFAULT
2026-01-17T04:44:43.425368Z	   51 Query	/* ApplicationName=IntelliJ IDEA 2025.1.3 */ select database()
2026-01-17T04:44:43.431874Z	   51 Query	/* ApplicationName=IntelliJ IDEA 2025.1.3 */ SET net_write_timeout=600
2026-01-17T04:44:43.433187Z	   51 Query	/* ApplicationName=IntelliJ IDEA 2025.1.3 */ SET sql_select_limit=501
2026-01-17T04:44:43.434397Z	   51 Query	/* ApplicationName=IntelliJ IDEA 2025.1.3 */ select ps1_0.id,ps1_0.discount_amount,ps1_0.final_amount,ps1_0.original_amount,ps1_0.partner_corp_name from payment_source ps1_0 limit 0,10
2026-01-17T04:44:43.717108Z	   51 Query	SELECT @@session.transaction_isolation
2026-01-17T04:45:09.575125Z	   51 Query	SELECT @@session.transaction_isolation
2026-01-17T04:45:09.578375Z	   51 Query	/* ApplicationName=IntelliJ IDEA 2025.1.3 */ SET SESSION TRANSACTION READ WRITE
2026-01-17T04:45:09.585687Z	   51 Query	SELECT @@session.transaction_read_only
2026-01-17T04:45:09.593548Z	   51 Query	SELECT @@session.transaction_read_only
2026-01-17T04:45:09.597035Z	   51 Query	/* ApplicationName=IntelliJ IDEA 2025.1.3 */ SET net_write_timeout=600
2026-01-17T04:45:09.602208Z	   51 Query	/* ApplicationName=IntelliJ IDEA 2025.1.3 */ SET sql_select_limit=DEFAULT
2026-01-17T04:45:09.604615Z	   51 Query	/* ApplicationName=IntelliJ IDEA 2025.1.3 */ INSERT INTO payment_source (discount_amount, final_amount, original_amount, partner_corp_name, payment_date)
VALUES (100.00, 900.00, 1000.00, 'Partner Corp 1', '2025-05-01'),
       (150.00, 1850.00, 2000.00, 'Partner Corp 2', '2025-05-01'),
       (200.00, 2800.00, 3000.00, 'Partner Corp 3', '2025-05-01'),
       (250.00, 3750.00, 4000.00, 'Partner Corp 4', '2025-05-01'),
       (300.00, 4700.00, 5000.00, 'Partner Corp 5', '2025-05-01'),
       (350.00, 5650.00, 6000.00, 'Partner Corp 6', '2025-05-01'),
       (400.00, 6600.00, 7000.00, 'Partner Corp 7', '2025-05-01'),
       (450.00, 7550.00, 8000.00, 'Partner Corp 8', '2025-05-01'),
       (500.00, 8500.00, 9000.00, 'Partner Corp 9', '2025-05-01'),
       (550.00, 9450.00, 10000.00, 'Partner Corp 10', '2025-05-01'),
       (600.00, 10400.00, 11000.00, 'Partner Corp 11', '2025-05-01'),
       (650.00, 11350.00, 12000.00, 'Partner Corp 12', '2025-05-01'),
       (700.00, 12300.00, 13000.00, 'Partner Corp 13', '2025-05-01'),
       (750.00, 13250.00, 14000.00, 'Partner Corp 14', '2025-05-01'),
       (800.00, 14200.00, 15000.00, 'Partner Corp 15', '2025-05-01'),
       (850.00, 15150.00, 16000.00, 'Partner Corp 16', '2025-05-01'),
       (900.00, 16100.00, 17000.00, 'Partner Corp 17', '2025-05-01'),
       (950.00, 17050.00, 18000.00, 'Partner Corp 18', '2025-05-01'),
       (1000.00, 18000.00, 19000.00, 'Partner Corp 19', '2025-05-01'),
       (1050.00, 18950.00, 20000.00, 'Partner Corp 20', '2025-05-01')
2026-01-17T04:45:09.931559Z	   51 Query	/* ApplicationName=IntelliJ IDEA 2025.1.3 */ select database()
2026-01-17T04:45:09.946344Z	   51 Query	SELECT @@session.transaction_isolation
2026-01-17T04:45:40.515077Z	   94 Connect	root@172.24.0.1 on  using SSL/TLS
2026-01-17T04:45:40.518068Z	   94 Query	/* mysql-connector-j-9.5.0 (Revision: a7b3c94f50efbddb9f0dd69b3e0d1aaa25305cd6) */SELECT  @@session.auto_increment_increment AS auto_increment_increment, @@character_set_client AS character_set_client, @@character_set_connection AS character_set_connection, @@character_set_results AS character_set_results, @@character_set_server AS character_set_server, @@collation_server AS collation_server, @@collation_connection AS collation_connection, @@init_connect AS init_connect, @@interactive_timeout AS interactive_timeout, @@license AS license, @@lower_case_table_names AS lower_case_table_names, @@max_allowed_packet AS max_allowed_packet, @@net_write_timeout AS net_write_timeout, @@performance_schema AS performance_schema, @@sql_mode AS sql_mode, @@system_time_zone AS system_time_zone, @@time_zone AS time_zone, @@transaction_isolation AS transaction_isolation, @@wait_timeout AS wait_timeout
2026-01-17T04:45:40.524970Z	   94 Query	SET autocommit=1
2026-01-17T04:45:40.529108Z	   94 Query	select version(), @@version_comment, database()
2026-01-17T04:45:40.532293Z	   94 Query	show variables like 'aurora\_version'
2026-01-17T04:45:40.549053Z	   94 Query	/* ApplicationName=IntelliJ IDEA 2025.1.3 */ SET SESSION TRANSACTION READ WRITE
2026-01-17T04:45:40.552558Z	   94 Query	/* ApplicationName=IntelliJ IDEA 2025.1.3 */ use spring_batch
2026-01-17T04:45:40.555634Z	   94 Query	SELECT @@session.transaction_read_only
2026-01-17T04:45:40.561744Z	   94 Query	/* ApplicationName=IntelliJ IDEA 2025.1.3 */ select database()
2026-01-17T04:45:40.567634Z	   94 Query	/* ApplicationName=IntelliJ IDEA 2025.1.3 */ SET net_write_timeout=600
2026-01-17T04:45:40.568752Z	   94 Query	/* ApplicationName=IntelliJ IDEA 2025.1.3 */ SET sql_select_limit=501
2026-01-17T04:45:40.569924Z	   94 Query	/* ApplicationName=IntelliJ IDEA 2025.1.3 */ SELECT t.*
FROM spring_batch.payment t
LIMIT 501
2026-01-17T04:45:40.723457Z	   94 Query	SELECT @@session.transaction_isolation
2026-01-17T04:45:57.297185Z	   94 Quit	
2026-01-17T04:45:57.385790Z	   95 Connect	root@172.24.0.1 on  using SSL/TLS
2026-01-17T04:45:57.388847Z	   95 Query	/* mysql-connector-j-9.5.0 (Revision: a7b3c94f50efbddb9f0dd69b3e0d1aaa25305cd6) */SELECT  @@session.auto_increment_increment AS auto_increment_increment, @@character_set_client AS character_set_client, @@character_set_connection AS character_set_connection, @@character_set_results AS character_set_results, @@character_set_server AS character_set_server, @@collation_server AS collation_server, @@collation_connection AS collation_connection, @@init_connect AS init_connect, @@interactive_timeout AS interactive_timeout, @@license AS license, @@lower_case_table_names AS lower_case_table_names, @@max_allowed_packet AS max_allowed_packet, @@net_write_timeout AS net_write_timeout, @@performance_schema AS performance_schema, @@sql_mode AS sql_mode, @@system_time_zone AS system_time_zone, @@time_zone AS time_zone, @@transaction_isolation AS transaction_isolation, @@wait_timeout AS wait_timeout
2026-01-17T04:45:57.391824Z	   95 Query	SET autocommit=1
2026-01-17T04:45:57.393631Z	   95 Query	select version(), @@version_comment, database()
2026-01-17T04:45:57.394965Z	   95 Query	show variables like 'aurora\_version'
2026-01-17T04:45:57.405929Z	   95 Query	/* ApplicationName=IntelliJ IDEA 2025.1.3 */ SET SESSION TRANSACTION READ WRITE
2026-01-17T04:45:57.409366Z	   95 Query	/* ApplicationName=IntelliJ IDEA 2025.1.3 */ use spring_batch
2026-01-17T04:45:57.412434Z	   95 Query	SELECT @@session.transaction_read_only
2026-01-17T04:45:57.418632Z	   95 Query	/* ApplicationName=IntelliJ IDEA 2025.1.3 */ select database()
2026-01-17T04:45:57.426472Z	   95 Query	/* ApplicationName=IntelliJ IDEA 2025.1.3 */ SET net_write_timeout=600
2026-01-17T04:45:57.427626Z	   95 Query	/* ApplicationName=IntelliJ IDEA 2025.1.3 */ SET sql_select_limit=501
2026-01-17T04:45:57.428648Z	   95 Query	/* ApplicationName=IntelliJ IDEA 2025.1.3 */ SELECT t.*
FROM spring_batch.payment_source t
LIMIT 501
2026-01-17T04:45:57.622812Z	   95 Query	SELECT @@session.transaction_isolation
2026-01-17T04:46:40.396002Z	   96 Connect	root@172.24.0.1 on spring_batch using TCP/IP
2026-01-17T04:46:40.406115Z	   96 Query	/* mysql-connector-j-9.5.0 (Revision: a7b3c94f50efbddb9f0dd69b3e0d1aaa25305cd6) */SELECT  @@session.auto_increment_increment AS auto_increment_increment, @@character_set_client AS character_set_client, @@character_set_connection AS character_set_connection, @@character_set_results AS character_set_results, @@character_set_server AS character_set_server, @@collation_server AS collation_server, @@collation_connection AS collation_connection, @@init_connect AS init_connect, @@interactive_timeout AS interactive_timeout, @@license AS license, @@lower_case_table_names AS lower_case_table_names, @@max_allowed_packet AS max_allowed_packet, @@net_write_timeout AS net_write_timeout, @@performance_schema AS performance_schema, @@sql_mode AS sql_mode, @@system_time_zone AS system_time_zone, @@time_zone AS time_zone, @@transaction_isolation AS transaction_isolation, @@wait_timeout AS wait_timeout
2026-01-17T04:46:40.413795Z	   96 Query	SET character_set_results = NULL
2026-01-17T04:46:40.416785Z	   96 Query	SET autocommit=1
2026-01-17T04:46:40.420457Z	   96 Query	SELECT @@session.transaction_read_only
2026-01-17T04:46:40.423528Z	   96 Query	SELECT @@session.transaction_isolation
2026-01-17T04:46:40.539663Z	   97 Connect	root@172.24.0.1 on spring_batch using TCP/IP
2026-01-17T04:46:40.543484Z	   97 Query	/* mysql-connector-j-9.5.0 (Revision: a7b3c94f50efbddb9f0dd69b3e0d1aaa25305cd6) */SELECT  @@session.auto_increment_increment AS auto_increment_increment, @@character_set_client AS character_set_client, @@character_set_connection AS character_set_connection, @@character_set_results AS character_set_results, @@character_set_server AS character_set_server, @@collation_server AS collation_server, @@collation_connection AS collation_connection, @@init_connect AS init_connect, @@interactive_timeout AS interactive_timeout, @@license AS license, @@lower_case_table_names AS lower_case_table_names, @@max_allowed_packet AS max_allowed_packet, @@net_write_timeout AS net_write_timeout, @@performance_schema AS performance_schema, @@sql_mode AS sql_mode, @@system_time_zone AS system_time_zone, @@time_zone AS time_zone, @@transaction_isolation AS transaction_isolation, @@wait_timeout AS wait_timeout
2026-01-17T04:46:40.547335Z	   97 Query	SET character_set_results = NULL
2026-01-17T04:46:40.549832Z	   97 Query	SET autocommit=1
2026-01-17T04:46:40.552222Z	   97 Query	SELECT @@session.transaction_read_only
2026-01-17T04:46:40.592352Z	   98 Connect	root@172.24.0.1 on spring_batch using TCP/IP
2026-01-17T04:46:40.595695Z	   98 Query	/* mysql-connector-j-9.5.0 (Revision: a7b3c94f50efbddb9f0dd69b3e0d1aaa25305cd6) */SELECT  @@session.auto_increment_increment AS auto_increment_increment, @@character_set_client AS character_set_client, @@character_set_connection AS character_set_connection, @@character_set_results AS character_set_results, @@character_set_server AS character_set_server, @@collation_server AS collation_server, @@collation_connection AS collation_connection, @@init_connect AS init_connect, @@interactive_timeout AS interactive_timeout, @@license AS license, @@lower_case_table_names AS lower_case_table_names, @@max_allowed_packet AS max_allowed_packet, @@net_write_timeout AS net_write_timeout, @@performance_schema AS performance_schema, @@sql_mode AS sql_mode, @@system_time_zone AS system_time_zone, @@time_zone AS time_zone, @@transaction_isolation AS transaction_isolation, @@wait_timeout AS wait_timeout
2026-01-17T04:46:40.598406Z	   98 Query	SET character_set_results = NULL
2026-01-17T04:46:40.600173Z	   96 Query	SELECT WORD FROM INFORMATION_SCHEMA.KEYWORDS WHERE RESERVED = 1 ORDER BY WORD
2026-01-17T04:46:40.601515Z	   98 Query	SET autocommit=1
2026-01-17T04:46:40.603321Z	   98 Query	SELECT @@session.transaction_read_only
2026-01-17T04:46:40.624657Z	   96 Query	SELECT @@character_set_database, @@sql_mode
2026-01-17T04:46:40.638799Z	   99 Connect	root@172.24.0.1 on spring_batch using TCP/IP
2026-01-17T04:46:40.641333Z	   99 Query	/* mysql-connector-j-9.5.0 (Revision: a7b3c94f50efbddb9f0dd69b3e0d1aaa25305cd6) */SELECT  @@session.auto_increment_increment AS auto_increment_increment, @@character_set_client AS character_set_client, @@character_set_connection AS character_set_connection, @@character_set_results AS character_set_results, @@character_set_server AS character_set_server, @@collation_server AS collation_server, @@collation_connection AS collation_connection, @@init_connect AS init_connect, @@interactive_timeout AS interactive_timeout, @@license AS license, @@lower_case_table_names AS lower_case_table_names, @@max_allowed_packet AS max_allowed_packet, @@net_write_timeout AS net_write_timeout, @@performance_schema AS performance_schema, @@sql_mode AS sql_mode, @@system_time_zone AS system_time_zone, @@time_zone AS time_zone, @@transaction_isolation AS transaction_isolation, @@wait_timeout AS wait_timeout
2026-01-17T04:46:40.644490Z	   99 Query	SET character_set_results = NULL
2026-01-17T04:46:40.645754Z	   99 Query	SET autocommit=1
2026-01-17T04:46:40.646685Z	   99 Query	SELECT @@session.transaction_read_only
2026-01-17T04:46:40.686629Z	  100 Connect	root@172.24.0.1 on spring_batch using TCP/IP
2026-01-17T04:46:40.690482Z	  100 Query	/* mysql-connector-j-9.5.0 (Revision: a7b3c94f50efbddb9f0dd69b3e0d1aaa25305cd6) */SELECT  @@session.auto_increment_increment AS auto_increment_increment, @@character_set_client AS character_set_client, @@character_set_connection AS character_set_connection, @@character_set_results AS character_set_results, @@character_set_server AS character_set_server, @@collation_server AS collation_server, @@collation_connection AS collation_connection, @@init_connect AS init_connect, @@interactive_timeout AS interactive_timeout, @@license AS license, @@lower_case_table_names AS lower_case_table_names, @@max_allowed_packet AS max_allowed_packet, @@net_write_timeout AS net_write_timeout, @@performance_schema AS performance_schema, @@sql_mode AS sql_mode, @@system_time_zone AS system_time_zone, @@time_zone AS time_zone, @@transaction_isolation AS transaction_isolation, @@wait_timeout AS wait_timeout
2026-01-17T04:46:40.692784Z	  100 Query	SET character_set_results = NULL
2026-01-17T04:46:40.695217Z	  100 Query	SET autocommit=1
2026-01-17T04:46:40.696901Z	  100 Query	SELECT @@session.transaction_read_only
2026-01-17T04:46:40.736729Z	  101 Connect	root@172.24.0.1 on spring_batch using TCP/IP
2026-01-17T04:46:40.740010Z	  101 Query	/* mysql-connector-j-9.5.0 (Revision: a7b3c94f50efbddb9f0dd69b3e0d1aaa25305cd6) */SELECT  @@session.auto_increment_increment AS auto_increment_increment, @@character_set_client AS character_set_client, @@character_set_connection AS character_set_connection, @@character_set_results AS character_set_results, @@character_set_server AS character_set_server, @@collation_server AS collation_server, @@collation_connection AS collation_connection, @@init_connect AS init_connect, @@interactive_timeout AS interactive_timeout, @@license AS license, @@lower_case_table_names AS lower_case_table_names, @@max_allowed_packet AS max_allowed_packet, @@net_write_timeout AS net_write_timeout, @@performance_schema AS performance_schema, @@sql_mode AS sql_mode, @@system_time_zone AS system_time_zone, @@time_zone AS time_zone, @@transaction_isolation AS transaction_isolation, @@wait_timeout AS wait_timeout
2026-01-17T04:46:40.742488Z	  101 Query	SET character_set_results = NULL
2026-01-17T04:46:40.744028Z	  101 Query	SET autocommit=1
2026-01-17T04:46:40.748502Z	  101 Query	SELECT @@session.transaction_read_only
2026-01-17T04:46:40.788542Z	  102 Connect	root@172.24.0.1 on spring_batch using TCP/IP
2026-01-17T04:46:40.791525Z	  102 Query	/* mysql-connector-j-9.5.0 (Revision: a7b3c94f50efbddb9f0dd69b3e0d1aaa25305cd6) */SELECT  @@session.auto_increment_increment AS auto_increment_increment, @@character_set_client AS character_set_client, @@character_set_connection AS character_set_connection, @@character_set_results AS character_set_results, @@character_set_server AS character_set_server, @@collation_server AS collation_server, @@collation_connection AS collation_connection, @@init_connect AS init_connect, @@interactive_timeout AS interactive_timeout, @@license AS license, @@lower_case_table_names AS lower_case_table_names, @@max_allowed_packet AS max_allowed_packet, @@net_write_timeout AS net_write_timeout, @@performance_schema AS performance_schema, @@sql_mode AS sql_mode, @@system_time_zone AS system_time_zone, @@time_zone AS time_zone, @@transaction_isolation AS transaction_isolation, @@wait_timeout AS wait_timeout
2026-01-17T04:46:40.795741Z	  102 Query	SET character_set_results = NULL
2026-01-17T04:46:40.797977Z	  102 Query	SET autocommit=1
2026-01-17T04:46:40.799184Z	  102 Query	SELECT @@session.transaction_read_only
2026-01-17T04:46:40.839376Z	  103 Connect	root@172.24.0.1 on spring_batch using TCP/IP
2026-01-17T04:46:40.842355Z	  103 Query	/* mysql-connector-j-9.5.0 (Revision: a7b3c94f50efbddb9f0dd69b3e0d1aaa25305cd6) */SELECT  @@session.auto_increment_increment AS auto_increment_increment, @@character_set_client AS character_set_client, @@character_set_connection AS character_set_connection, @@character_set_results AS character_set_results, @@character_set_server AS character_set_server, @@collation_server AS collation_server, @@collation_connection AS collation_connection, @@init_connect AS init_connect, @@interactive_timeout AS interactive_timeout, @@license AS license, @@lower_case_table_names AS lower_case_table_names, @@max_allowed_packet AS max_allowed_packet, @@net_write_timeout AS net_write_timeout, @@performance_schema AS performance_schema, @@sql_mode AS sql_mode, @@system_time_zone AS system_time_zone, @@time_zone AS time_zone, @@transaction_isolation AS transaction_isolation, @@wait_timeout AS wait_timeout
2026-01-17T04:46:40.845846Z	  103 Query	SET character_set_results = NULL
2026-01-17T04:46:40.848959Z	  103 Query	SET autocommit=1
2026-01-17T04:46:40.851358Z	  103 Query	SELECT @@session.transaction_read_only
2026-01-17T04:46:40.891831Z	  104 Connect	root@172.24.0.1 on spring_batch using TCP/IP
2026-01-17T04:46:40.894817Z	  104 Query	/* mysql-connector-j-9.5.0 (Revision: a7b3c94f50efbddb9f0dd69b3e0d1aaa25305cd6) */SELECT  @@session.auto_increment_increment AS auto_increment_increment, @@character_set_client AS character_set_client, @@character_set_connection AS character_set_connection, @@character_set_results AS character_set_results, @@character_set_server AS character_set_server, @@collation_server AS collation_server, @@collation_connection AS collation_connection, @@init_connect AS init_connect, @@interactive_timeout AS interactive_timeout, @@license AS license, @@lower_case_table_names AS lower_case_table_names, @@max_allowed_packet AS max_allowed_packet, @@net_write_timeout AS net_write_timeout, @@performance_schema AS performance_schema, @@sql_mode AS sql_mode, @@system_time_zone AS system_time_zone, @@time_zone AS time_zone, @@transaction_isolation AS transaction_isolation, @@wait_timeout AS wait_timeout
2026-01-17T04:46:40.898779Z	  104 Query	SET character_set_results = NULL
2026-01-17T04:46:40.902245Z	  104 Query	SET autocommit=1
2026-01-17T04:46:40.903501Z	  104 Query	SELECT @@session.transaction_read_only
2026-01-17T04:46:40.939142Z	  105 Connect	root@172.24.0.1 on spring_batch using TCP/IP
2026-01-17T04:46:40.941579Z	  105 Query	/* mysql-connector-j-9.5.0 (Revision: a7b3c94f50efbddb9f0dd69b3e0d1aaa25305cd6) */SELECT  @@session.auto_increment_increment AS auto_increment_increment, @@character_set_client AS character_set_client, @@character_set_connection AS character_set_connection, @@character_set_results AS character_set_results, @@character_set_server AS character_set_server, @@collation_server AS collation_server, @@collation_connection AS collation_connection, @@init_connect AS init_connect, @@interactive_timeout AS interactive_timeout, @@license AS license, @@lower_case_table_names AS lower_case_table_names, @@max_allowed_packet AS max_allowed_packet, @@net_write_timeout AS net_write_timeout, @@performance_schema AS performance_schema, @@sql_mode AS sql_mode, @@system_time_zone AS system_time_zone, @@time_zone AS time_zone, @@transaction_isolation AS transaction_isolation, @@wait_timeout AS wait_timeout
2026-01-17T04:46:40.943011Z	  105 Query	SET character_set_results = NULL
2026-01-17T04:46:40.944205Z	  105 Query	SET autocommit=1
2026-01-17T04:46:40.945743Z	  105 Query	SELECT @@session.transaction_read_only
2026-01-17T04:46:40.954413Z	   96 Query	SELECT @@session.transaction_read_only
2026-01-17T04:46:40.955371Z	   96 Query	drop table if exists payment
2026-01-17T04:46:40.962530Z	   96 Query	SELECT @@session.transaction_read_only
2026-01-17T04:46:40.963448Z	   96 Query	drop table if exists payment_source
2026-01-17T04:46:40.974077Z	   96 Query	SELECT @@session.transaction_read_only
2026-01-17T04:46:40.975165Z	   96 Query	create table payment (currency decimal(38,2) not null, payment_date date not null, id bigint not null auto_increment, amount varchar(255) not null, status varchar(255) not null, primary key (id)) engine=InnoDB
2026-01-17T04:46:40.989844Z	   96 Query	SELECT @@session.transaction_read_only
2026-01-17T04:46:40.990993Z	   96 Query	create table payment_source (discount_amount decimal(38,2) not null, final_amount decimal(38,2) not null, original_amount decimal(38,2) not null, payment_date date not null, id bigint not null auto_increment, partner_corp_name varchar(100) not null, primary key (id)) engine=InnoDB
2026-01-17T04:46:41.176111Z	   96 Query	SET autocommit=0
2026-01-17T04:46:41.186961Z	   96 Query	SELECT JOB_INSTANCE_ID, JOB_NAME
FROM BATCH_JOB_INSTANCE
WHERE JOB_NAME = 'paymentReportJob'
 AND JOB_KEY = 'a2469ba6310590111b522ccc4ea82d32'
2026-01-17T04:46:41.191050Z	   96 Query	COMMIT
2026-01-17T04:46:41.193074Z	   96 Query	SET autocommit=1
2026-01-17T04:46:41.197284Z	   96 Query	SELECT JOB_INSTANCE_ID, JOB_NAME
FROM BATCH_JOB_INSTANCE I1
WHERE I1.JOB_NAME = 'paymentReportJob' AND I1.JOB_INSTANCE_ID = (SELECT MAX(I2.JOB_INSTANCE_ID) FROM BATCH_JOB_INSTANCE I2 WHERE I2.JOB_NAME = 'paymentReportJob')
2026-01-17T04:46:41.202466Z	   96 Query	SELECT JOB_EXECUTION_ID, START_TIME, END_TIME, STATUS, EXIT_CODE, EXIT_MESSAGE, CREATE_TIME, LAST_UPDATED, VERSION
FROM BATCH_JOB_EXECUTION
 WHERE JOB_INSTANCE_ID = 6 AND JOB_EXECUTION_ID IN (SELECT MAX(JOB_EXECUTION_ID) FROM BATCH_JOB_EXECUTION E2 WHERE E2.JOB_INSTANCE_ID = 6)
2026-01-17T04:46:41.204503Z	   96 Query	SELECT JOB_EXECUTION_ID, PARAMETER_NAME, PARAMETER_TYPE, PARAMETER_VALUE, IDENTIFYING
FROM BATCH_JOB_EXECUTION_PARAMS
WHERE JOB_EXECUTION_ID = 6
2026-01-17T04:46:41.207040Z	   96 Query	SELECT JI.JOB_INSTANCE_ID, JOB_NAME, JOB_KEY, JI.VERSION
FROM BATCH_JOB_INSTANCE JI, BATCH_JOB_EXECUTION JE
WHERE JOB_EXECUTION_ID = 6 AND JI.JOB_INSTANCE_ID = JE.JOB_INSTANCE_ID
2026-01-17T04:46:41.208628Z	   96 Query	SELECT STEP_EXECUTION_ID, STEP_NAME, START_TIME, END_TIME, STATUS, COMMIT_COUNT, READ_COUNT, FILTER_COUNT, WRITE_COUNT, EXIT_CODE, EXIT_MESSAGE, READ_SKIP_COUNT, WRITE_SKIP_COUNT, PROCESS_SKIP_COUNT, ROLLBACK_COUNT, LAST_UPDATED, VERSION, CREATE_TIME
FROM BATCH_STEP_EXECUTION
 WHERE JOB_EXECUTION_ID = 6 ORDER BY STEP_EXECUTION_ID
2026-01-17T04:46:41.210472Z	   96 Query	SELECT SHORT_CONTEXT, SERIALIZED_CONTEXT
FROM BATCH_JOB_EXECUTION_CONTEXT
WHERE JOB_EXECUTION_ID = 6
2026-01-17T04:46:41.213654Z	   96 Query	SELECT SHORT_CONTEXT, SERIALIZED_CONTEXT
FROM BATCH_STEP_EXECUTION_CONTEXT
WHERE STEP_EXECUTION_ID = 6
2026-01-17T04:46:41.215443Z	   96 Query	SELECT @@session.transaction_isolation
2026-01-17T04:46:41.216550Z	   96 Query	SET SESSION TRANSACTION ISOLATION LEVEL SERIALIZABLE
2026-01-17T04:46:41.217320Z	   96 Query	SET autocommit=0
2026-01-17T04:46:41.218407Z	   96 Query	SELECT JOB_INSTANCE_ID, JOB_NAME
FROM BATCH_JOB_INSTANCE
WHERE JOB_NAME = 'paymentReportJob'
 AND JOB_KEY = '783b09eea9790d5f9cd5186e1e2d0da8'
2026-01-17T04:46:41.219367Z	   96 Query	COMMIT
2026-01-17T04:46:41.220216Z	   96 Query	SET autocommit=1
2026-01-17T04:46:41.221021Z	   96 Query	SET SESSION TRANSACTION ISOLATION LEVEL REPEATABLE READ
2026-01-17T04:46:41.222013Z	   96 Query	SELECT @@session.transaction_isolation
2026-01-17T04:46:41.223004Z	   96 Query	SET SESSION TRANSACTION ISOLATION LEVEL SERIALIZABLE
2026-01-17T04:46:41.224151Z	   96 Query	SET autocommit=0
2026-01-17T04:46:41.225363Z	   96 Query	SELECT JOB_INSTANCE_ID, JOB_NAME
FROM BATCH_JOB_INSTANCE
WHERE JOB_NAME = 'paymentReportJob'
 AND JOB_KEY = '783b09eea9790d5f9cd5186e1e2d0da8'
2026-01-17T04:46:41.227032Z	   96 Query	SELECT JOB_INSTANCE_ID, JOB_NAME
FROM BATCH_JOB_INSTANCE
WHERE JOB_NAME = 'paymentReportJob'
 AND JOB_KEY = '783b09eea9790d5f9cd5186e1e2d0da8'
2026-01-17T04:46:41.228482Z	   97 Query	SET autocommit=0
2026-01-17T04:46:41.230642Z	   97 Query	update BATCH_JOB_SEQ set ID = last_insert_id(ID + 1) limit 1
2026-01-17T04:46:41.231702Z	   97 Query	select last_insert_id()
2026-01-17T04:46:41.232788Z	   97 Query	COMMIT
2026-01-17T04:46:41.234642Z	   97 Query	SET autocommit=1
2026-01-17T04:46:41.236479Z	   96 Query	INSERT INTO BATCH_JOB_INSTANCE(JOB_INSTANCE_ID, JOB_NAME, JOB_KEY, VERSION)
	VALUES (7, 'paymentReportJob', '783b09eea9790d5f9cd5186e1e2d0da8', 0)
2026-01-17T04:46:41.237797Z	   97 Query	SET autocommit=0
2026-01-17T04:46:41.238985Z	   97 Query	update BATCH_JOB_EXECUTION_SEQ set ID = last_insert_id(ID + 1) limit 1
2026-01-17T04:46:41.239936Z	   97 Query	select last_insert_id()
2026-01-17T04:46:41.240986Z	   97 Query	COMMIT
2026-01-17T04:46:41.242697Z	   97 Query	SET autocommit=1
2026-01-17T04:46:41.248623Z	   96 Query	INSERT INTO BATCH_JOB_EXECUTION(JOB_EXECUTION_ID, JOB_INSTANCE_ID, START_TIME, END_TIME, STATUS, EXIT_CODE, EXIT_MESSAGE, VERSION, CREATE_TIME, LAST_UPDATED)
	VALUES (7, 7, null, null, 'STARTING', 'UNKNOWN', '', 0, '2026-01-17 13:46:41.236809', '2026-01-17 13:46:41.236828')
2026-01-17T04:46:41.251101Z	   96 Query	SELECT @@session.transaction_read_only
2026-01-17T04:46:41.252220Z	   96 Query	INSERT INTO BATCH_JOB_EXECUTION_PARAMS(JOB_EXECUTION_ID, PARAMETER_NAME, PARAMETER_TYPE, PARAMETER_VALUE, IDENTIFYING)
	VALUES (7, 'run.id', 'java.lang.Long', '4', 'Y')
2026-01-17T04:46:41.253185Z	   96 Query	INSERT INTO BATCH_JOB_EXECUTION_PARAMS(JOB_EXECUTION_ID, PARAMETER_NAME, PARAMETER_TYPE, PARAMETER_VALUE, IDENTIFYING)
	VALUES (7, '-job.name', 'java.lang.String', 'paymentReportJob', 'Y')
2026-01-17T04:46:41.254640Z	   96 Query	INSERT INTO BATCH_JOB_EXECUTION_CONTEXT (SHORT_CONTEXT, SERIALIZED_CONTEXT, JOB_EXECUTION_ID)
	VALUES('rO0ABXNyABFqYXZhLnV0aWwuSGFzaE1hcAUH2sHDFmDRAwACRgAKbG9hZEZhY3RvckkACXRocmVzaG9sZHhwP0AAAAAAAAB3CAAAABAAAAAAeA==', null, 7)
2026-01-17T04:46:41.255842Z	   96 Query	COMMIT
2026-01-17T04:46:41.258499Z	   96 Query	SET autocommit=1
2026-01-17T04:46:41.259504Z	   96 Query	SET SESSION TRANSACTION ISOLATION LEVEL REPEATABLE READ
2026-01-17T04:46:41.264321Z	   96 Query	SET autocommit=0
2026-01-17T04:46:41.265741Z	   96 Query	SELECT VERSION
FROM BATCH_JOB_EXECUTION
WHERE JOB_EXECUTION_ID=7
2026-01-17T04:46:41.267402Z	   96 Query	SELECT COUNT(*)
FROM BATCH_JOB_EXECUTION
WHERE JOB_EXECUTION_ID = 7
2026-01-17T04:46:41.268770Z	   96 Query	UPDATE BATCH_JOB_EXECUTION
SET START_TIME = '2026-01-17 13:46:41.263395', END_TIME = null,  STATUS = 'STARTED', EXIT_CODE = 'UNKNOWN', EXIT_MESSAGE = '', VERSION = VERSION + 1, CREATE_TIME = '2026-01-17 13:46:41.236809', LAST_UPDATED = '2026-01-17 13:46:41.264435'
WHERE JOB_EXECUTION_ID = 7 AND VERSION = 0
2026-01-17T04:46:41.269799Z	   96 Query	COMMIT
2026-01-17T04:46:41.271786Z	   96 Query	SET autocommit=1
2026-01-17T04:46:41.272971Z	   96 Query	SET autocommit=0
2026-01-17T04:46:41.274254Z	   96 Query	SELECT SE.STEP_EXECUTION_ID, SE.STEP_NAME, SE.START_TIME, SE.END_TIME, SE.STATUS, SE.COMMIT_COUNT, SE.READ_COUNT, SE.FILTER_COUNT, SE.WRITE_COUNT, SE.EXIT_CODE, SE.EXIT_MESSAGE, SE.READ_SKIP_COUNT, SE.WRITE_SKIP_COUNT, SE.PROCESS_SKIP_COUNT, SE.ROLLBACK_COUNT, SE.LAST_UPDATED, SE.VERSION, SE.CREATE_TIME, JE.JOB_EXECUTION_ID, JE.START_TIME, JE.END_TIME, JE.STATUS, JE.EXIT_CODE, JE.EXIT_MESSAGE, JE.CREATE_TIME, JE.LAST_UPDATED, JE.VERSION
FROM BATCH_JOB_EXECUTION JE
	JOIN BATCH_STEP_EXECUTION SE ON SE.JOB_EXECUTION_ID = JE.JOB_EXECUTION_ID
WHERE JE.JOB_INSTANCE_ID = 7 AND SE.STEP_NAME = 'paymentReportStep'
2026-01-17T04:46:41.275483Z	   96 Query	COMMIT
2026-01-17T04:46:41.276292Z	   96 Query	SET autocommit=1
2026-01-17T04:46:41.277282Z	   96 Query	SET autocommit=0
2026-01-17T04:46:41.278326Z	   96 Query	SELECT COUNT(*)
FROM BATCH_JOB_EXECUTION JE
	JOIN BATCH_STEP_EXECUTION SE ON SE.JOB_EXECUTION_ID = JE.JOB_EXECUTION_ID
WHERE JE.JOB_INSTANCE_ID = 7 AND SE.STEP_NAME = 'paymentReportStep'
2026-01-17T04:46:41.279713Z	   96 Query	COMMIT
2026-01-17T04:46:41.280478Z	   96 Query	SET autocommit=1
2026-01-17T04:46:41.281493Z	   96 Query	SET autocommit=0
2026-01-17T04:46:41.282374Z	   97 Query	SET autocommit=0
2026-01-17T04:46:41.283271Z	   97 Query	update BATCH_STEP_EXECUTION_SEQ set ID = last_insert_id(ID + 1) limit 1
2026-01-17T04:46:41.284319Z	   97 Query	select last_insert_id()
2026-01-17T04:46:41.285332Z	   97 Query	COMMIT
2026-01-17T04:46:41.287388Z	   97 Query	SET autocommit=1
2026-01-17T04:46:41.288937Z	   96 Query	INSERT INTO BATCH_STEP_EXECUTION(STEP_EXECUTION_ID, VERSION, STEP_NAME, JOB_EXECUTION_ID, START_TIME, END_TIME, STATUS, COMMIT_COUNT, READ_COUNT, FILTER_COUNT, WRITE_COUNT, EXIT_CODE, EXIT_MESSAGE, READ_SKIP_COUNT, WRITE_SKIP_COUNT, PROCESS_SKIP_COUNT, ROLLBACK_COUNT, LAST_UPDATED, CREATE_TIME)
	VALUES (7, 0, 'paymentReportStep', 7, null, null, 'STARTING', 0, 0, 0, 0, 'EXECUTING', '', 0, 0, 0, 0, '2026-01-17 13:46:41.281581', '2026-01-17 13:46:41.280621')
2026-01-17T04:46:41.290140Z	   96 Query	INSERT INTO BATCH_STEP_EXECUTION_CONTEXT (SHORT_CONTEXT, SERIALIZED_CONTEXT, STEP_EXECUTION_ID)
	VALUES('rO0ABXNyABFqYXZhLnV0aWwuSGFzaE1hcAUH2sHDFmDRAwACRgAKbG9hZEZhY3RvckkACXRocmVzaG9sZHhwP0AAAAAAAAB3CAAAABAAAAAAeA==', null, 7)
2026-01-17T04:46:41.291191Z	   96 Query	COMMIT
2026-01-17T04:46:41.293296Z	   96 Query	SET autocommit=1
2026-01-17T04:46:41.294971Z	   96 Query	SET autocommit=0
2026-01-17T04:46:41.296229Z	   96 Query	UPDATE BATCH_STEP_EXECUTION
SET START_TIME = '2026-01-17 13:46:41.293661', END_TIME = null, STATUS = 'STARTED', COMMIT_COUNT = 0, READ_COUNT = 0, FILTER_COUNT = 0, WRITE_COUNT = 0, EXIT_CODE = 'EXECUTING', EXIT_MESSAGE = '', VERSION = VERSION + 1, READ_SKIP_COUNT = 0, PROCESS_SKIP_COUNT = 0, WRITE_SKIP_COUNT = 0, ROLLBACK_COUNT = 0, LAST_UPDATED = '2026-01-17 13:46:41.295069'
WHERE STEP_EXECUTION_ID = 7 AND VERSION = 0
2026-01-17T04:46:41.297359Z	   96 Query	SELECT VERSION
FROM BATCH_JOB_EXECUTION
WHERE JOB_EXECUTION_ID=7
2026-01-17T04:46:41.298466Z	   96 Query	COMMIT
2026-01-17T04:46:41.300616Z	   96 Query	SET autocommit=1
2026-01-17T04:46:41.303965Z	   96 Query	SET autocommit=0
2026-01-17T04:46:41.305453Z	   96 Query	UPDATE BATCH_STEP_EXECUTION_CONTEXT
SET SHORT_CONTEXT = 'rO0ABXNyABFqYXZhLnV0aWwuSGFzaE1hcAUH2sHDFmDRAwACRgAKbG9hZEZhY3RvckkACXRocmVzaG9sZHhwP0AAAAAAAAx3CAAAABAAAAAEdAAecGF5bWVudFJlcG9ydFJlYWRlci5yZWFkLmNvdW50c3IAEWphdmEubGFuZy5JbnRlZ2VyEuKgpPeBhzgCAAFJAAV2YWx1ZXhyABBqYXZhLmxhbmcuTnVtYmVyhqyVHQuU4IsCAAB4cAAAAAB0ABFiYXRjaC50YXNrbGV0VHlwZXQAPW9yZy5zcHJpbmdmcmFtZXdvcmsuYmF0Y2guY29yZS5zdGVwLml0ZW0uQ2h1bmtPcmllbnRlZFRhc2tsZXR0AA1iYXRjaC52ZXJzaW9udAAFNS4yLjR0AA5iYXRjaC5zdGVwVHlwZXQAN29yZy5zcHJpbmdmcmFtZXdvcmsuYmF0Y2guY29yZS5zdGVwLnRhc2tsZXQuVGFza2xldFN0ZXB4', SERIALIZED_CONTEXT = null
WHERE STEP_EXECUTION_ID = 7
2026-01-17T04:46:41.306958Z	   96 Query	COMMIT
2026-01-17T04:46:41.309459Z	   96 Query	SET autocommit=1
2026-01-17T04:46:41.312232Z	   96 Query	SET autocommit=0
2026-01-17T04:46:41.314409Z	   97 Query	SET autocommit=0
2026-01-17T04:46:41.438105Z	   97 Query	select ps1_0.id,ps1_0.discount_amount,ps1_0.final_amount,ps1_0.original_amount,ps1_0.partner_corp_name,ps1_0.payment_date from payment_source ps1_0 limit 0,10
2026-01-17T04:46:41.446428Z	   97 Query	COMMIT
2026-01-17T04:46:41.447458Z	   97 Query	SET autocommit=1
2026-01-17T04:46:41.449848Z	   96 Query	UPDATE BATCH_STEP_EXECUTION_CONTEXT
SET SHORT_CONTEXT = 'rO0ABXNyABFqYXZhLnV0aWwuSGFzaE1hcAUH2sHDFmDRAwACRgAKbG9hZEZhY3RvckkACXRocmVzaG9sZHhwP0AAAAAAAAx3CAAAABAAAAAEdAAecGF5bWVudFJlcG9ydFJlYWRlci5yZWFkLmNvdW50c3IAEWphdmEubGFuZy5JbnRlZ2VyEuKgpPeBhzgCAAFJAAV2YWx1ZXhyABBqYXZhLmxhbmcuTnVtYmVyhqyVHQuU4IsCAAB4cAAAAAF0ABFiYXRjaC50YXNrbGV0VHlwZXQAPW9yZy5zcHJpbmdmcmFtZXdvcmsuYmF0Y2guY29yZS5zdGVwLml0ZW0uQ2h1bmtPcmllbnRlZFRhc2tsZXR0AA1iYXRjaC52ZXJzaW9udAAFNS4yLjR0AA5iYXRjaC5zdGVwVHlwZXQAN29yZy5zcHJpbmdmcmFtZXdvcmsuYmF0Y2guY29yZS5zdGVwLnRhc2tsZXQuVGFza2xldFN0ZXB4', SERIALIZED_CONTEXT = null
WHERE STEP_EXECUTION_ID = 7
2026-01-17T04:46:41.451397Z	   96 Query	UPDATE BATCH_STEP_EXECUTION
SET START_TIME = '2026-01-17 13:46:41.293661', END_TIME = null, STATUS = 'STARTED', COMMIT_COUNT = 1, READ_COUNT = 0, FILTER_COUNT = 0, WRITE_COUNT = 0, EXIT_CODE = 'EXECUTING', EXIT_MESSAGE = '', VERSION = VERSION + 1, READ_SKIP_COUNT = 0, PROCESS_SKIP_COUNT = 0, WRITE_SKIP_COUNT = 0, ROLLBACK_COUNT = 0, LAST_UPDATED = '2026-01-17 13:46:41.450219'
WHERE STEP_EXECUTION_ID = 7 AND VERSION = 1
2026-01-17T04:46:41.452886Z	   96 Query	SELECT VERSION
FROM BATCH_JOB_EXECUTION
WHERE JOB_EXECUTION_ID=7
2026-01-17T04:46:41.453870Z	   96 Query	COMMIT
2026-01-17T04:46:41.456040Z	   96 Query	SET autocommit=1
2026-01-17T04:46:41.457781Z	   96 Query	SET autocommit=0
2026-01-17T04:46:41.465314Z	   96 Query	UPDATE BATCH_STEP_EXECUTION_CONTEXT
SET SHORT_CONTEXT = 'rO0ABXNyABFqYXZhLnV0aWwuSGFzaE1hcAUH2sHDFmDRAwACRgAKbG9hZEZhY3RvckkACXRocmVzaG9sZHhwP0AAAAAAAAx3CAAAABAAAAAEdAAecGF5bWVudFJlcG9ydFJlYWRlci5yZWFkLmNvdW50c3IAEWphdmEubGFuZy5JbnRlZ2VyEuKgpPeBhzgCAAFJAAV2YWx1ZXhyABBqYXZhLmxhbmcuTnVtYmVyhqyVHQuU4IsCAAB4cAAAAAF0ABFiYXRjaC50YXNrbGV0VHlwZXQAPW9yZy5zcHJpbmdmcmFtZXdvcmsuYmF0Y2guY29yZS5zdGVwLml0ZW0uQ2h1bmtPcmllbnRlZFRhc2tsZXR0AA1iYXRjaC52ZXJzaW9udAAFNS4yLjR0AA5iYXRjaC5zdGVwVHlwZXQAN29yZy5zcHJpbmdmcmFtZXdvcmsuYmF0Y2guY29yZS5zdGVwLnRhc2tsZXQuVGFza2xldFN0ZXB4', SERIALIZED_CONTEXT = null
WHERE STEP_EXECUTION_ID = 7
2026-01-17T04:46:41.466517Z	   96 Query	COMMIT
2026-01-17T04:46:41.467495Z	   96 Query	SET autocommit=1
2026-01-17T04:46:41.468581Z	   96 Query	SET autocommit=0
2026-01-17T04:46:41.470027Z	   96 Query	UPDATE BATCH_STEP_EXECUTION
SET START_TIME = '2026-01-17 13:46:41.293661', END_TIME = '2026-01-17 13:46:41.456603', STATUS = 'COMPLETED', COMMIT_COUNT = 1, READ_COUNT = 0, FILTER_COUNT = 0, WRITE_COUNT = 0, EXIT_CODE = 'COMPLETED', EXIT_MESSAGE = '', VERSION = VERSION + 1, READ_SKIP_COUNT = 0, PROCESS_SKIP_COUNT = 0, WRITE_SKIP_COUNT = 0, ROLLBACK_COUNT = 0, LAST_UPDATED = '2026-01-17 13:46:41.468774'
WHERE STEP_EXECUTION_ID = 7 AND VERSION = 2
2026-01-17T04:46:41.471272Z	   96 Query	SELECT VERSION
FROM BATCH_JOB_EXECUTION
WHERE JOB_EXECUTION_ID=7
2026-01-17T04:46:41.472379Z	   96 Query	COMMIT
2026-01-17T04:46:41.474996Z	   96 Query	SET autocommit=1
2026-01-17T04:46:41.476084Z	   97 Query	SET autocommit=0
2026-01-17T04:46:41.477173Z	   97 Query	UPDATE BATCH_JOB_EXECUTION_CONTEXT
SET SHORT_CONTEXT = 'rO0ABXNyABFqYXZhLnV0aWwuSGFzaE1hcAUH2sHDFmDRAwACRgAKbG9hZEZhY3RvckkACXRocmVzaG9sZHhwP0AAAAAAAAx3CAAAABAAAAABdAANYmF0Y2gudmVyc2lvbnQABTUuMi40eA==', SERIALIZED_CONTEXT = null
WHERE JOB_EXECUTION_ID = 7
2026-01-17T04:46:41.478316Z	   97 Query	COMMIT
2026-01-17T04:46:41.480134Z	   97 Query	SET autocommit=1
2026-01-17T04:46:41.481411Z	   97 Query	SET autocommit=0
2026-01-17T04:46:41.482372Z	   97 Query	SELECT VERSION
FROM BATCH_JOB_EXECUTION
WHERE JOB_EXECUTION_ID=7
2026-01-17T04:46:41.483410Z	   97 Query	SELECT COUNT(*)
FROM BATCH_JOB_EXECUTION
WHERE JOB_EXECUTION_ID = 7
2026-01-17T04:46:41.484865Z	   97 Query	UPDATE BATCH_JOB_EXECUTION
SET START_TIME = '2026-01-17 13:46:41.263395', END_TIME = '2026-01-17 13:46:41.480536',  STATUS = 'COMPLETED', EXIT_CODE = 'COMPLETED', EXIT_MESSAGE = '', VERSION = VERSION + 1, CREATE_TIME = '2026-01-17 13:46:41.236809', LAST_UPDATED = '2026-01-17 13:46:41.481486'
WHERE JOB_EXECUTION_ID = 7 AND VERSION = 1
2026-01-17T04:46:41.485913Z	   97 Query	COMMIT
2026-01-17T04:46:41.488029Z	   97 Query	SET autocommit=1
2026-01-17T04:46:41.495729Z	   96 Quit	
2026-01-17T04:46:41.496738Z	   97 Quit	
2026-01-17T04:46:41.496738Z	  105 Quit	
2026-01-17T04:46:41.496763Z	   98 Quit	
2026-01-17T04:46:41.496775Z	   99 Quit	
2026-01-17T04:46:41.496788Z	  100 Quit	
2026-01-17T04:46:41.496812Z	  101 Quit	
2026-01-17T04:46:41.496824Z	  102 Quit	
2026-01-17T04:46:41.496837Z	  103 Quit	
2026-01-17T04:46:41.496876Z	  104 Quit	
2026-01-17T04:46:50.477646Z	   51 Query	SELECT @@session.transaction_isolation
2026-01-17T04:46:50.481247Z	   51 Query	/* ApplicationName=IntelliJ IDEA 2025.1.3 */ SET SESSION TRANSACTION READ WRITE
2026-01-17T04:46:50.485928Z	   51 Query	SELECT @@session.transaction_read_only
2026-01-17T04:46:50.494261Z	   51 Query	SELECT @@session.transaction_read_only
2026-01-17T04:46:50.495815Z	   51 Query	/* ApplicationName=IntelliJ IDEA 2025.1.3 */ SET net_write_timeout=600
2026-01-17T04:46:50.497413Z	   51 Query	/* ApplicationName=IntelliJ IDEA 2025.1.3 */ INSERT INTO payment_source (discount_amount, final_amount, original_amount, partner_corp_name, payment_date)
VALUES (100.00, 900.00, 1000.00, 'Partner Corp 1', '2025-05-01'),
       (150.00, 1850.00, 2000.00, 'Partner Corp 2', '2025-05-01'),
       (200.00, 2800.00, 3000.00, 'Partner Corp 3', '2025-05-01'),
       (250.00, 3750.00, 4000.00, 'Partner Corp 4', '2025-05-01'),
       (300.00, 4700.00, 5000.00, 'Partner Corp 5', '2025-05-01'),
       (350.00, 5650.00, 6000.00, 'Partner Corp 6', '2025-05-01'),
       (400.00, 6600.00, 7000.00, 'Partner Corp 7', '2025-05-01'),
       (450.00, 7550.00, 8000.00, 'Partner Corp 8', '2025-05-01'),
       (500.00, 8500.00, 9000.00, 'Partner Corp 9', '2025-05-01'),
       (550.00, 9450.00, 10000.00, 'Partner Corp 10', '2025-05-01'),
       (600.00, 10400.00, 11000.00, 'Partner Corp 11', '2025-05-01'),
       (650.00, 11350.00, 12000.00, 'Partner Corp 12', '2025-05-01'),
       (700.00, 12300.00, 13000.00, 'Partner Corp 13', '2025-05-01'),
       (750.00, 13250.00, 14000.00, 'Partner Corp 14', '2025-05-01'),
       (800.00, 14200.00, 15000.00, 'Partner Corp 15', '2025-05-01'),
       (850.00, 15150.00, 16000.00, 'Partner Corp 16', '2025-05-01'),
       (900.00, 16100.00, 17000.00, 'Partner Corp 17', '2025-05-01'),
       (950.00, 17050.00, 18000.00, 'Partner Corp 18', '2025-05-01'),
       (1000.00, 18000.00, 19000.00, 'Partner Corp 19', '2025-05-01'),
       (1050.00, 18950.00, 20000.00, 'Partner Corp 20', '2025-05-01')
2026-01-17T04:46:50.505710Z	   51 Query	/* ApplicationName=IntelliJ IDEA 2025.1.3 */ select database()
2026-01-17T04:46:50.512762Z	   51 Query	SELECT @@session.transaction_isolation
2026-01-17T04:47:01.146954Z	   51 Query	SELECT @@session.transaction_isolation
2026-01-17T04:47:01.156109Z	   51 Query	/* ApplicationName=IntelliJ IDEA 2025.1.3 */ SET SESSION TRANSACTION READ WRITE
2026-01-17T04:47:01.161686Z	   51 Query	SELECT @@session.transaction_read_only
2026-01-17T04:47:01.167078Z	   51 Query	/* ApplicationName=IntelliJ IDEA 2025.1.3 */ SET net_write_timeout=600
2026-01-17T04:47:01.168899Z	   51 Query	/* ApplicationName=IntelliJ IDEA 2025.1.3 */ commit
2026-01-17T04:47:01.173313Z	   51 Query	/* ApplicationName=IntelliJ IDEA 2025.1.3 */ select database()
2026-01-17T04:47:01.180311Z	   51 Query	SELECT @@session.transaction_isolation
2026-01-17T04:47:03.943658Z	   51 Query	SELECT @@session.transaction_isolation
2026-01-17T04:47:03.945890Z	   51 Query	/* ApplicationName=IntelliJ IDEA 2025.1.3 */ SET SESSION TRANSACTION READ WRITE
2026-01-17T04:47:03.948213Z	   51 Query	SELECT @@session.transaction_read_only
2026-01-17T04:47:03.953576Z	   51 Query	/* ApplicationName=IntelliJ IDEA 2025.1.3 */ select database()
2026-01-17T04:47:03.961971Z	   51 Query	/* ApplicationName=IntelliJ IDEA 2025.1.3 */ SET net_write_timeout=600
2026-01-17T04:47:03.963770Z	   51 Query	/* ApplicationName=IntelliJ IDEA 2025.1.3 */ SET sql_select_limit=501
2026-01-17T04:47:03.965193Z	   51 Query	/* ApplicationName=IntelliJ IDEA 2025.1.3 */ select ps1_0.id,
       ps1_0.discount_amount,
       ps1_0.final_amount,
       ps1_0.original_amount,
       ps1_0.partner_corp_name
from payment_source ps1_0
limit 0,10
2026-01-17T04:47:04.114118Z	   51 Query	SELECT @@session.transaction_isolation
2026-01-17T04:47:23.436656Z	   51 Query	SELECT @@session.transaction_isolation
2026-01-17T04:47:23.445277Z	   51 Query	/* ApplicationName=IntelliJ IDEA 2025.1.3 */ SET SESSION TRANSACTION READ WRITE
2026-01-17T04:47:23.448219Z	   51 Query	SELECT @@session.transaction_read_only
2026-01-17T04:47:23.456873Z	   51 Query	/* ApplicationName=IntelliJ IDEA 2025.1.3 */ SET sql_select_limit=DEFAULT
2026-01-17T04:47:23.458627Z	   51 Query	/* ApplicationName=IntelliJ IDEA 2025.1.3 */ select database()
2026-01-17T04:47:23.466860Z	   51 Query	/* ApplicationName=IntelliJ IDEA 2025.1.3 */ SET net_write_timeout=600
2026-01-17T04:47:23.468809Z	   51 Query	/* ApplicationName=IntelliJ IDEA 2025.1.3 */ SET sql_select_limit=501
2026-01-17T04:47:23.470362Z	   51 Query	/* ApplicationName=IntelliJ IDEA 2025.1.3 */ select ps1_0.id,
       ps1_0.discount_amount,
       ps1_0.final_amount,
       ps1_0.original_amount,
       ps1_0.payment_date,
       ps1_0.partner_corp_name
from payment_source ps1_0
limit 0,10
2026-01-17T04:47:23.805996Z	   51 Query	SELECT @@session.transaction_isolation
2026-01-17T04:47:46.069963Z	  106 Connect	root@172.24.0.1 on spring_batch using TCP/IP
2026-01-17T04:47:46.080276Z	  106 Query	/* mysql-connector-j-9.5.0 (Revision: a7b3c94f50efbddb9f0dd69b3e0d1aaa25305cd6) */SELECT  @@session.auto_increment_increment AS auto_increment_increment, @@character_set_client AS character_set_client, @@character_set_connection AS character_set_connection, @@character_set_results AS character_set_results, @@character_set_server AS character_set_server, @@collation_server AS collation_server, @@collation_connection AS collation_connection, @@init_connect AS init_connect, @@interactive_timeout AS interactive_timeout, @@license AS license, @@lower_case_table_names AS lower_case_table_names, @@max_allowed_packet AS max_allowed_packet, @@net_write_timeout AS net_write_timeout, @@performance_schema AS performance_schema, @@sql_mode AS sql_mode, @@system_time_zone AS system_time_zone, @@time_zone AS time_zone, @@transaction_isolation AS transaction_isolation, @@wait_timeout AS wait_timeout
2026-01-17T04:47:46.090263Z	  106 Query	SET character_set_results = NULL
2026-01-17T04:47:46.094402Z	  106 Query	SET autocommit=1
2026-01-17T04:47:46.098989Z	  106 Query	SELECT @@session.transaction_read_only
2026-01-17T04:47:46.100912Z	  106 Query	SELECT @@session.transaction_isolation
2026-01-17T04:47:46.212829Z	  107 Connect	root@172.24.0.1 on spring_batch using TCP/IP
2026-01-17T04:47:46.216650Z	  107 Query	/* mysql-connector-j-9.5.0 (Revision: a7b3c94f50efbddb9f0dd69b3e0d1aaa25305cd6) */SELECT  @@session.auto_increment_increment AS auto_increment_increment, @@character_set_client AS character_set_client, @@character_set_connection AS character_set_connection, @@character_set_results AS character_set_results, @@character_set_server AS character_set_server, @@collation_server AS collation_server, @@collation_connection AS collation_connection, @@init_connect AS init_connect, @@interactive_timeout AS interactive_timeout, @@license AS license, @@lower_case_table_names AS lower_case_table_names, @@max_allowed_packet AS max_allowed_packet, @@net_write_timeout AS net_write_timeout, @@performance_schema AS performance_schema, @@sql_mode AS sql_mode, @@system_time_zone AS system_time_zone, @@time_zone AS time_zone, @@transaction_isolation AS transaction_isolation, @@wait_timeout AS wait_timeout
2026-01-17T04:47:46.221417Z	  107 Query	SET character_set_results = NULL
2026-01-17T04:47:46.226301Z	  107 Query	SET autocommit=1
2026-01-17T04:47:46.228882Z	  107 Query	SELECT @@session.transaction_read_only
2026-01-17T04:47:46.264518Z	  108 Connect	root@172.24.0.1 on spring_batch using TCP/IP
2026-01-17T04:47:46.268079Z	  108 Query	/* mysql-connector-j-9.5.0 (Revision: a7b3c94f50efbddb9f0dd69b3e0d1aaa25305cd6) */SELECT  @@session.auto_increment_increment AS auto_increment_increment, @@character_set_client AS character_set_client, @@character_set_connection AS character_set_connection, @@character_set_results AS character_set_results, @@character_set_server AS character_set_server, @@collation_server AS collation_server, @@collation_connection AS collation_connection, @@init_connect AS init_connect, @@interactive_timeout AS interactive_timeout, @@license AS license, @@lower_case_table_names AS lower_case_table_names, @@max_allowed_packet AS max_allowed_packet, @@net_write_timeout AS net_write_timeout, @@performance_schema AS performance_schema, @@sql_mode AS sql_mode, @@system_time_zone AS system_time_zone, @@time_zone AS time_zone, @@transaction_isolation AS transaction_isolation, @@wait_timeout AS wait_timeout
2026-01-17T04:47:46.270931Z	  108 Query	SET character_set_results = NULL
2026-01-17T04:47:46.272007Z	  108 Query	SET autocommit=1
2026-01-17T04:47:46.272951Z	  108 Query	SELECT @@session.transaction_read_only
2026-01-17T04:47:46.279570Z	  106 Query	SELECT WORD FROM INFORMATION_SCHEMA.KEYWORDS WHERE RESERVED = 1 ORDER BY WORD
2026-01-17T04:47:46.302828Z	  106 Query	SELECT @@character_set_database, @@sql_mode
2026-01-17T04:47:46.309621Z	  109 Connect	root@172.24.0.1 on spring_batch using TCP/IP
2026-01-17T04:47:46.311088Z	  109 Query	/* mysql-connector-j-9.5.0 (Revision: a7b3c94f50efbddb9f0dd69b3e0d1aaa25305cd6) */SELECT  @@session.auto_increment_increment AS auto_increment_increment, @@character_set_client AS character_set_client, @@character_set_connection AS character_set_connection, @@character_set_results AS character_set_results, @@character_set_server AS character_set_server, @@collation_server AS collation_server, @@collation_connection AS collation_connection, @@init_connect AS init_connect, @@interactive_timeout AS interactive_timeout, @@license AS license, @@lower_case_table_names AS lower_case_table_names, @@max_allowed_packet AS max_allowed_packet, @@net_write_timeout AS net_write_timeout, @@performance_schema AS performance_schema, @@sql_mode AS sql_mode, @@system_time_zone AS system_time_zone, @@time_zone AS time_zone, @@transaction_isolation AS transaction_isolation, @@wait_timeout AS wait_timeout
2026-01-17T04:47:46.312748Z	  109 Query	SET character_set_results = NULL
2026-01-17T04:47:46.314112Z	  109 Query	SET autocommit=1
2026-01-17T04:47:46.315343Z	  109 Query	SELECT @@session.transaction_read_only
2026-01-17T04:47:46.356119Z	  110 Connect	root@172.24.0.1 on spring_batch using TCP/IP
2026-01-17T04:47:46.357739Z	  110 Query	/* mysql-connector-j-9.5.0 (Revision: a7b3c94f50efbddb9f0dd69b3e0d1aaa25305cd6) */SELECT  @@session.auto_increment_increment AS auto_increment_increment, @@character_set_client AS character_set_client, @@character_set_connection AS character_set_connection, @@character_set_results AS character_set_results, @@character_set_server AS character_set_server, @@collation_server AS collation_server, @@collation_connection AS collation_connection, @@init_connect AS init_connect, @@interactive_timeout AS interactive_timeout, @@license AS license, @@lower_case_table_names AS lower_case_table_names, @@max_allowed_packet AS max_allowed_packet, @@net_write_timeout AS net_write_timeout, @@performance_schema AS performance_schema, @@sql_mode AS sql_mode, @@system_time_zone AS system_time_zone, @@time_zone AS time_zone, @@transaction_isolation AS transaction_isolation, @@wait_timeout AS wait_timeout
2026-01-17T04:47:46.359514Z	  110 Query	SET character_set_results = NULL
2026-01-17T04:47:46.360953Z	  110 Query	SET autocommit=1
2026-01-17T04:47:46.362444Z	  110 Query	SELECT @@session.transaction_read_only
2026-01-17T04:47:46.409368Z	  111 Connect	root@172.24.0.1 on spring_batch using TCP/IP
2026-01-17T04:47:46.411721Z	  111 Query	/* mysql-connector-j-9.5.0 (Revision: a7b3c94f50efbddb9f0dd69b3e0d1aaa25305cd6) */SELECT  @@session.auto_increment_increment AS auto_increment_increment, @@character_set_client AS character_set_client, @@character_set_connection AS character_set_connection, @@character_set_results AS character_set_results, @@character_set_server AS character_set_server, @@collation_server AS collation_server, @@collation_connection AS collation_connection, @@init_connect AS init_connect, @@interactive_timeout AS interactive_timeout, @@license AS license, @@lower_case_table_names AS lower_case_table_names, @@max_allowed_packet AS max_allowed_packet, @@net_write_timeout AS net_write_timeout, @@performance_schema AS performance_schema, @@sql_mode AS sql_mode, @@system_time_zone AS system_time_zone, @@time_zone AS time_zone, @@transaction_isolation AS transaction_isolation, @@wait_timeout AS wait_timeout
2026-01-17T04:47:46.413297Z	  111 Query	SET character_set_results = NULL
2026-01-17T04:47:46.414736Z	  111 Query	SET autocommit=1
2026-01-17T04:47:46.416344Z	  111 Query	SELECT @@session.transaction_read_only
2026-01-17T04:47:46.463142Z	  112 Connect	root@172.24.0.1 on spring_batch using TCP/IP
2026-01-17T04:47:46.466183Z	  112 Query	/* mysql-connector-j-9.5.0 (Revision: a7b3c94f50efbddb9f0dd69b3e0d1aaa25305cd6) */SELECT  @@session.auto_increment_increment AS auto_increment_increment, @@character_set_client AS character_set_client, @@character_set_connection AS character_set_connection, @@character_set_results AS character_set_results, @@character_set_server AS character_set_server, @@collation_server AS collation_server, @@collation_connection AS collation_connection, @@init_connect AS init_connect, @@interactive_timeout AS interactive_timeout, @@license AS license, @@lower_case_table_names AS lower_case_table_names, @@max_allowed_packet AS max_allowed_packet, @@net_write_timeout AS net_write_timeout, @@performance_schema AS performance_schema, @@sql_mode AS sql_mode, @@system_time_zone AS system_time_zone, @@time_zone AS time_zone, @@transaction_isolation AS transaction_isolation, @@wait_timeout AS wait_timeout
2026-01-17T04:47:46.467840Z	  112 Query	SET character_set_results = NULL
2026-01-17T04:47:46.469227Z	  112 Query	SET autocommit=1
2026-01-17T04:47:46.470654Z	  112 Query	SELECT @@session.transaction_read_only
2026-01-17T04:47:46.510281Z	  113 Connect	root@172.24.0.1 on spring_batch using TCP/IP
2026-01-17T04:47:46.514919Z	  113 Query	/* mysql-connector-j-9.5.0 (Revision: a7b3c94f50efbddb9f0dd69b3e0d1aaa25305cd6) */SELECT  @@session.auto_increment_increment AS auto_increment_increment, @@character_set_client AS character_set_client, @@character_set_connection AS character_set_connection, @@character_set_results AS character_set_results, @@character_set_server AS character_set_server, @@collation_server AS collation_server, @@collation_connection AS collation_connection, @@init_connect AS init_connect, @@interactive_timeout AS interactive_timeout, @@license AS license, @@lower_case_table_names AS lower_case_table_names, @@max_allowed_packet AS max_allowed_packet, @@net_write_timeout AS net_write_timeout, @@performance_schema AS performance_schema, @@sql_mode AS sql_mode, @@system_time_zone AS system_time_zone, @@time_zone AS time_zone, @@transaction_isolation AS transaction_isolation, @@wait_timeout AS wait_timeout
2026-01-17T04:47:46.517296Z	  113 Query	SET character_set_results = NULL
2026-01-17T04:47:46.518714Z	  113 Query	SET autocommit=1
2026-01-17T04:47:46.519975Z	  113 Query	SELECT @@session.transaction_read_only
2026-01-17T04:47:46.556745Z	  114 Connect	root@172.24.0.1 on spring_batch using TCP/IP
2026-01-17T04:47:46.559643Z	  114 Query	/* mysql-connector-j-9.5.0 (Revision: a7b3c94f50efbddb9f0dd69b3e0d1aaa25305cd6) */SELECT  @@session.auto_increment_increment AS auto_increment_increment, @@character_set_client AS character_set_client, @@character_set_connection AS character_set_connection, @@character_set_results AS character_set_results, @@character_set_server AS character_set_server, @@collation_server AS collation_server, @@collation_connection AS collation_connection, @@init_connect AS init_connect, @@interactive_timeout AS interactive_timeout, @@license AS license, @@lower_case_table_names AS lower_case_table_names, @@max_allowed_packet AS max_allowed_packet, @@net_write_timeout AS net_write_timeout, @@performance_schema AS performance_schema, @@sql_mode AS sql_mode, @@system_time_zone AS system_time_zone, @@time_zone AS time_zone, @@transaction_isolation AS transaction_isolation, @@wait_timeout AS wait_timeout
2026-01-17T04:47:46.562609Z	  114 Query	SET character_set_results = NULL
2026-01-17T04:47:46.564255Z	  114 Query	SET autocommit=1
2026-01-17T04:47:46.565403Z	  114 Query	SELECT @@session.transaction_read_only
2026-01-17T04:47:46.608329Z	  115 Connect	root@172.24.0.1 on spring_batch using TCP/IP
2026-01-17T04:47:46.612295Z	  115 Query	/* mysql-connector-j-9.5.0 (Revision: a7b3c94f50efbddb9f0dd69b3e0d1aaa25305cd6) */SELECT  @@session.auto_increment_increment AS auto_increment_increment, @@character_set_client AS character_set_client, @@character_set_connection AS character_set_connection, @@character_set_results AS character_set_results, @@character_set_server AS character_set_server, @@collation_server AS collation_server, @@collation_connection AS collation_connection, @@init_connect AS init_connect, @@interactive_timeout AS interactive_timeout, @@license AS license, @@lower_case_table_names AS lower_case_table_names, @@max_allowed_packet AS max_allowed_packet, @@net_write_timeout AS net_write_timeout, @@performance_schema AS performance_schema, @@sql_mode AS sql_mode, @@system_time_zone AS system_time_zone, @@time_zone AS time_zone, @@transaction_isolation AS transaction_isolation, @@wait_timeout AS wait_timeout
2026-01-17T04:47:46.615786Z	  115 Query	SET character_set_results = NULL
2026-01-17T04:47:46.617137Z	  115 Query	SET autocommit=1
2026-01-17T04:47:46.618424Z	  115 Query	SELECT @@session.transaction_read_only
2026-01-17T04:47:46.649198Z	  106 Query	SELECT @@session.transaction_read_only
2026-01-17T04:47:46.657773Z	  106 Query	drop table if exists payment
2026-01-17T04:47:46.671003Z	  106 Query	SELECT @@session.transaction_read_only
2026-01-17T04:47:46.672356Z	  106 Query	drop table if exists payment_source
2026-01-17T04:47:46.683907Z	  106 Query	SELECT @@session.transaction_read_only
2026-01-17T04:47:46.685021Z	  106 Query	create table payment (currency decimal(38,2) not null, payment_date date not null, id bigint not null auto_increment, amount varchar(255) not null, status varchar(255) not null, primary key (id)) engine=InnoDB
2026-01-17T04:47:46.700128Z	  106 Query	SELECT @@session.transaction_read_only
2026-01-17T04:47:46.701199Z	  106 Query	create table payment_source (discount_amount decimal(38,2) not null, final_amount decimal(38,2) not null, original_amount decimal(38,2) not null, payment_date date not null, id bigint not null auto_increment, partner_corp_name varchar(100) not null, primary key (id)) engine=InnoDB
2026-01-17T04:47:46.898533Z	  106 Query	SET autocommit=0
2026-01-17T04:47:46.908535Z	  106 Query	SELECT JOB_INSTANCE_ID, JOB_NAME
FROM BATCH_JOB_INSTANCE
WHERE JOB_NAME = 'paymentReportJob'
 AND JOB_KEY = 'a2469ba6310590111b522ccc4ea82d32'
2026-01-17T04:47:46.914438Z	  106 Query	COMMIT
2026-01-17T04:47:46.915706Z	  106 Query	SET autocommit=1
2026-01-17T04:47:46.917879Z	  106 Query	SELECT JOB_INSTANCE_ID, JOB_NAME
FROM BATCH_JOB_INSTANCE I1
WHERE I1.JOB_NAME = 'paymentReportJob' AND I1.JOB_INSTANCE_ID = (SELECT MAX(I2.JOB_INSTANCE_ID) FROM BATCH_JOB_INSTANCE I2 WHERE I2.JOB_NAME = 'paymentReportJob')
2026-01-17T04:47:46.920258Z	  106 Query	SELECT JOB_EXECUTION_ID, START_TIME, END_TIME, STATUS, EXIT_CODE, EXIT_MESSAGE, CREATE_TIME, LAST_UPDATED, VERSION
FROM BATCH_JOB_EXECUTION
 WHERE JOB_INSTANCE_ID = 7 AND JOB_EXECUTION_ID IN (SELECT MAX(JOB_EXECUTION_ID) FROM BATCH_JOB_EXECUTION E2 WHERE E2.JOB_INSTANCE_ID = 7)
2026-01-17T04:47:46.921851Z	  106 Query	SELECT JOB_EXECUTION_ID, PARAMETER_NAME, PARAMETER_TYPE, PARAMETER_VALUE, IDENTIFYING
FROM BATCH_JOB_EXECUTION_PARAMS
WHERE JOB_EXECUTION_ID = 7
2026-01-17T04:47:46.923885Z	  106 Query	SELECT JI.JOB_INSTANCE_ID, JOB_NAME, JOB_KEY, JI.VERSION
FROM BATCH_JOB_INSTANCE JI, BATCH_JOB_EXECUTION JE
WHERE JOB_EXECUTION_ID = 7 AND JI.JOB_INSTANCE_ID = JE.JOB_INSTANCE_ID
2026-01-17T04:47:46.925314Z	  106 Query	SELECT STEP_EXECUTION_ID, STEP_NAME, START_TIME, END_TIME, STATUS, COMMIT_COUNT, READ_COUNT, FILTER_COUNT, WRITE_COUNT, EXIT_CODE, EXIT_MESSAGE, READ_SKIP_COUNT, WRITE_SKIP_COUNT, PROCESS_SKIP_COUNT, ROLLBACK_COUNT, LAST_UPDATED, VERSION, CREATE_TIME
FROM BATCH_STEP_EXECUTION
 WHERE JOB_EXECUTION_ID = 7 ORDER BY STEP_EXECUTION_ID
2026-01-17T04:47:46.926963Z	  106 Query	SELECT SHORT_CONTEXT, SERIALIZED_CONTEXT
FROM BATCH_JOB_EXECUTION_CONTEXT
WHERE JOB_EXECUTION_ID = 7
2026-01-17T04:47:46.929859Z	  106 Query	SELECT SHORT_CONTEXT, SERIALIZED_CONTEXT
FROM BATCH_STEP_EXECUTION_CONTEXT
WHERE STEP_EXECUTION_ID = 7
2026-01-17T04:47:46.931643Z	  106 Query	SELECT @@session.transaction_isolation
2026-01-17T04:47:46.932827Z	  106 Query	SET SESSION TRANSACTION ISOLATION LEVEL SERIALIZABLE
2026-01-17T04:47:46.933629Z	  106 Query	SET autocommit=0
2026-01-17T04:47:46.935037Z	  106 Query	SELECT JOB_INSTANCE_ID, JOB_NAME
FROM BATCH_JOB_INSTANCE
WHERE JOB_NAME = 'paymentReportJob'
 AND JOB_KEY = '799bb868c7c319e11906a480fff7d1b9'
2026-01-17T04:47:46.936106Z	  106 Query	COMMIT
2026-01-17T04:47:46.936901Z	  106 Query	SET autocommit=1
2026-01-17T04:47:46.937715Z	  106 Query	SET SESSION TRANSACTION ISOLATION LEVEL REPEATABLE READ
2026-01-17T04:47:46.938622Z	  106 Query	SELECT @@session.transaction_isolation
2026-01-17T04:47:46.939524Z	  106 Query	SET SESSION TRANSACTION ISOLATION LEVEL SERIALIZABLE
2026-01-17T04:47:46.940373Z	  106 Query	SET autocommit=0
2026-01-17T04:47:46.941404Z	  106 Query	SELECT JOB_INSTANCE_ID, JOB_NAME
FROM BATCH_JOB_INSTANCE
WHERE JOB_NAME = 'paymentReportJob'
 AND JOB_KEY = '799bb868c7c319e11906a480fff7d1b9'
2026-01-17T04:47:46.942535Z	  106 Query	SELECT JOB_INSTANCE_ID, JOB_NAME
FROM BATCH_JOB_INSTANCE
WHERE JOB_NAME = 'paymentReportJob'
 AND JOB_KEY = '799bb868c7c319e11906a480fff7d1b9'
2026-01-17T04:47:46.944011Z	  107 Query	SET autocommit=0
2026-01-17T04:47:46.946241Z	  107 Query	update BATCH_JOB_SEQ set ID = last_insert_id(ID + 1) limit 1
2026-01-17T04:47:46.947350Z	  107 Query	select last_insert_id()
2026-01-17T04:47:46.948471Z	  107 Query	COMMIT
2026-01-17T04:47:46.950326Z	  107 Query	SET autocommit=1
2026-01-17T04:47:46.952214Z	  106 Query	INSERT INTO BATCH_JOB_INSTANCE(JOB_INSTANCE_ID, JOB_NAME, JOB_KEY, VERSION)
	VALUES (8, 'paymentReportJob', '799bb868c7c319e11906a480fff7d1b9', 0)
2026-01-17T04:47:46.953341Z	  107 Query	SET autocommit=0
2026-01-17T04:47:46.954340Z	  107 Query	update BATCH_JOB_EXECUTION_SEQ set ID = last_insert_id(ID + 1) limit 1
2026-01-17T04:47:46.955291Z	  107 Query	select last_insert_id()
2026-01-17T04:47:46.956468Z	  107 Query	COMMIT
2026-01-17T04:47:46.958556Z	  107 Query	SET autocommit=1
2026-01-17T04:47:46.964036Z	  106 Query	INSERT INTO BATCH_JOB_EXECUTION(JOB_EXECUTION_ID, JOB_INSTANCE_ID, START_TIME, END_TIME, STATUS, EXIT_CODE, EXIT_MESSAGE, VERSION, CREATE_TIME, LAST_UPDATED)
	VALUES (8, 8, null, null, 'STARTING', 'UNKNOWN', '', 0, '2026-01-17 13:47:46.953234', '2026-01-17 13:47:46.95325')
2026-01-17T04:47:46.966351Z	  106 Query	SELECT @@session.transaction_read_only
2026-01-17T04:47:46.967363Z	  106 Query	INSERT INTO BATCH_JOB_EXECUTION_PARAMS(JOB_EXECUTION_ID, PARAMETER_NAME, PARAMETER_TYPE, PARAMETER_VALUE, IDENTIFYING)
	VALUES (8, 'run.id', 'java.lang.Long', '5', 'Y')
2026-01-17T04:47:46.968573Z	  106 Query	INSERT INTO BATCH_JOB_EXECUTION_PARAMS(JOB_EXECUTION_ID, PARAMETER_NAME, PARAMETER_TYPE, PARAMETER_VALUE, IDENTIFYING)
	VALUES (8, '-job.name', 'java.lang.String', 'paymentReportJob', 'Y')
2026-01-17T04:47:46.970325Z	  106 Query	INSERT INTO BATCH_JOB_EXECUTION_CONTEXT (SHORT_CONTEXT, SERIALIZED_CONTEXT, JOB_EXECUTION_ID)
	VALUES('rO0ABXNyABFqYXZhLnV0aWwuSGFzaE1hcAUH2sHDFmDRAwACRgAKbG9hZEZhY3RvckkACXRocmVzaG9sZHhwP0AAAAAAAAB3CAAAABAAAAAAeA==', null, 8)
2026-01-17T04:47:46.971463Z	  106 Query	COMMIT
2026-01-17T04:47:46.973372Z	  106 Query	SET autocommit=1
2026-01-17T04:47:46.974347Z	  106 Query	SET SESSION TRANSACTION ISOLATION LEVEL REPEATABLE READ
2026-01-17T04:47:46.979955Z	  106 Query	SET autocommit=0
2026-01-17T04:47:46.981526Z	  106 Query	SELECT VERSION
FROM BATCH_JOB_EXECUTION
WHERE JOB_EXECUTION_ID=8
2026-01-17T04:47:46.983188Z	  106 Query	SELECT COUNT(*)
FROM BATCH_JOB_EXECUTION
WHERE JOB_EXECUTION_ID = 8
2026-01-17T04:47:46.984544Z	  106 Query	UPDATE BATCH_JOB_EXECUTION
SET START_TIME = '2026-01-17 13:47:46.979642', END_TIME = null,  STATUS = 'STARTED', EXIT_CODE = 'UNKNOWN', EXIT_MESSAGE = '', VERSION = VERSION + 1, CREATE_TIME = '2026-01-17 13:47:46.953234', LAST_UPDATED = '2026-01-17 13:47:46.98098'
WHERE JOB_EXECUTION_ID = 8 AND VERSION = 0
2026-01-17T04:47:46.985593Z	  106 Query	COMMIT
2026-01-17T04:47:46.987770Z	  106 Query	SET autocommit=1
2026-01-17T04:47:46.988895Z	  106 Query	SET autocommit=0
2026-01-17T04:47:46.990219Z	  106 Query	SELECT SE.STEP_EXECUTION_ID, SE.STEP_NAME, SE.START_TIME, SE.END_TIME, SE.STATUS, SE.COMMIT_COUNT, SE.READ_COUNT, SE.FILTER_COUNT, SE.WRITE_COUNT, SE.EXIT_CODE, SE.EXIT_MESSAGE, SE.READ_SKIP_COUNT, SE.WRITE_SKIP_COUNT, SE.PROCESS_SKIP_COUNT, SE.ROLLBACK_COUNT, SE.LAST_UPDATED, SE.VERSION, SE.CREATE_TIME, JE.JOB_EXECUTION_ID, JE.START_TIME, JE.END_TIME, JE.STATUS, JE.EXIT_CODE, JE.EXIT_MESSAGE, JE.CREATE_TIME, JE.LAST_UPDATED, JE.VERSION
FROM BATCH_JOB_EXECUTION JE
	JOIN BATCH_STEP_EXECUTION SE ON SE.JOB_EXECUTION_ID = JE.JOB_EXECUTION_ID
WHERE JE.JOB_INSTANCE_ID = 8 AND SE.STEP_NAME = 'paymentReportStep'
2026-01-17T04:47:46.991961Z	  106 Query	COMMIT
2026-01-17T04:47:46.992829Z	  106 Query	SET autocommit=1
2026-01-17T04:47:46.993763Z	  106 Query	SET autocommit=0
2026-01-17T04:47:46.994820Z	  106 Query	SELECT COUNT(*)
FROM BATCH_JOB_EXECUTION JE
	JOIN BATCH_STEP_EXECUTION SE ON SE.JOB_EXECUTION_ID = JE.JOB_EXECUTION_ID
WHERE JE.JOB_INSTANCE_ID = 8 AND SE.STEP_NAME = 'paymentReportStep'
2026-01-17T04:47:46.995854Z	  106 Query	COMMIT
2026-01-17T04:47:46.996688Z	  106 Query	SET autocommit=1
2026-01-17T04:47:46.997790Z	  106 Query	SET autocommit=0
2026-01-17T04:47:46.998722Z	  107 Query	SET autocommit=0
2026-01-17T04:47:46.999790Z	  107 Query	update BATCH_STEP_EXECUTION_SEQ set ID = last_insert_id(ID + 1) limit 1
2026-01-17T04:47:47.000799Z	  107 Query	select last_insert_id()
2026-01-17T04:47:47.001871Z	  107 Query	COMMIT
2026-01-17T04:47:47.003650Z	  107 Query	SET autocommit=1
2026-01-17T04:47:47.005191Z	  106 Query	INSERT INTO BATCH_STEP_EXECUTION(STEP_EXECUTION_ID, VERSION, STEP_NAME, JOB_EXECUTION_ID, START_TIME, END_TIME, STATUS, COMMIT_COUNT, READ_COUNT, FILTER_COUNT, WRITE_COUNT, EXIT_CODE, EXIT_MESSAGE, READ_SKIP_COUNT, WRITE_SKIP_COUNT, PROCESS_SKIP_COUNT, ROLLBACK_COUNT, LAST_UPDATED, CREATE_TIME)
	VALUES (8, 0, 'paymentReportStep', 8, null, null, 'STARTING', 0, 0, 0, 0, 'EXECUTING', '', 0, 0, 0, 0, '2026-01-17 13:47:46.998665', '2026-01-17 13:47:46.997663')
2026-01-17T04:47:47.006365Z	  106 Query	INSERT INTO BATCH_STEP_EXECUTION_CONTEXT (SHORT_CONTEXT, SERIALIZED_CONTEXT, STEP_EXECUTION_ID)
	VALUES('rO0ABXNyABFqYXZhLnV0aWwuSGFzaE1hcAUH2sHDFmDRAwACRgAKbG9hZEZhY3RvckkACXRocmVzaG9sZHhwP0AAAAAAAAB3CAAAABAAAAAAeA==', null, 8)
2026-01-17T04:47:47.007381Z	  106 Query	COMMIT
2026-01-17T04:47:47.009180Z	  106 Query	SET autocommit=1
2026-01-17T04:47:47.010959Z	  106 Query	SET autocommit=0
2026-01-17T04:47:47.012346Z	  106 Query	UPDATE BATCH_STEP_EXECUTION
SET START_TIME = '2026-01-17 13:47:47.010404', END_TIME = null, STATUS = 'STARTED', COMMIT_COUNT = 0, READ_COUNT = 0, FILTER_COUNT = 0, WRITE_COUNT = 0, EXIT_CODE = 'EXECUTING', EXIT_MESSAGE = '', VERSION = VERSION + 1, READ_SKIP_COUNT = 0, PROCESS_SKIP_COUNT = 0, WRITE_SKIP_COUNT = 0, ROLLBACK_COUNT = 0, LAST_UPDATED = '2026-01-17 13:47:47.011906'
WHERE STEP_EXECUTION_ID = 8 AND VERSION = 0
2026-01-17T04:47:47.013489Z	  106 Query	SELECT VERSION
FROM BATCH_JOB_EXECUTION
WHERE JOB_EXECUTION_ID=8
2026-01-17T04:47:47.014694Z	  106 Query	COMMIT
2026-01-17T04:47:47.016882Z	  106 Query	SET autocommit=1
2026-01-17T04:47:47.019024Z	  106 Query	SET autocommit=0
2026-01-17T04:47:47.020196Z	  106 Query	UPDATE BATCH_STEP_EXECUTION_CONTEXT
SET SHORT_CONTEXT = 'rO0ABXNyABFqYXZhLnV0aWwuSGFzaE1hcAUH2sHDFmDRAwACRgAKbG9hZEZhY3RvckkACXRocmVzaG9sZHhwP0AAAAAAAAx3CAAAABAAAAAEdAAecGF5bWVudFJlcG9ydFJlYWRlci5yZWFkLmNvdW50c3IAEWphdmEubGFuZy5JbnRlZ2VyEuKgpPeBhzgCAAFJAAV2YWx1ZXhyABBqYXZhLmxhbmcuTnVtYmVyhqyVHQuU4IsCAAB4cAAAAAB0ABFiYXRjaC50YXNrbGV0VHlwZXQAPW9yZy5zcHJpbmdmcmFtZXdvcmsuYmF0Y2guY29yZS5zdGVwLml0ZW0uQ2h1bmtPcmllbnRlZFRhc2tsZXR0AA1iYXRjaC52ZXJzaW9udAAFNS4yLjR0AA5iYXRjaC5zdGVwVHlwZXQAN29yZy5zcHJpbmdmcmFtZXdvcmsuYmF0Y2guY29yZS5zdGVwLnRhc2tsZXQuVGFza2xldFN0ZXB4', SERIALIZED_CONTEXT = null
WHERE STEP_EXECUTION_ID = 8
2026-01-17T04:47:47.021205Z	  106 Query	COMMIT
2026-01-17T04:47:47.023426Z	  106 Query	SET autocommit=1
2026-01-17T04:47:47.025621Z	  106 Query	SET autocommit=0
2026-01-17T04:47:47.027239Z	  107 Query	SET autocommit=0
2026-01-17T04:47:47.138000Z	  107 Query	select ps1_0.id,ps1_0.discount_amount,ps1_0.final_amount,ps1_0.original_amount,ps1_0.partner_corp_name,ps1_0.payment_date from payment_source ps1_0 limit 0,10
2026-01-17T04:47:47.153408Z	  107 Query	COMMIT
2026-01-17T04:47:47.155264Z	  107 Query	SET autocommit=1
2026-01-17T04:47:47.158444Z	  106 Query	UPDATE BATCH_STEP_EXECUTION_CONTEXT
SET SHORT_CONTEXT = 'rO0ABXNyABFqYXZhLnV0aWwuSGFzaE1hcAUH2sHDFmDRAwACRgAKbG9hZEZhY3RvckkACXRocmVzaG9sZHhwP0AAAAAAAAx3CAAAABAAAAAEdAAecGF5bWVudFJlcG9ydFJlYWRlci5yZWFkLmNvdW50c3IAEWphdmEubGFuZy5JbnRlZ2VyEuKgpPeBhzgCAAFJAAV2YWx1ZXhyABBqYXZhLmxhbmcuTnVtYmVyhqyVHQuU4IsCAAB4cAAAAAF0ABFiYXRjaC50YXNrbGV0VHlwZXQAPW9yZy5zcHJpbmdmcmFtZXdvcmsuYmF0Y2guY29yZS5zdGVwLml0ZW0uQ2h1bmtPcmllbnRlZFRhc2tsZXR0AA1iYXRjaC52ZXJzaW9udAAFNS4yLjR0AA5iYXRjaC5zdGVwVHlwZXQAN29yZy5zcHJpbmdmcmFtZXdvcmsuYmF0Y2guY29yZS5zdGVwLnRhc2tsZXQuVGFza2xldFN0ZXB4', SERIALIZED_CONTEXT = null
WHERE STEP_EXECUTION_ID = 8
2026-01-17T04:47:47.160306Z	  106 Query	UPDATE BATCH_STEP_EXECUTION
SET START_TIME = '2026-01-17 13:47:47.010404', END_TIME = null, STATUS = 'STARTED', COMMIT_COUNT = 1, READ_COUNT = 0, FILTER_COUNT = 0, WRITE_COUNT = 0, EXIT_CODE = 'EXECUTING', EXIT_MESSAGE = '', VERSION = VERSION + 1, READ_SKIP_COUNT = 0, PROCESS_SKIP_COUNT = 0, WRITE_SKIP_COUNT = 0, ROLLBACK_COUNT = 0, LAST_UPDATED = '2026-01-17 13:47:47.159787'
WHERE STEP_EXECUTION_ID = 8 AND VERSION = 1
2026-01-17T04:47:47.161635Z	  106 Query	SELECT VERSION
FROM BATCH_JOB_EXECUTION
WHERE JOB_EXECUTION_ID=8
2026-01-17T04:47:47.162983Z	  106 Query	COMMIT
2026-01-17T04:47:47.165273Z	  106 Query	SET autocommit=1
2026-01-17T04:47:47.167076Z	  106 Query	SET autocommit=0
2026-01-17T04:47:47.168345Z	  106 Query	UPDATE BATCH_STEP_EXECUTION_CONTEXT
SET SHORT_CONTEXT = 'rO0ABXNyABFqYXZhLnV0aWwuSGFzaE1hcAUH2sHDFmDRAwACRgAKbG9hZEZhY3RvckkACXRocmVzaG9sZHhwP0AAAAAAAAx3CAAAABAAAAAEdAAecGF5bWVudFJlcG9ydFJlYWRlci5yZWFkLmNvdW50c3IAEWphdmEubGFuZy5JbnRlZ2VyEuKgpPeBhzgCAAFJAAV2YWx1ZXhyABBqYXZhLmxhbmcuTnVtYmVyhqyVHQuU4IsCAAB4cAAAAAF0ABFiYXRjaC50YXNrbGV0VHlwZXQAPW9yZy5zcHJpbmdmcmFtZXdvcmsuYmF0Y2guY29yZS5zdGVwLml0ZW0uQ2h1bmtPcmllbnRlZFRhc2tsZXR0AA1iYXRjaC52ZXJzaW9udAAFNS4yLjR0AA5iYXRjaC5zdGVwVHlwZXQAN29yZy5zcHJpbmdmcmFtZXdvcmsuYmF0Y2guY29yZS5zdGVwLnRhc2tsZXQuVGFza2xldFN0ZXB4', SERIALIZED_CONTEXT = null
WHERE STEP_EXECUTION_ID = 8
2026-01-17T04:47:47.169652Z	  106 Query	COMMIT
2026-01-17T04:47:47.170561Z	  106 Query	SET autocommit=1
2026-01-17T04:47:47.171582Z	  106 Query	SET autocommit=0
2026-01-17T04:47:47.173104Z	  106 Query	UPDATE BATCH_STEP_EXECUTION
SET START_TIME = '2026-01-17 13:47:47.010404', END_TIME = '2026-01-17 13:47:47.166591', STATUS = 'COMPLETED', COMMIT_COUNT = 1, READ_COUNT = 0, FILTER_COUNT = 0, WRITE_COUNT = 0, EXIT_CODE = 'COMPLETED', EXIT_MESSAGE = '', VERSION = VERSION + 1, READ_SKIP_COUNT = 0, PROCESS_SKIP_COUNT = 0, WRITE_SKIP_COUNT = 0, ROLLBACK_COUNT = 0, LAST_UPDATED = '2026-01-17 13:47:47.172619'
WHERE STEP_EXECUTION_ID = 8 AND VERSION = 2
2026-01-17T04:47:47.174337Z	  106 Query	SELECT VERSION
FROM BATCH_JOB_EXECUTION
WHERE JOB_EXECUTION_ID=8
2026-01-17T04:47:47.175402Z	  106 Query	COMMIT
2026-01-17T04:47:47.177483Z	  106 Query	SET autocommit=1
2026-01-17T04:47:47.178911Z	  107 Query	SET autocommit=0
2026-01-17T04:47:47.180393Z	  107 Query	UPDATE BATCH_JOB_EXECUTION_CONTEXT
SET SHORT_CONTEXT = 'rO0ABXNyABFqYXZhLnV0aWwuSGFzaE1hcAUH2sHDFmDRAwACRgAKbG9hZEZhY3RvckkACXRocmVzaG9sZHhwP0AAAAAAAAx3CAAAABAAAAABdAANYmF0Y2gudmVyc2lvbnQABTUuMi40eA==', SERIALIZED_CONTEXT = null
WHERE JOB_EXECUTION_ID = 8
2026-01-17T04:47:47.181544Z	  107 Query	COMMIT
2026-01-17T04:47:47.184650Z	  107 Query	SET autocommit=1
2026-01-17T04:47:47.185934Z	  107 Query	SET autocommit=0
2026-01-17T04:47:47.186978Z	  107 Query	SELECT VERSION
FROM BATCH_JOB_EXECUTION
WHERE JOB_EXECUTION_ID=8
2026-01-17T04:47:47.188203Z	  107 Query	SELECT COUNT(*)
FROM BATCH_JOB_EXECUTION
WHERE JOB_EXECUTION_ID = 8
2026-01-17T04:47:47.189650Z	  107 Query	UPDATE BATCH_JOB_EXECUTION
SET START_TIME = '2026-01-17 13:47:46.979642', END_TIME = '2026-01-17 13:47:47.185823',  STATUS = 'COMPLETED', EXIT_CODE = 'COMPLETED', EXIT_MESSAGE = '', VERSION = VERSION + 1, CREATE_TIME = '2026-01-17 13:47:46.953234', LAST_UPDATED = '2026-01-17 13:47:47.186871'
WHERE JOB_EXECUTION_ID = 8 AND VERSION = 1
2026-01-17T04:47:47.190991Z	  107 Query	COMMIT
2026-01-17T04:47:47.193277Z	  107 Query	SET autocommit=1
2026-01-17T04:47:47.201490Z	  106 Quit	
2026-01-17T04:47:47.202643Z	  107 Quit	
2026-01-17T04:47:47.202660Z	  109 Quit	
2026-01-17T04:47:47.202673Z	  108 Quit	
2026-01-17T04:47:47.202691Z	  110 Quit	
2026-01-17T04:47:47.202773Z	  113 Quit	
2026-01-17T04:47:47.202782Z	  111 Quit	
2026-01-17T04:47:47.202794Z	  112 Quit	
2026-01-17T04:47:47.202925Z	  114 Quit	
2026-01-17T04:47:47.202935Z	  115 Quit	
2026-01-17T04:47:55.870402Z	   51 Query	SELECT @@session.transaction_isolation
2026-01-17T04:47:55.878492Z	   51 Query	/* ApplicationName=IntelliJ IDEA 2025.1.3 */ SET SESSION TRANSACTION READ WRITE
2026-01-17T04:47:55.884091Z	   51 Query	SELECT @@session.transaction_read_only
2026-01-17T04:47:55.890571Z	   51 Query	/* ApplicationName=IntelliJ IDEA 2025.1.3 */ SET sql_select_limit=DEFAULT
2026-01-17T04:47:55.892184Z	   51 Query	/* ApplicationName=IntelliJ IDEA 2025.1.3 */ select database()
2026-01-17T04:47:55.901607Z	   51 Query	/* ApplicationName=IntelliJ IDEA 2025.1.3 */ SET net_write_timeout=600
2026-01-17T04:47:55.903490Z	   51 Query	/* ApplicationName=IntelliJ IDEA 2025.1.3 */ SET sql_select_limit=501
2026-01-17T04:47:55.904966Z	   51 Query	/* ApplicationName=IntelliJ IDEA 2025.1.3 */ select *
from payment_source
2026-01-17T04:47:55.979276Z	   51 Query	SELECT @@session.transaction_isolation
2026-01-17T04:47:55.987185Z	   51 Query	SELECT @@session.transaction_isolation
2026-01-17T04:47:55.993289Z	   51 Query	/* ApplicationName=IntelliJ IDEA 2025.1.3 */ SET SESSION TRANSACTION READ WRITE
2026-01-17T04:47:55.996592Z	   51 Query	SELECT @@session.transaction_read_only
2026-01-17T04:47:56.002759Z	   51 Query	/* ApplicationName=IntelliJ IDEA 2025.1.3 */ SET sql_select_limit=DEFAULT
2026-01-17T04:47:56.004582Z	   51 Query	/* ApplicationName=IntelliJ IDEA 2025.1.3 */ select database()
2026-01-17T04:47:56.010298Z	   51 Query	/* ApplicationName=IntelliJ IDEA 2025.1.3 */ SET net_write_timeout=600
2026-01-17T04:47:56.011459Z	   51 Query	/* ApplicationName=IntelliJ IDEA 2025.1.3 */ SET sql_select_limit=501
2026-01-17T04:47:56.012618Z	   51 Query	/* ApplicationName=IntelliJ IDEA 2025.1.3 */ select *
from payment
where id = 1
2026-01-17T04:47:56.318063Z	   51 Query	SELECT @@session.transaction_isolation
2026-01-17T04:47:59.278331Z	   51 Query	SELECT @@session.transaction_isolation
2026-01-17T04:47:59.282682Z	   51 Query	/* ApplicationName=IntelliJ IDEA 2025.1.3 */ SET SESSION TRANSACTION READ WRITE
2026-01-17T04:47:59.288051Z	   51 Query	SELECT @@session.transaction_read_only
2026-01-17T04:47:59.293207Z	   51 Query	/* ApplicationName=IntelliJ IDEA 2025.1.3 */ SET sql_select_limit=DEFAULT
2026-01-17T04:47:59.294784Z	   51 Query	/* ApplicationName=IntelliJ IDEA 2025.1.3 */ select database()
2026-01-17T04:47:59.301692Z	   51 Query	/* ApplicationName=IntelliJ IDEA 2025.1.3 */ SET net_write_timeout=600
2026-01-17T04:47:59.303038Z	   51 Query	/* ApplicationName=IntelliJ IDEA 2025.1.3 */ SET sql_select_limit=501
2026-01-17T04:47:59.304236Z	   51 Query	/* ApplicationName=IntelliJ IDEA 2025.1.3 */ select *
from payment_source
2026-01-17T04:47:59.346655Z	   51 Query	SELECT @@session.transaction_isolation
2026-01-17T04:48:21.591266Z	   51 Query	SELECT @@session.transaction_isolation
2026-01-17T04:48:21.596728Z	   51 Query	/* ApplicationName=IntelliJ IDEA 2025.1.3 */ SET SESSION TRANSACTION READ WRITE
2026-01-17T04:48:21.599441Z	   51 Query	SELECT @@session.transaction_read_only
2026-01-17T04:48:21.604482Z	   51 Query	/* ApplicationName=IntelliJ IDEA 2025.1.3 */ SET sql_select_limit=DEFAULT
2026-01-17T04:48:21.606329Z	   51 Query	/* ApplicationName=IntelliJ IDEA 2025.1.3 */ select database()
2026-01-17T04:48:21.614700Z	   51 Query	/* ApplicationName=IntelliJ IDEA 2025.1.3 */ SET net_write_timeout=600
2026-01-17T04:48:21.616109Z	   51 Query	/* ApplicationName=IntelliJ IDEA 2025.1.3 */ SET sql_select_limit=501
2026-01-17T04:48:21.617410Z	   51 Query	/* ApplicationName=IntelliJ IDEA 2025.1.3 */ select ps1_0.id,
       ps1_0.discount_amount,
       ps1_0.final_amount,
       ps1_0.original_amount,
       ps1_0.payment_date,
       ps1_0.partner_corp_name
from payment_source ps1_0
limit 0,10
2026-01-17T04:48:21.766554Z	   51 Query	SELECT @@session.transaction_isolation
2026-01-17T04:48:25.476864Z	   51 Query	SELECT @@session.transaction_isolation
2026-01-17T04:48:25.483245Z	   51 Query	/* ApplicationName=IntelliJ IDEA 2025.1.3 */ SET SESSION TRANSACTION READ WRITE
2026-01-17T04:48:25.487431Z	   51 Query	SELECT @@session.transaction_read_only
2026-01-17T04:48:25.498280Z	   51 Query	SELECT @@session.transaction_read_only
2026-01-17T04:48:25.499812Z	   51 Query	/* ApplicationName=IntelliJ IDEA 2025.1.3 */ SET net_write_timeout=600
2026-01-17T04:48:25.501645Z	   51 Query	/* ApplicationName=IntelliJ IDEA 2025.1.3 */ SET sql_select_limit=DEFAULT
2026-01-17T04:48:25.503054Z	   51 Query	/* ApplicationName=IntelliJ IDEA 2025.1.3 */ INSERT INTO payment_source (discount_amount, final_amount, original_amount, partner_corp_name, payment_date)
VALUES (100.00, 900.00, 1000.00, 'Partner Corp 1', '2025-05-01'),
       (150.00, 1850.00, 2000.00, 'Partner Corp 2', '2025-05-01'),
       (200.00, 2800.00, 3000.00, 'Partner Corp 3', '2025-05-01'),
       (250.00, 3750.00, 4000.00, 'Partner Corp 4', '2025-05-01'),
       (300.00, 4700.00, 5000.00, 'Partner Corp 5', '2025-05-01'),
       (350.00, 5650.00, 6000.00, 'Partner Corp 6', '2025-05-01'),
       (400.00, 6600.00, 7000.00, 'Partner Corp 7', '2025-05-01'),
       (450.00, 7550.00, 8000.00, 'Partner Corp 8', '2025-05-01'),
       (500.00, 8500.00, 9000.00, 'Partner Corp 9', '2025-05-01'),
       (550.00, 9450.00, 10000.00, 'Partner Corp 10', '2025-05-01'),
       (600.00, 10400.00, 11000.00, 'Partner Corp 11', '2025-05-01'),
       (650.00, 11350.00, 12000.00, 'Partner Corp 12', '2025-05-01'),
       (700.00, 12300.00, 13000.00, 'Partner Corp 13', '2025-05-01'),
       (750.00, 13250.00, 14000.00, 'Partner Corp 14', '2025-05-01'),
       (800.00, 14200.00, 15000.00, 'Partner Corp 15', '2025-05-01'),
       (850.00, 15150.00, 16000.00, 'Partner Corp 16', '2025-05-01'),
       (900.00, 16100.00, 17000.00, 'Partner Corp 17', '2025-05-01'),
       (950.00, 17050.00, 18000.00, 'Partner Corp 18', '2025-05-01'),
       (1000.00, 18000.00, 19000.00, 'Partner Corp 19', '2025-05-01'),
       (1050.00, 18950.00, 20000.00, 'Partner Corp 20', '2025-05-01')
2026-01-17T04:48:25.511583Z	   51 Query	SELECT @@session.transaction_isolation
2026-01-17T04:48:25.516466Z	   51 Query	SELECT @@session.transaction_isolation
2026-01-17T04:48:25.518243Z	   51 Query	/* ApplicationName=IntelliJ IDEA 2025.1.3 */ SET SESSION TRANSACTION READ WRITE
2026-01-17T04:48:25.520110Z	   51 Query	SELECT @@session.transaction_read_only
2026-01-17T04:48:25.523950Z	   51 Query	/* ApplicationName=IntelliJ IDEA 2025.1.3 */ SET net_write_timeout=600
2026-01-17T04:48:25.525304Z	   51 Query	/* ApplicationName=IntelliJ IDEA 2025.1.3 */ commit
2026-01-17T04:48:25.529146Z	   51 Query	/* ApplicationName=IntelliJ IDEA 2025.1.3 */ select database()
2026-01-17T04:48:25.534315Z	   51 Query	SELECT @@session.transaction_isolation
2026-01-17T04:48:28.426975Z	   51 Query	SELECT @@session.transaction_isolation
2026-01-17T04:48:28.431120Z	   51 Query	/* ApplicationName=IntelliJ IDEA 2025.1.3 */ SET SESSION TRANSACTION READ WRITE
2026-01-17T04:48:28.435817Z	   51 Query	SELECT @@session.transaction_read_only
2026-01-17T04:48:28.440969Z	   51 Query	/* ApplicationName=IntelliJ IDEA 2025.1.3 */ select database()
2026-01-17T04:48:28.448902Z	   51 Query	/* ApplicationName=IntelliJ IDEA 2025.1.3 */ SET net_write_timeout=600
2026-01-17T04:48:28.450447Z	   51 Query	/* ApplicationName=IntelliJ IDEA 2025.1.3 */ SET sql_select_limit=501
2026-01-17T04:48:28.451987Z	   51 Query	/* ApplicationName=IntelliJ IDEA 2025.1.3 */ select ps1_0.id,
       ps1_0.discount_amount,
       ps1_0.final_amount,
       ps1_0.original_amount,
       ps1_0.payment_date,
       ps1_0.partner_corp_name
from payment_source ps1_0
limit 0,10
2026-01-17T04:48:28.752586Z	   51 Query	SELECT @@session.transaction_isolation
2026-01-17T04:48:37.499247Z	  116 Connect	root@172.24.0.1 on spring_batch using TCP/IP
2026-01-17T04:48:37.509226Z	  116 Query	/* mysql-connector-j-9.5.0 (Revision: a7b3c94f50efbddb9f0dd69b3e0d1aaa25305cd6) */SELECT  @@session.auto_increment_increment AS auto_increment_increment, @@character_set_client AS character_set_client, @@character_set_connection AS character_set_connection, @@character_set_results AS character_set_results, @@character_set_server AS character_set_server, @@collation_server AS collation_server, @@collation_connection AS collation_connection, @@init_connect AS init_connect, @@interactive_timeout AS interactive_timeout, @@license AS license, @@lower_case_table_names AS lower_case_table_names, @@max_allowed_packet AS max_allowed_packet, @@net_write_timeout AS net_write_timeout, @@performance_schema AS performance_schema, @@sql_mode AS sql_mode, @@system_time_zone AS system_time_zone, @@time_zone AS time_zone, @@transaction_isolation AS transaction_isolation, @@wait_timeout AS wait_timeout
2026-01-17T04:48:37.515478Z	  116 Query	SET character_set_results = NULL
2026-01-17T04:48:37.518982Z	  116 Query	SET autocommit=1
2026-01-17T04:48:37.525577Z	  116 Query	SELECT @@session.transaction_read_only
2026-01-17T04:48:37.530871Z	  116 Query	SELECT @@session.transaction_isolation
2026-01-17T04:48:37.645546Z	  117 Connect	root@172.24.0.1 on spring_batch using TCP/IP
2026-01-17T04:48:37.650965Z	  117 Query	/* mysql-connector-j-9.5.0 (Revision: a7b3c94f50efbddb9f0dd69b3e0d1aaa25305cd6) */SELECT  @@session.auto_increment_increment AS auto_increment_increment, @@character_set_client AS character_set_client, @@character_set_connection AS character_set_connection, @@character_set_results AS character_set_results, @@character_set_server AS character_set_server, @@collation_server AS collation_server, @@collation_connection AS collation_connection, @@init_connect AS init_connect, @@interactive_timeout AS interactive_timeout, @@license AS license, @@lower_case_table_names AS lower_case_table_names, @@max_allowed_packet AS max_allowed_packet, @@net_write_timeout AS net_write_timeout, @@performance_schema AS performance_schema, @@sql_mode AS sql_mode, @@system_time_zone AS system_time_zone, @@time_zone AS time_zone, @@transaction_isolation AS transaction_isolation, @@wait_timeout AS wait_timeout
2026-01-17T04:48:37.657249Z	  117 Query	SET character_set_results = NULL
2026-01-17T04:48:37.660067Z	  117 Query	SET autocommit=1
2026-01-17T04:48:37.665911Z	  117 Query	SELECT @@session.transaction_read_only
2026-01-17T04:48:37.702991Z	  118 Connect	root@172.24.0.1 on spring_batch using TCP/IP
2026-01-17T04:48:37.706560Z	  118 Query	/* mysql-connector-j-9.5.0 (Revision: a7b3c94f50efbddb9f0dd69b3e0d1aaa25305cd6) */SELECT  @@session.auto_increment_increment AS auto_increment_increment, @@character_set_client AS character_set_client, @@character_set_connection AS character_set_connection, @@character_set_results AS character_set_results, @@character_set_server AS character_set_server, @@collation_server AS collation_server, @@collation_connection AS collation_connection, @@init_connect AS init_connect, @@interactive_timeout AS interactive_timeout, @@license AS license, @@lower_case_table_names AS lower_case_table_names, @@max_allowed_packet AS max_allowed_packet, @@net_write_timeout AS net_write_timeout, @@performance_schema AS performance_schema, @@sql_mode AS sql_mode, @@system_time_zone AS system_time_zone, @@time_zone AS time_zone, @@transaction_isolation AS transaction_isolation, @@wait_timeout AS wait_timeout
2026-01-17T04:48:37.712787Z	  116 Query	SELECT WORD FROM INFORMATION_SCHEMA.KEYWORDS WHERE RESERVED = 1 ORDER BY WORD
2026-01-17T04:48:37.712933Z	  118 Query	SET character_set_results = NULL
2026-01-17T04:48:37.716029Z	  118 Query	SET autocommit=1
2026-01-17T04:48:37.717118Z	  118 Query	SELECT @@session.transaction_read_only
2026-01-17T04:48:37.738320Z	  116 Query	SELECT @@character_set_database, @@sql_mode
2026-01-17T04:48:37.751197Z	  119 Connect	root@172.24.0.1 on spring_batch using TCP/IP
2026-01-17T04:48:37.752641Z	  119 Query	/* mysql-connector-j-9.5.0 (Revision: a7b3c94f50efbddb9f0dd69b3e0d1aaa25305cd6) */SELECT  @@session.auto_increment_increment AS auto_increment_increment, @@character_set_client AS character_set_client, @@character_set_connection AS character_set_connection, @@character_set_results AS character_set_results, @@character_set_server AS character_set_server, @@collation_server AS collation_server, @@collation_connection AS collation_connection, @@init_connect AS init_connect, @@interactive_timeout AS interactive_timeout, @@license AS license, @@lower_case_table_names AS lower_case_table_names, @@max_allowed_packet AS max_allowed_packet, @@net_write_timeout AS net_write_timeout, @@performance_schema AS performance_schema, @@sql_mode AS sql_mode, @@system_time_zone AS system_time_zone, @@time_zone AS time_zone, @@transaction_isolation AS transaction_isolation, @@wait_timeout AS wait_timeout
2026-01-17T04:48:37.754896Z	  119 Query	SET character_set_results = NULL
2026-01-17T04:48:37.756006Z	  119 Query	SET autocommit=1
2026-01-17T04:48:37.757047Z	  119 Query	SELECT @@session.transaction_read_only
2026-01-17T04:48:37.793720Z	  120 Connect	root@172.24.0.1 on spring_batch using TCP/IP
2026-01-17T04:48:37.796571Z	  120 Query	/* mysql-connector-j-9.5.0 (Revision: a7b3c94f50efbddb9f0dd69b3e0d1aaa25305cd6) */SELECT  @@session.auto_increment_increment AS auto_increment_increment, @@character_set_client AS character_set_client, @@character_set_connection AS character_set_connection, @@character_set_results AS character_set_results, @@character_set_server AS character_set_server, @@collation_server AS collation_server, @@collation_connection AS collation_connection, @@init_connect AS init_connect, @@interactive_timeout AS interactive_timeout, @@license AS license, @@lower_case_table_names AS lower_case_table_names, @@max_allowed_packet AS max_allowed_packet, @@net_write_timeout AS net_write_timeout, @@performance_schema AS performance_schema, @@sql_mode AS sql_mode, @@system_time_zone AS system_time_zone, @@time_zone AS time_zone, @@transaction_isolation AS transaction_isolation, @@wait_timeout AS wait_timeout
2026-01-17T04:48:37.799059Z	  120 Query	SET character_set_results = NULL
2026-01-17T04:48:37.801576Z	  120 Query	SET autocommit=1
2026-01-17T04:48:37.804538Z	  120 Query	SELECT @@session.transaction_read_only
2026-01-17T04:48:37.842948Z	  121 Connect	root@172.24.0.1 on spring_batch using TCP/IP
2026-01-17T04:48:37.846043Z	  121 Query	/* mysql-connector-j-9.5.0 (Revision: a7b3c94f50efbddb9f0dd69b3e0d1aaa25305cd6) */SELECT  @@session.auto_increment_increment AS auto_increment_increment, @@character_set_client AS character_set_client, @@character_set_connection AS character_set_connection, @@character_set_results AS character_set_results, @@character_set_server AS character_set_server, @@collation_server AS collation_server, @@collation_connection AS collation_connection, @@init_connect AS init_connect, @@interactive_timeout AS interactive_timeout, @@license AS license, @@lower_case_table_names AS lower_case_table_names, @@max_allowed_packet AS max_allowed_packet, @@net_write_timeout AS net_write_timeout, @@performance_schema AS performance_schema, @@sql_mode AS sql_mode, @@system_time_zone AS system_time_zone, @@time_zone AS time_zone, @@transaction_isolation AS transaction_isolation, @@wait_timeout AS wait_timeout
2026-01-17T04:48:37.848310Z	  121 Query	SET character_set_results = NULL
2026-01-17T04:48:37.850382Z	  121 Query	SET autocommit=1
2026-01-17T04:48:37.851968Z	  121 Query	SELECT @@session.transaction_read_only
2026-01-17T04:48:37.889678Z	  122 Connect	root@172.24.0.1 on spring_batch using TCP/IP
2026-01-17T04:48:37.894409Z	  122 Query	/* mysql-connector-j-9.5.0 (Revision: a7b3c94f50efbddb9f0dd69b3e0d1aaa25305cd6) */SELECT  @@session.auto_increment_increment AS auto_increment_increment, @@character_set_client AS character_set_client, @@character_set_connection AS character_set_connection, @@character_set_results AS character_set_results, @@character_set_server AS character_set_server, @@collation_server AS collation_server, @@collation_connection AS collation_connection, @@init_connect AS init_connect, @@interactive_timeout AS interactive_timeout, @@license AS license, @@lower_case_table_names AS lower_case_table_names, @@max_allowed_packet AS max_allowed_packet, @@net_write_timeout AS net_write_timeout, @@performance_schema AS performance_schema, @@sql_mode AS sql_mode, @@system_time_zone AS system_time_zone, @@time_zone AS time_zone, @@transaction_isolation AS transaction_isolation, @@wait_timeout AS wait_timeout
2026-01-17T04:48:37.897544Z	  122 Query	SET character_set_results = NULL
2026-01-17T04:48:37.899984Z	  122 Query	SET autocommit=1
2026-01-17T04:48:37.901232Z	  122 Query	SELECT @@session.transaction_read_only
2026-01-17T04:48:37.936491Z	  123 Connect	root@172.24.0.1 on spring_batch using TCP/IP
2026-01-17T04:48:37.938069Z	  123 Query	/* mysql-connector-j-9.5.0 (Revision: a7b3c94f50efbddb9f0dd69b3e0d1aaa25305cd6) */SELECT  @@session.auto_increment_increment AS auto_increment_increment, @@character_set_client AS character_set_client, @@character_set_connection AS character_set_connection, @@character_set_results AS character_set_results, @@character_set_server AS character_set_server, @@collation_server AS collation_server, @@collation_connection AS collation_connection, @@init_connect AS init_connect, @@interactive_timeout AS interactive_timeout, @@license AS license, @@lower_case_table_names AS lower_case_table_names, @@max_allowed_packet AS max_allowed_packet, @@net_write_timeout AS net_write_timeout, @@performance_schema AS performance_schema, @@sql_mode AS sql_mode, @@system_time_zone AS system_time_zone, @@time_zone AS time_zone, @@transaction_isolation AS transaction_isolation, @@wait_timeout AS wait_timeout
2026-01-17T04:48:37.939550Z	  123 Query	SET character_set_results = NULL
2026-01-17T04:48:37.940924Z	  123 Query	SET autocommit=1
2026-01-17T04:48:37.942259Z	  123 Query	SELECT @@session.transaction_read_only
2026-01-17T04:48:37.980333Z	  124 Connect	root@172.24.0.1 on spring_batch using TCP/IP
2026-01-17T04:48:37.981808Z	  124 Query	/* mysql-connector-j-9.5.0 (Revision: a7b3c94f50efbddb9f0dd69b3e0d1aaa25305cd6) */SELECT  @@session.auto_increment_increment AS auto_increment_increment, @@character_set_client AS character_set_client, @@character_set_connection AS character_set_connection, @@character_set_results AS character_set_results, @@character_set_server AS character_set_server, @@collation_server AS collation_server, @@collation_connection AS collation_connection, @@init_connect AS init_connect, @@interactive_timeout AS interactive_timeout, @@license AS license, @@lower_case_table_names AS lower_case_table_names, @@max_allowed_packet AS max_allowed_packet, @@net_write_timeout AS net_write_timeout, @@performance_schema AS performance_schema, @@sql_mode AS sql_mode, @@system_time_zone AS system_time_zone, @@time_zone AS time_zone, @@transaction_isolation AS transaction_isolation, @@wait_timeout AS wait_timeout
2026-01-17T04:48:37.983194Z	  124 Query	SET character_set_results = NULL
2026-01-17T04:48:37.984294Z	  124 Query	SET autocommit=1
2026-01-17T04:48:37.985387Z	  124 Query	SELECT @@session.transaction_read_only
2026-01-17T04:48:38.019654Z	  125 Connect	root@172.24.0.1 on spring_batch using TCP/IP
2026-01-17T04:48:38.021126Z	  125 Query	/* mysql-connector-j-9.5.0 (Revision: a7b3c94f50efbddb9f0dd69b3e0d1aaa25305cd6) */SELECT  @@session.auto_increment_increment AS auto_increment_increment, @@character_set_client AS character_set_client, @@character_set_connection AS character_set_connection, @@character_set_results AS character_set_results, @@character_set_server AS character_set_server, @@collation_server AS collation_server, @@collation_connection AS collation_connection, @@init_connect AS init_connect, @@interactive_timeout AS interactive_timeout, @@license AS license, @@lower_case_table_names AS lower_case_table_names, @@max_allowed_packet AS max_allowed_packet, @@net_write_timeout AS net_write_timeout, @@performance_schema AS performance_schema, @@sql_mode AS sql_mode, @@system_time_zone AS system_time_zone, @@time_zone AS time_zone, @@transaction_isolation AS transaction_isolation, @@wait_timeout AS wait_timeout
2026-01-17T04:48:38.022992Z	  125 Query	SET character_set_results = NULL
2026-01-17T04:48:38.024213Z	  125 Query	SET autocommit=1
2026-01-17T04:48:38.025301Z	  125 Query	SELECT @@session.transaction_read_only
2026-01-17T04:48:38.092611Z	  116 Query	SELECT TABLE_SCHEMA AS TABLE_CAT, NULL AS TABLE_SCHEM, TABLE_NAME, CASE WHEN TABLE_TYPE = 'BASE TABLE' THEN CASE WHEN TABLE_SCHEMA = 'mysql' OR TABLE_SCHEMA = 'performance_schema' OR TABLE_SCHEMA = 'sys' THEN 'SYSTEM TABLE' ELSE 'TABLE' END WHEN TABLE_TYPE = 'TEMPORARY' THEN 'LOCAL_TEMPORARY' ELSE TABLE_TYPE END AS TABLE_TYPE, TABLE_COMMENT AS REMARKS, NULL AS TYPE_CAT, NULL AS TYPE_SCHEM, NULL AS TYPE_NAME, NULL AS SELF_REFERENCING_COL_NAME, NULL AS REF_GENERATION FROM INFORMATION_SCHEMA.TABLES WHERE TABLE_SCHEMA = 'spring_batch' AND TABLE_NAME LIKE '%' HAVING TABLE_TYPE IN ('TABLE','VIEW',null,null,null) ORDER BY TABLE_TYPE, TABLE_SCHEMA, TABLE_NAME
2026-01-17T04:48:38.096464Z	  116 Query	SELECT DEFAULT_COLLATION_NAME FROM INFORMATION_SCHEMA.SCHEMATA WHERE SCHEMA_NAME = 'information_schema'
2026-01-17T04:48:38.100388Z	  116 Query	SELECT TABLE_SCHEMA, NULL, TABLE_NAME, COLUMN_NAME, CASE WHEN UPPER(DATA_TYPE) = 'DECIMAL' THEN 3 WHEN UPPER(DATA_TYPE) = 'DECIMAL UNSIGNED' THEN 3 WHEN UPPER(DATA_TYPE) = 'TINYINT' THEN IF(LOCATE('ZEROFILL', UPPER(COLUMN_TYPE)) = 0 AND LOCATE('UNSIGNED', UPPER(COLUMN_TYPE)) = 0 AND LOCATE('(1)', COLUMN_TYPE) != 0, -7, -6) WHEN UPPER(DATA_TYPE) = 'TINYINT UNSIGNED' THEN IF(LOCATE('ZEROFILL', UPPER(COLUMN_TYPE)) = 0 AND LOCATE('UNSIGNED', UPPER(COLUMN_TYPE)) = 0 AND LOCATE('(1)', COLUMN_TYPE) != 0, -7, -6) WHEN UPPER(DATA_TYPE) = 'BOOLEAN' THEN 16 WHEN UPPER(DATA_TYPE) = 'SMALLINT' THEN 5 WHEN UPPER(DATA_TYPE) = 'SMALLINT UNSIGNED' THEN 5 WHEN UPPER(DATA_TYPE) = 'INT' THEN 4 WHEN UPPER(DATA_TYPE) = 'INT UNSIGNED' THEN 4 WHEN UPPER(DATA_TYPE) = 'FLOAT' THEN 7 WHEN UPPER(DATA_TYPE) = 'FLOAT UNSIGNED' THEN 7 WHEN UPPER(DATA_TYPE) = 'DOUBLE' THEN 8 WHEN UPPER(DATA_TYPE) = 'DOUBLE UNSIGNED' THEN 8 WHEN UPPER(DATA_TYPE) = 'NULL' THEN 0 WHEN UPPER(DATA_TYPE) = 'TIMESTAMP' THEN 93 WHEN UPPER(DATA_TYPE) = 'BIGINT' THEN -5 WHEN UPPER(DATA_TYPE) = 'BIGINT UNSIGNED' THEN -5 WHEN UPPER(DATA_TYPE) = 'MEDIUMINT' THEN 4 WHEN UPPER(DATA_TYPE) = 'MEDIUMINT UNSIGNED' THEN 4 WHEN UPPER(DATA_TYPE) = 'DATE' THEN 91 WHEN UPPER(DATA_TYPE) = 'TIME' THEN 92 WHEN UPPER(DATA_TYPE) = 'DATETIME' THEN 93 WHEN UPPER(DATA_TYPE) = 'YEAR' THEN 91 WHEN UPPER(DATA_TYPE) = 'VARCHAR' THEN 12 WHEN UPPER(DATA_TYPE) = 'VARBINARY' THEN -3 WHEN UPPER(DATA_TYPE) = 'BIT' THEN -7 WHEN UPPER(DATA_TYPE) = 'JSON' THEN -1 WHEN UPPER(DATA_TYPE) = 'ENUM' THEN 1 WHEN UPPER(DATA_TYPE) = 'SET' THEN 1 WHEN UPPER(DATA_TYPE) = 'TINYBLOB' THEN -3 WHEN UPPER(DATA_TYPE) = 'TINYTEXT' THEN 12 WHEN UPPER(DATA_TYPE) = 'MEDIUMBLOB' THEN -4 WHEN UPPER(DATA_TYPE) = 'MEDIUMTEXT' THEN -1 WHEN UPPER(DATA_TYPE) = 'LONGBLOB' THEN -4 WHEN UPPER(DATA_TYPE) = 'LONGTEXT' THEN -1 WHEN UPPER(DATA_TYPE) = 'BLOB' THEN -4 WHEN UPPER(DATA_TYPE) = 'TEXT' THEN -1 WHEN UPPER(DATA_TYPE) = 'CHAR' THEN 1 WHEN UPPER(DATA_TYPE) = 'BINARY' THEN -2 WHEN UPPER(DATA_TYPE) = 'GEOMETRY' THEN -2 WHEN UPPER(DATA_TYPE) = 'VECTOR' THEN -4 WHEN UPPER(DATA_TYPE) = 'UNKNOWN' THEN 1111 WHEN UPPER(DATA_TYPE) = 'POINT' THEN -2 WHEN UPPER(DATA_TYPE) = 'LINESTRING' THEN -2 WHEN UPPER(DATA_TYPE) = 'POLYGON' THEN -2 WHEN UPPER(DATA_TYPE) = 'MULTIPOINT' THEN -2 WHEN UPPER(DATA_TYPE) = 'MULTILINESTRING' THEN -2 WHEN UPPER(DATA_TYPE) = 'MULTIPOLYGON' THEN -2 WHEN UPPER(DATA_TYPE) = 'GEOMETRYCOLLECTION' THEN -2 WHEN UPPER(DATA_TYPE) = 'GEOMCOLLECTION' THEN -2 ELSE 1111 END AS DATA_TYPE, UPPER(CASE WHEN UPPER(DATA_TYPE) = 'TINYINT' THEN CASE WHEN LOCATE('ZEROFILL', UPPER(COLUMN_TYPE)) = 0 AND LOCATE('UNSIGNED', UPPER(COLUMN_TYPE)) = 0 AND LOCATE('(1)', COLUMN_TYPE) != 0 THEN 'BIT' WHEN LOCATE('UNSIGNED', UPPER(COLUMN_TYPE)) != 0 AND LOCATE('UNSIGNED', UPPER(DATA_TYPE)) = 0 THEN 'TINYINT UNSIGNED' ELSE DATA_TYPE END WHEN LOCATE('UNSIGNED', UPPER(COLUMN_TYPE)) != 0 AND LOCATE('UNSIGNED', UPPER(DATA_TYPE)) = 0 AND LOCATE('SET', UPPER(DATA_TYPE)) <> 1 AND LOCATE('ENUM', UPPER(DATA_TYPE)) <> 1 THEN CONCAT(DATA_TYPE, ' UNSIGNED') WHEN UPPER(DATA_TYPE) = 'POINT' THEN 'GEOMETRY' WHEN UPPER(DATA_TYPE) = 'LINESTRING' THEN 'GEOMETRY' WHEN UPPER(DATA_TYPE) = 'POLYGON' THEN 'GEOMETRY' WHEN UPPER(DATA_TYPE) = 'MULTIPOINT' THEN 'GEOMETRY' WHEN UPPER(DATA_TYPE) = 'MULTILINESTRING' THEN 'GEOMETRY' WHEN UPPER(DATA_TYPE) = 'MULTIPOLYGON' THEN 'GEOMETRY' WHEN UPPER(DATA_TYPE) = 'GEOMETRYCOLLECTION' THEN 'GEOMETRY' WHEN UPPER(DATA_TYPE) = 'GEOMCOLLECTION' THEN 'GEOMETRY' ELSE UPPER(DATA_TYPE) END) AS TYPE_NAME, UPPER(CASE WHEN UPPER(DATA_TYPE) = 'YEAR' THEN 4 WHEN UPPER(DATA_TYPE) = 'DATE' THEN 10 WHEN UPPER(DATA_TYPE) = 'DATETIME' OR UPPER(DATA_TYPE) = 'TIMESTAMP' THEN 19 + IF(DATETIME_PRECISION > 0, DATETIME_PRECISION + 1, DATETIME_PRECISION) WHEN UPPER(DATA_TYPE) = 'TIME' THEN 8 + IF(DATETIME_PRECISION > 0, DATETIME_PRECISION + 1, DATETIME_PRECISION) WHEN UPPER(DATA_TYPE) = 'TINYINT' AND LOCATE('ZEROFILL', UPPER(COLUMN_TYPE)) = 0 AND LOCATE('UNSIGNED', UPPER(COLUMN_TYPE)) = 0 AND LOCATE('(1)', COLUMN_TYPE) != 0 THEN 1 WHEN UPPER(DATA_TYPE) = 'MEDIUMINT' AND LOCATE('UNSIGNED', UPPER(COLUMN_TYPE)) != 0 THEN 8 WHEN UPPER(DATA_TYPE) = 'JSON' THEN 1073741824 WHEN UPPER(DATA_TYPE) = 'GEOMETRY' THEN 65535 WHEN UPPER(DATA_TYPE) = 'POINT' THEN 65535 WHEN UPPER(DATA_TYPE) = 'LINESTRING' THEN 65535 WHEN UPPER(DATA_TYPE) = 'POLYGON' THEN 65535 WHEN UPPER(DATA_TYPE) = 'MULTIPOINT' THEN 65535 WHEN UPPER(DATA_TYPE) = 'MULTILINESTRING' THEN 65535 WHEN UPPER(DATA_TYPE) = 'MULTIPOLYGON' THEN 65535 WHEN UPPER(DATA_TYPE) = 'GEOMETRYCOLLECTION' THEN 65535 WHEN UPPER(DATA_TYPE) = 'GEOMCOLLECTION' THEN 65535 WHEN CHARACTER_MAXIMUM_LENGTH IS NULL THEN NUMERIC_PRECISION WHEN CHARACTER_MAXIMUM_LENGTH > 2147483647 THEN 2147483647 ELSE CHARACTER_MAXIMUM_LENGTH END) AS COLUMN_SIZE, 65535 AS BUFFER_LENGTH, UPPER(CASE WHEN UPPER(DATA_TYPE) = 'DECIMAL' THEN NUMERIC_SCALE WHEN UPPER(DATA_TYPE) = 'FLOAT' OR UPPER(DATA_TYPE) = 'DOUBLE' THEN IF(NUMERIC_SCALE IS NULL, 0, NUMERIC_SCALE) ELSE NULL END) AS DECIMAL_DIGITS, 10 AS NUM_PREC_RADIX, CASE WHEN IS_NULLABLE COLLATE utf8mb3_general_ci= 'NO' THEN 0 ELSE CASE WHEN IS_NULLABLE COLLATE utf8mb3_general_ci= 'YES' THEN 1 ELSE 2 END END AS NULLABLE, COLUMN_COMMENT AS REMARKS, COLUMN_DEFAULT AS COLUMN_DEF, 0 AS SQL_DATA_TYPE, 0 AS SQL_DATETIME_SUB, CASE WHEN CHARACTER_OCTET_LENGTH > 2147483647 THEN 2147483647 ELSE CHARACTER_OCTET_LENGTH END AS CHAR_OCTET_LENGTH, ORDINAL_POSITION, IS_NULLABLE, NULL AS SCOPE_CATALOG, NULL AS SCOPE_SCHEMA, NULL AS SCOPE_TABLE, NULL AS SOURCE_DATA_TYPE, IF (EXTRA COLLATE utf8mb3_general_ci LIKE '%auto_increment%','YES','NO') AS IS_AUTOINCREMENT, IF (EXTRA COLLATE utf8mb3_general_ci LIKE  '%GENERATED%','YES','NO') AS IS_GENERATEDCOLUMN FROM INFORMATION_SCHEMA.COLUMNS WHERE TABLE_SCHEMA = 'spring_batch' AND COLUMN_NAME LIKE '%' ORDER BY TABLE_SCHEMA, TABLE_NAME, ORDINAL_POSITION
2026-01-17T04:48:38.174136Z	  116 Quit	
2026-01-17T04:48:38.175046Z	  117 Quit	
2026-01-17T04:48:38.175148Z	  121 Quit	
2026-01-17T04:48:38.175158Z	  120 Quit	
2026-01-17T04:48:38.175176Z	  119 Quit	
2026-01-17T04:48:38.175180Z	  118 Quit	
2026-01-17T04:48:38.175194Z	  122 Quit	
2026-01-17T04:48:38.175210Z	  123 Quit	
2026-01-17T04:48:38.175318Z	  125 Quit	
2026-01-17T04:48:38.175325Z	  124 Quit	
2026-01-17T04:48:50.985635Z	  126 Connect	root@172.24.0.1 on spring_batch using TCP/IP
2026-01-17T04:48:50.995020Z	  126 Query	/* mysql-connector-j-9.5.0 (Revision: a7b3c94f50efbddb9f0dd69b3e0d1aaa25305cd6) */SELECT  @@session.auto_increment_increment AS auto_increment_increment, @@character_set_client AS character_set_client, @@character_set_connection AS character_set_connection, @@character_set_results AS character_set_results, @@character_set_server AS character_set_server, @@collation_server AS collation_server, @@collation_connection AS collation_connection, @@init_connect AS init_connect, @@interactive_timeout AS interactive_timeout, @@license AS license, @@lower_case_table_names AS lower_case_table_names, @@max_allowed_packet AS max_allowed_packet, @@net_write_timeout AS net_write_timeout, @@performance_schema AS performance_schema, @@sql_mode AS sql_mode, @@system_time_zone AS system_time_zone, @@time_zone AS time_zone, @@transaction_isolation AS transaction_isolation, @@wait_timeout AS wait_timeout
2026-01-17T04:48:51.002414Z	  126 Query	SET character_set_results = NULL
2026-01-17T04:48:51.005449Z	  126 Query	SET autocommit=1
2026-01-17T04:48:51.008585Z	  126 Query	SELECT @@session.transaction_read_only
2026-01-17T04:48:51.010534Z	  126 Query	SELECT @@session.transaction_isolation
2026-01-17T04:48:51.129654Z	  127 Connect	root@172.24.0.1 on spring_batch using TCP/IP
2026-01-17T04:48:51.147424Z	  127 Query	/* mysql-connector-j-9.5.0 (Revision: a7b3c94f50efbddb9f0dd69b3e0d1aaa25305cd6) */SELECT  @@session.auto_increment_increment AS auto_increment_increment, @@character_set_client AS character_set_client, @@character_set_connection AS character_set_connection, @@character_set_results AS character_set_results, @@character_set_server AS character_set_server, @@collation_server AS collation_server, @@collation_connection AS collation_connection, @@init_connect AS init_connect, @@interactive_timeout AS interactive_timeout, @@license AS license, @@lower_case_table_names AS lower_case_table_names, @@max_allowed_packet AS max_allowed_packet, @@net_write_timeout AS net_write_timeout, @@performance_schema AS performance_schema, @@sql_mode AS sql_mode, @@system_time_zone AS system_time_zone, @@time_zone AS time_zone, @@transaction_isolation AS transaction_isolation, @@wait_timeout AS wait_timeout
2026-01-17T04:48:51.148925Z	  127 Query	SET character_set_results = NULL
2026-01-17T04:48:51.150128Z	  127 Query	SET autocommit=1
2026-01-17T04:48:51.151303Z	  127 Query	SELECT @@session.transaction_read_only
2026-01-17T04:48:51.185943Z	  126 Query	SELECT WORD FROM INFORMATION_SCHEMA.KEYWORDS WHERE RESERVED = 1 ORDER BY WORD
2026-01-17T04:48:51.194631Z	  128 Connect	root@172.24.0.1 on spring_batch using TCP/IP
2026-01-17T04:48:51.196036Z	  128 Query	/* mysql-connector-j-9.5.0 (Revision: a7b3c94f50efbddb9f0dd69b3e0d1aaa25305cd6) */SELECT  @@session.auto_increment_increment AS auto_increment_increment, @@character_set_client AS character_set_client, @@character_set_connection AS character_set_connection, @@character_set_results AS character_set_results, @@character_set_server AS character_set_server, @@collation_server AS collation_server, @@collation_connection AS collation_connection, @@init_connect AS init_connect, @@interactive_timeout AS interactive_timeout, @@license AS license, @@lower_case_table_names AS lower_case_table_names, @@max_allowed_packet AS max_allowed_packet, @@net_write_timeout AS net_write_timeout, @@performance_schema AS performance_schema, @@sql_mode AS sql_mode, @@system_time_zone AS system_time_zone, @@time_zone AS time_zone, @@transaction_isolation AS transaction_isolation, @@wait_timeout AS wait_timeout
2026-01-17T04:48:51.197395Z	  128 Query	SET character_set_results = NULL
2026-01-17T04:48:51.198562Z	  128 Query	SET autocommit=1
2026-01-17T04:48:51.199693Z	  128 Query	SELECT @@session.transaction_read_only
2026-01-17T04:48:51.218910Z	  126 Query	SELECT @@character_set_database, @@sql_mode
2026-01-17T04:48:51.237811Z	  129 Connect	root@172.24.0.1 on spring_batch using TCP/IP
2026-01-17T04:48:51.239443Z	  129 Query	/* mysql-connector-j-9.5.0 (Revision: a7b3c94f50efbddb9f0dd69b3e0d1aaa25305cd6) */SELECT  @@session.auto_increment_increment AS auto_increment_increment, @@character_set_client AS character_set_client, @@character_set_connection AS character_set_connection, @@character_set_results AS character_set_results, @@character_set_server AS character_set_server, @@collation_server AS collation_server, @@collation_connection AS collation_connection, @@init_connect AS init_connect, @@interactive_timeout AS interactive_timeout, @@license AS license, @@lower_case_table_names AS lower_case_table_names, @@max_allowed_packet AS max_allowed_packet, @@net_write_timeout AS net_write_timeout, @@performance_schema AS performance_schema, @@sql_mode AS sql_mode, @@system_time_zone AS system_time_zone, @@time_zone AS time_zone, @@transaction_isolation AS transaction_isolation, @@wait_timeout AS wait_timeout
2026-01-17T04:48:51.241377Z	  129 Query	SET character_set_results = NULL
2026-01-17T04:48:51.242665Z	  129 Query	SET autocommit=1
2026-01-17T04:48:51.243877Z	  129 Query	SELECT @@session.transaction_read_only
2026-01-17T04:48:51.280853Z	  130 Connect	root@172.24.0.1 on spring_batch using TCP/IP
2026-01-17T04:48:51.284058Z	  130 Query	/* mysql-connector-j-9.5.0 (Revision: a7b3c94f50efbddb9f0dd69b3e0d1aaa25305cd6) */SELECT  @@session.auto_increment_increment AS auto_increment_increment, @@character_set_client AS character_set_client, @@character_set_connection AS character_set_connection, @@character_set_results AS character_set_results, @@character_set_server AS character_set_server, @@collation_server AS collation_server, @@collation_connection AS collation_connection, @@init_connect AS init_connect, @@interactive_timeout AS interactive_timeout, @@license AS license, @@lower_case_table_names AS lower_case_table_names, @@max_allowed_packet AS max_allowed_packet, @@net_write_timeout AS net_write_timeout, @@performance_schema AS performance_schema, @@sql_mode AS sql_mode, @@system_time_zone AS system_time_zone, @@time_zone AS time_zone, @@transaction_isolation AS transaction_isolation, @@wait_timeout AS wait_timeout
2026-01-17T04:48:51.286583Z	  130 Query	SET character_set_results = NULL
2026-01-17T04:48:51.288339Z	  130 Query	SET autocommit=1
2026-01-17T04:48:51.289633Z	  130 Query	SELECT @@session.transaction_read_only
2026-01-17T04:48:51.329034Z	  131 Connect	root@172.24.0.1 on spring_batch using TCP/IP
2026-01-17T04:48:51.333033Z	  131 Query	/* mysql-connector-j-9.5.0 (Revision: a7b3c94f50efbddb9f0dd69b3e0d1aaa25305cd6) */SELECT  @@session.auto_increment_increment AS auto_increment_increment, @@character_set_client AS character_set_client, @@character_set_connection AS character_set_connection, @@character_set_results AS character_set_results, @@character_set_server AS character_set_server, @@collation_server AS collation_server, @@collation_connection AS collation_connection, @@init_connect AS init_connect, @@interactive_timeout AS interactive_timeout, @@license AS license, @@lower_case_table_names AS lower_case_table_names, @@max_allowed_packet AS max_allowed_packet, @@net_write_timeout AS net_write_timeout, @@performance_schema AS performance_schema, @@sql_mode AS sql_mode, @@system_time_zone AS system_time_zone, @@time_zone AS time_zone, @@transaction_isolation AS transaction_isolation, @@wait_timeout AS wait_timeout
2026-01-17T04:48:51.337272Z	  131 Query	SET character_set_results = NULL
2026-01-17T04:48:51.342785Z	  131 Query	SET autocommit=1
2026-01-17T04:48:51.344081Z	  131 Query	SELECT @@session.transaction_read_only
2026-01-17T04:48:51.385652Z	  132 Connect	root@172.24.0.1 on spring_batch using TCP/IP
2026-01-17T04:48:51.387186Z	  132 Query	/* mysql-connector-j-9.5.0 (Revision: a7b3c94f50efbddb9f0dd69b3e0d1aaa25305cd6) */SELECT  @@session.auto_increment_increment AS auto_increment_increment, @@character_set_client AS character_set_client, @@character_set_connection AS character_set_connection, @@character_set_results AS character_set_results, @@character_set_server AS character_set_server, @@collation_server AS collation_server, @@collation_connection AS collation_connection, @@init_connect AS init_connect, @@interactive_timeout AS interactive_timeout, @@license AS license, @@lower_case_table_names AS lower_case_table_names, @@max_allowed_packet AS max_allowed_packet, @@net_write_timeout AS net_write_timeout, @@performance_schema AS performance_schema, @@sql_mode AS sql_mode, @@system_time_zone AS system_time_zone, @@time_zone AS time_zone, @@transaction_isolation AS transaction_isolation, @@wait_timeout AS wait_timeout
2026-01-17T04:48:51.388470Z	  132 Query	SET character_set_results = NULL
2026-01-17T04:48:51.389488Z	  132 Query	SET autocommit=1
2026-01-17T04:48:51.390457Z	  132 Query	SELECT @@session.transaction_read_only
2026-01-17T04:48:51.431248Z	  133 Connect	root@172.24.0.1 on spring_batch using TCP/IP
2026-01-17T04:48:51.441392Z	  133 Query	/* mysql-connector-j-9.5.0 (Revision: a7b3c94f50efbddb9f0dd69b3e0d1aaa25305cd6) */SELECT  @@session.auto_increment_increment AS auto_increment_increment, @@character_set_client AS character_set_client, @@character_set_connection AS character_set_connection, @@character_set_results AS character_set_results, @@character_set_server AS character_set_server, @@collation_server AS collation_server, @@collation_connection AS collation_connection, @@init_connect AS init_connect, @@interactive_timeout AS interactive_timeout, @@license AS license, @@lower_case_table_names AS lower_case_table_names, @@max_allowed_packet AS max_allowed_packet, @@net_write_timeout AS net_write_timeout, @@performance_schema AS performance_schema, @@sql_mode AS sql_mode, @@system_time_zone AS system_time_zone, @@time_zone AS time_zone, @@transaction_isolation AS transaction_isolation, @@wait_timeout AS wait_timeout
2026-01-17T04:48:51.442798Z	  133 Query	SET character_set_results = NULL
2026-01-17T04:48:51.444061Z	  133 Query	SET autocommit=1
2026-01-17T04:48:51.445300Z	  133 Query	SELECT @@session.transaction_read_only
2026-01-17T04:48:51.487945Z	  134 Connect	root@172.24.0.1 on spring_batch using TCP/IP
2026-01-17T04:48:51.491832Z	  134 Query	/* mysql-connector-j-9.5.0 (Revision: a7b3c94f50efbddb9f0dd69b3e0d1aaa25305cd6) */SELECT  @@session.auto_increment_increment AS auto_increment_increment, @@character_set_client AS character_set_client, @@character_set_connection AS character_set_connection, @@character_set_results AS character_set_results, @@character_set_server AS character_set_server, @@collation_server AS collation_server, @@collation_connection AS collation_connection, @@init_connect AS init_connect, @@interactive_timeout AS interactive_timeout, @@license AS license, @@lower_case_table_names AS lower_case_table_names, @@max_allowed_packet AS max_allowed_packet, @@net_write_timeout AS net_write_timeout, @@performance_schema AS performance_schema, @@sql_mode AS sql_mode, @@system_time_zone AS system_time_zone, @@time_zone AS time_zone, @@transaction_isolation AS transaction_isolation, @@wait_timeout AS wait_timeout
2026-01-17T04:48:51.496070Z	  134 Query	SET character_set_results = NULL
2026-01-17T04:48:51.497707Z	  134 Query	SET autocommit=1
2026-01-17T04:48:51.498979Z	  134 Query	SELECT @@session.transaction_read_only
2026-01-17T04:48:51.539901Z	  135 Connect	root@172.24.0.1 on spring_batch using TCP/IP
2026-01-17T04:48:51.545273Z	  135 Query	/* mysql-connector-j-9.5.0 (Revision: a7b3c94f50efbddb9f0dd69b3e0d1aaa25305cd6) */SELECT  @@session.auto_increment_increment AS auto_increment_increment, @@character_set_client AS character_set_client, @@character_set_connection AS character_set_connection, @@character_set_results AS character_set_results, @@character_set_server AS character_set_server, @@collation_server AS collation_server, @@collation_connection AS collation_connection, @@init_connect AS init_connect, @@interactive_timeout AS interactive_timeout, @@license AS license, @@lower_case_table_names AS lower_case_table_names, @@max_allowed_packet AS max_allowed_packet, @@net_write_timeout AS net_write_timeout, @@performance_schema AS performance_schema, @@sql_mode AS sql_mode, @@system_time_zone AS system_time_zone, @@time_zone AS time_zone, @@transaction_isolation AS transaction_isolation, @@wait_timeout AS wait_timeout
2026-01-17T04:48:51.547484Z	  135 Query	SET character_set_results = NULL
2026-01-17T04:48:51.548750Z	  135 Query	SET autocommit=1
2026-01-17T04:48:51.549881Z	  135 Query	SELECT @@session.transaction_read_only
2026-01-17T04:48:51.565136Z	  126 Query	SELECT TABLE_SCHEMA AS TABLE_CAT, NULL AS TABLE_SCHEM, TABLE_NAME, CASE WHEN TABLE_TYPE = 'BASE TABLE' THEN CASE WHEN TABLE_SCHEMA = 'mysql' OR TABLE_SCHEMA = 'performance_schema' OR TABLE_SCHEMA = 'sys' THEN 'SYSTEM TABLE' ELSE 'TABLE' END WHEN TABLE_TYPE = 'TEMPORARY' THEN 'LOCAL_TEMPORARY' ELSE TABLE_TYPE END AS TABLE_TYPE, TABLE_COMMENT AS REMARKS, NULL AS TYPE_CAT, NULL AS TYPE_SCHEM, NULL AS TYPE_NAME, NULL AS SELF_REFERENCING_COL_NAME, NULL AS REF_GENERATION FROM INFORMATION_SCHEMA.TABLES WHERE TABLE_SCHEMA = 'spring_batch' AND TABLE_NAME LIKE '%' HAVING TABLE_TYPE IN ('TABLE','VIEW',null,null,null) ORDER BY TABLE_TYPE, TABLE_SCHEMA, TABLE_NAME
2026-01-17T04:48:51.569029Z	  126 Query	SELECT DEFAULT_COLLATION_NAME FROM INFORMATION_SCHEMA.SCHEMATA WHERE SCHEMA_NAME = 'information_schema'
2026-01-17T04:48:51.572589Z	  126 Query	SELECT TABLE_SCHEMA, NULL, TABLE_NAME, COLUMN_NAME, CASE WHEN UPPER(DATA_TYPE) = 'DECIMAL' THEN 3 WHEN UPPER(DATA_TYPE) = 'DECIMAL UNSIGNED' THEN 3 WHEN UPPER(DATA_TYPE) = 'TINYINT' THEN IF(LOCATE('ZEROFILL', UPPER(COLUMN_TYPE)) = 0 AND LOCATE('UNSIGNED', UPPER(COLUMN_TYPE)) = 0 AND LOCATE('(1)', COLUMN_TYPE) != 0, -7, -6) WHEN UPPER(DATA_TYPE) = 'TINYINT UNSIGNED' THEN IF(LOCATE('ZEROFILL', UPPER(COLUMN_TYPE)) = 0 AND LOCATE('UNSIGNED', UPPER(COLUMN_TYPE)) = 0 AND LOCATE('(1)', COLUMN_TYPE) != 0, -7, -6) WHEN UPPER(DATA_TYPE) = 'BOOLEAN' THEN 16 WHEN UPPER(DATA_TYPE) = 'SMALLINT' THEN 5 WHEN UPPER(DATA_TYPE) = 'SMALLINT UNSIGNED' THEN 5 WHEN UPPER(DATA_TYPE) = 'INT' THEN 4 WHEN UPPER(DATA_TYPE) = 'INT UNSIGNED' THEN 4 WHEN UPPER(DATA_TYPE) = 'FLOAT' THEN 7 WHEN UPPER(DATA_TYPE) = 'FLOAT UNSIGNED' THEN 7 WHEN UPPER(DATA_TYPE) = 'DOUBLE' THEN 8 WHEN UPPER(DATA_TYPE) = 'DOUBLE UNSIGNED' THEN 8 WHEN UPPER(DATA_TYPE) = 'NULL' THEN 0 WHEN UPPER(DATA_TYPE) = 'TIMESTAMP' THEN 93 WHEN UPPER(DATA_TYPE) = 'BIGINT' THEN -5 WHEN UPPER(DATA_TYPE) = 'BIGINT UNSIGNED' THEN -5 WHEN UPPER(DATA_TYPE) = 'MEDIUMINT' THEN 4 WHEN UPPER(DATA_TYPE) = 'MEDIUMINT UNSIGNED' THEN 4 WHEN UPPER(DATA_TYPE) = 'DATE' THEN 91 WHEN UPPER(DATA_TYPE) = 'TIME' THEN 92 WHEN UPPER(DATA_TYPE) = 'DATETIME' THEN 93 WHEN UPPER(DATA_TYPE) = 'YEAR' THEN 91 WHEN UPPER(DATA_TYPE) = 'VARCHAR' THEN 12 WHEN UPPER(DATA_TYPE) = 'VARBINARY' THEN -3 WHEN UPPER(DATA_TYPE) = 'BIT' THEN -7 WHEN UPPER(DATA_TYPE) = 'JSON' THEN -1 WHEN UPPER(DATA_TYPE) = 'ENUM' THEN 1 WHEN UPPER(DATA_TYPE) = 'SET' THEN 1 WHEN UPPER(DATA_TYPE) = 'TINYBLOB' THEN -3 WHEN UPPER(DATA_TYPE) = 'TINYTEXT' THEN 12 WHEN UPPER(DATA_TYPE) = 'MEDIUMBLOB' THEN -4 WHEN UPPER(DATA_TYPE) = 'MEDIUMTEXT' THEN -1 WHEN UPPER(DATA_TYPE) = 'LONGBLOB' THEN -4 WHEN UPPER(DATA_TYPE) = 'LONGTEXT' THEN -1 WHEN UPPER(DATA_TYPE) = 'BLOB' THEN -4 WHEN UPPER(DATA_TYPE) = 'TEXT' THEN -1 WHEN UPPER(DATA_TYPE) = 'CHAR' THEN 1 WHEN UPPER(DATA_TYPE) = 'BINARY' THEN -2 WHEN UPPER(DATA_TYPE) = 'GEOMETRY' THEN -2 WHEN UPPER(DATA_TYPE) = 'VECTOR' THEN -4 WHEN UPPER(DATA_TYPE) = 'UNKNOWN' THEN 1111 WHEN UPPER(DATA_TYPE) = 'POINT' THEN -2 WHEN UPPER(DATA_TYPE) = 'LINESTRING' THEN -2 WHEN UPPER(DATA_TYPE) = 'POLYGON' THEN -2 WHEN UPPER(DATA_TYPE) = 'MULTIPOINT' THEN -2 WHEN UPPER(DATA_TYPE) = 'MULTILINESTRING' THEN -2 WHEN UPPER(DATA_TYPE) = 'MULTIPOLYGON' THEN -2 WHEN UPPER(DATA_TYPE) = 'GEOMETRYCOLLECTION' THEN -2 WHEN UPPER(DATA_TYPE) = 'GEOMCOLLECTION' THEN -2 ELSE 1111 END AS DATA_TYPE, UPPER(CASE WHEN UPPER(DATA_TYPE) = 'TINYINT' THEN CASE WHEN LOCATE('ZEROFILL', UPPER(COLUMN_TYPE)) = 0 AND LOCATE('UNSIGNED', UPPER(COLUMN_TYPE)) = 0 AND LOCATE('(1)', COLUMN_TYPE) != 0 THEN 'BIT' WHEN LOCATE('UNSIGNED', UPPER(COLUMN_TYPE)) != 0 AND LOCATE('UNSIGNED', UPPER(DATA_TYPE)) = 0 THEN 'TINYINT UNSIGNED' ELSE DATA_TYPE END WHEN LOCATE('UNSIGNED', UPPER(COLUMN_TYPE)) != 0 AND LOCATE('UNSIGNED', UPPER(DATA_TYPE)) = 0 AND LOCATE('SET', UPPER(DATA_TYPE)) <> 1 AND LOCATE('ENUM', UPPER(DATA_TYPE)) <> 1 THEN CONCAT(DATA_TYPE, ' UNSIGNED') WHEN UPPER(DATA_TYPE) = 'POINT' THEN 'GEOMETRY' WHEN UPPER(DATA_TYPE) = 'LINESTRING' THEN 'GEOMETRY' WHEN UPPER(DATA_TYPE) = 'POLYGON' THEN 'GEOMETRY' WHEN UPPER(DATA_TYPE) = 'MULTIPOINT' THEN 'GEOMETRY' WHEN UPPER(DATA_TYPE) = 'MULTILINESTRING' THEN 'GEOMETRY' WHEN UPPER(DATA_TYPE) = 'MULTIPOLYGON' THEN 'GEOMETRY' WHEN UPPER(DATA_TYPE) = 'GEOMETRYCOLLECTION' THEN 'GEOMETRY' WHEN UPPER(DATA_TYPE) = 'GEOMCOLLECTION' THEN 'GEOMETRY' ELSE UPPER(DATA_TYPE) END) AS TYPE_NAME, UPPER(CASE WHEN UPPER(DATA_TYPE) = 'YEAR' THEN 4 WHEN UPPER(DATA_TYPE) = 'DATE' THEN 10 WHEN UPPER(DATA_TYPE) = 'DATETIME' OR UPPER(DATA_TYPE) = 'TIMESTAMP' THEN 19 + IF(DATETIME_PRECISION > 0, DATETIME_PRECISION + 1, DATETIME_PRECISION) WHEN UPPER(DATA_TYPE) = 'TIME' THEN 8 + IF(DATETIME_PRECISION > 0, DATETIME_PRECISION + 1, DATETIME_PRECISION) WHEN UPPER(DATA_TYPE) = 'TINYINT' AND LOCATE('ZEROFILL', UPPER(COLUMN_TYPE)) = 0 AND LOCATE('UNSIGNED', UPPER(COLUMN_TYPE)) = 0 AND LOCATE('(1)', COLUMN_TYPE) != 0 THEN 1 WHEN UPPER(DATA_TYPE) = 'MEDIUMINT' AND LOCATE('UNSIGNED', UPPER(COLUMN_TYPE)) != 0 THEN 8 WHEN UPPER(DATA_TYPE) = 'JSON' THEN 1073741824 WHEN UPPER(DATA_TYPE) = 'GEOMETRY' THEN 65535 WHEN UPPER(DATA_TYPE) = 'POINT' THEN 65535 WHEN UPPER(DATA_TYPE) = 'LINESTRING' THEN 65535 WHEN UPPER(DATA_TYPE) = 'POLYGON' THEN 65535 WHEN UPPER(DATA_TYPE) = 'MULTIPOINT' THEN 65535 WHEN UPPER(DATA_TYPE) = 'MULTILINESTRING' THEN 65535 WHEN UPPER(DATA_TYPE) = 'MULTIPOLYGON' THEN 65535 WHEN UPPER(DATA_TYPE) = 'GEOMETRYCOLLECTION' THEN 65535 WHEN UPPER(DATA_TYPE) = 'GEOMCOLLECTION' THEN 65535 WHEN CHARACTER_MAXIMUM_LENGTH IS NULL THEN NUMERIC_PRECISION WHEN CHARACTER_MAXIMUM_LENGTH > 2147483647 THEN 2147483647 ELSE CHARACTER_MAXIMUM_LENGTH END) AS COLUMN_SIZE, 65535 AS BUFFER_LENGTH, UPPER(CASE WHEN UPPER(DATA_TYPE) = 'DECIMAL' THEN NUMERIC_SCALE WHEN UPPER(DATA_TYPE) = 'FLOAT' OR UPPER(DATA_TYPE) = 'DOUBLE' THEN IF(NUMERIC_SCALE IS NULL, 0, NUMERIC_SCALE) ELSE NULL END) AS DECIMAL_DIGITS, 10 AS NUM_PREC_RADIX, CASE WHEN IS_NULLABLE COLLATE utf8mb3_general_ci= 'NO' THEN 0 ELSE CASE WHEN IS_NULLABLE COLLATE utf8mb3_general_ci= 'YES' THEN 1 ELSE 2 END END AS NULLABLE, COLUMN_COMMENT AS REMARKS, COLUMN_DEFAULT AS COLUMN_DEF, 0 AS SQL_DATA_TYPE, 0 AS SQL_DATETIME_SUB, CASE WHEN CHARACTER_OCTET_LENGTH > 2147483647 THEN 2147483647 ELSE CHARACTER_OCTET_LENGTH END AS CHAR_OCTET_LENGTH, ORDINAL_POSITION, IS_NULLABLE, NULL AS SCOPE_CATALOG, NULL AS SCOPE_SCHEMA, NULL AS SCOPE_TABLE, NULL AS SOURCE_DATA_TYPE, IF (EXTRA COLLATE utf8mb3_general_ci LIKE '%auto_increment%','YES','NO') AS IS_AUTOINCREMENT, IF (EXTRA COLLATE utf8mb3_general_ci LIKE  '%GENERATED%','YES','NO') AS IS_GENERATEDCOLUMN FROM INFORMATION_SCHEMA.COLUMNS WHERE TABLE_SCHEMA = 'spring_batch' AND COLUMN_NAME LIKE '%' ORDER BY TABLE_SCHEMA, TABLE_NAME, ORDINAL_POSITION
2026-01-17T04:48:51.746380Z	  126 Query	SET autocommit=0
2026-01-17T04:48:51.752836Z	  126 Query	SELECT JOB_INSTANCE_ID, JOB_NAME
FROM BATCH_JOB_INSTANCE
WHERE JOB_NAME = 'paymentReportJob'
 AND JOB_KEY = 'd41d8cd98f00b204e9800998ecf8427e'
2026-01-17T04:48:51.762149Z	  126 Query	COMMIT
2026-01-17T04:48:51.764466Z	  126 Query	SET autocommit=1
2026-01-17T04:48:51.771609Z	  126 Query	SELECT JOB_INSTANCE_ID, JOB_NAME
FROM BATCH_JOB_INSTANCE I1
WHERE I1.JOB_NAME = 'paymentReportJob' AND I1.JOB_INSTANCE_ID = (SELECT MAX(I2.JOB_INSTANCE_ID) FROM BATCH_JOB_INSTANCE I2 WHERE I2.JOB_NAME = 'paymentReportJob')
2026-01-17T04:48:51.774561Z	  126 Query	SELECT JOB_EXECUTION_ID, START_TIME, END_TIME, STATUS, EXIT_CODE, EXIT_MESSAGE, CREATE_TIME, LAST_UPDATED, VERSION
FROM BATCH_JOB_EXECUTION
 WHERE JOB_INSTANCE_ID = 8 AND JOB_EXECUTION_ID IN (SELECT MAX(JOB_EXECUTION_ID) FROM BATCH_JOB_EXECUTION E2 WHERE E2.JOB_INSTANCE_ID = 8)
2026-01-17T04:48:51.776239Z	  126 Query	SELECT JOB_EXECUTION_ID, PARAMETER_NAME, PARAMETER_TYPE, PARAMETER_VALUE, IDENTIFYING
FROM BATCH_JOB_EXECUTION_PARAMS
WHERE JOB_EXECUTION_ID = 8
2026-01-17T04:48:51.779331Z	  126 Query	SELECT JI.JOB_INSTANCE_ID, JOB_NAME, JOB_KEY, JI.VERSION
FROM BATCH_JOB_INSTANCE JI, BATCH_JOB_EXECUTION JE
WHERE JOB_EXECUTION_ID = 8 AND JI.JOB_INSTANCE_ID = JE.JOB_INSTANCE_ID
2026-01-17T04:48:51.781323Z	  126 Query	SELECT STEP_EXECUTION_ID, STEP_NAME, START_TIME, END_TIME, STATUS, COMMIT_COUNT, READ_COUNT, FILTER_COUNT, WRITE_COUNT, EXIT_CODE, EXIT_MESSAGE, READ_SKIP_COUNT, WRITE_SKIP_COUNT, PROCESS_SKIP_COUNT, ROLLBACK_COUNT, LAST_UPDATED, VERSION, CREATE_TIME
FROM BATCH_STEP_EXECUTION
 WHERE JOB_EXECUTION_ID = 8 ORDER BY STEP_EXECUTION_ID
2026-01-17T04:48:51.783293Z	  126 Query	SELECT SHORT_CONTEXT, SERIALIZED_CONTEXT
FROM BATCH_JOB_EXECUTION_CONTEXT
WHERE JOB_EXECUTION_ID = 8
2026-01-17T04:48:51.785914Z	  126 Query	SELECT SHORT_CONTEXT, SERIALIZED_CONTEXT
FROM BATCH_STEP_EXECUTION_CONTEXT
WHERE STEP_EXECUTION_ID = 8
2026-01-17T04:48:51.787976Z	  126 Query	SELECT @@session.transaction_isolation
2026-01-17T04:48:51.789148Z	  126 Query	SET SESSION TRANSACTION ISOLATION LEVEL SERIALIZABLE
2026-01-17T04:48:51.790160Z	  126 Query	SET autocommit=0
2026-01-17T04:48:51.792127Z	  126 Query	SELECT JOB_INSTANCE_ID, JOB_NAME
FROM BATCH_JOB_INSTANCE
WHERE JOB_NAME = 'paymentReportJob'
 AND JOB_KEY = '9dfe5ef6a40b8300eae8ac972c31bbbe'
2026-01-17T04:48:51.793358Z	  126 Query	COMMIT
2026-01-17T04:48:51.794185Z	  126 Query	SET autocommit=1
2026-01-17T04:48:51.795047Z	  126 Query	SET SESSION TRANSACTION ISOLATION LEVEL REPEATABLE READ
2026-01-17T04:48:51.796096Z	  126 Query	SELECT @@session.transaction_isolation
2026-01-17T04:48:51.796952Z	  126 Query	SET SESSION TRANSACTION ISOLATION LEVEL SERIALIZABLE
2026-01-17T04:48:51.797676Z	  126 Query	SET autocommit=0
2026-01-17T04:48:51.798680Z	  126 Query	SELECT JOB_INSTANCE_ID, JOB_NAME
FROM BATCH_JOB_INSTANCE
WHERE JOB_NAME = 'paymentReportJob'
 AND JOB_KEY = '9dfe5ef6a40b8300eae8ac972c31bbbe'
2026-01-17T04:48:51.799798Z	  126 Query	SELECT JOB_INSTANCE_ID, JOB_NAME
FROM BATCH_JOB_INSTANCE
WHERE JOB_NAME = 'paymentReportJob'
 AND JOB_KEY = '9dfe5ef6a40b8300eae8ac972c31bbbe'
2026-01-17T04:48:51.801174Z	  127 Query	SET autocommit=0
2026-01-17T04:48:51.803262Z	  127 Query	update BATCH_JOB_SEQ set ID = last_insert_id(ID + 1) limit 1
2026-01-17T04:48:51.804407Z	  127 Query	select last_insert_id()
2026-01-17T04:48:51.805592Z	  127 Query	COMMIT
2026-01-17T04:48:51.807872Z	  127 Query	SET autocommit=1
2026-01-17T04:48:51.809591Z	  126 Query	INSERT INTO BATCH_JOB_INSTANCE(JOB_INSTANCE_ID, JOB_NAME, JOB_KEY, VERSION)
	VALUES (9, 'paymentReportJob', '9dfe5ef6a40b8300eae8ac972c31bbbe', 0)
2026-01-17T04:48:51.810711Z	  127 Query	SET autocommit=0
2026-01-17T04:48:51.811664Z	  127 Query	update BATCH_JOB_EXECUTION_SEQ set ID = last_insert_id(ID + 1) limit 1
2026-01-17T04:48:51.812697Z	  127 Query	select last_insert_id()
2026-01-17T04:48:51.813888Z	  127 Query	COMMIT
2026-01-17T04:48:51.815475Z	  127 Query	SET autocommit=1
2026-01-17T04:48:51.821012Z	  126 Query	INSERT INTO BATCH_JOB_EXECUTION(JOB_EXECUTION_ID, JOB_INSTANCE_ID, START_TIME, END_TIME, STATUS, EXIT_CODE, EXIT_MESSAGE, VERSION, CREATE_TIME, LAST_UPDATED)
	VALUES (9, 9, null, null, 'STARTING', 'UNKNOWN', '', 0, '2026-01-17 13:48:51.809236', '2026-01-17 13:48:51.809252')
2026-01-17T04:48:51.823524Z	  126 Query	SELECT @@session.transaction_read_only
2026-01-17T04:48:51.824701Z	  126 Query	INSERT INTO BATCH_JOB_EXECUTION_PARAMS(JOB_EXECUTION_ID, PARAMETER_NAME, PARAMETER_TYPE, PARAMETER_VALUE, IDENTIFYING)
	VALUES (9, 'run.id', 'java.lang.Long', '6', 'Y')
2026-01-17T04:48:51.825681Z	  126 Query	INSERT INTO BATCH_JOB_EXECUTION_PARAMS(JOB_EXECUTION_ID, PARAMETER_NAME, PARAMETER_TYPE, PARAMETER_VALUE, IDENTIFYING)
	VALUES (9, '-job.name', 'java.lang.String', 'paymentReportJob', 'Y')
2026-01-17T04:48:51.827238Z	  126 Query	INSERT INTO BATCH_JOB_EXECUTION_CONTEXT (SHORT_CONTEXT, SERIALIZED_CONTEXT, JOB_EXECUTION_ID)
	VALUES('rO0ABXNyABFqYXZhLnV0aWwuSGFzaE1hcAUH2sHDFmDRAwACRgAKbG9hZEZhY3RvckkACXRocmVzaG9sZHhwP0AAAAAAAAB3CAAAABAAAAAAeA==', null, 9)
2026-01-17T04:48:51.828457Z	  126 Query	COMMIT
2026-01-17T04:48:51.830747Z	  126 Query	SET autocommit=1
2026-01-17T04:48:51.831727Z	  126 Query	SET SESSION TRANSACTION ISOLATION LEVEL REPEATABLE READ
2026-01-17T04:48:51.837202Z	  126 Query	SET autocommit=0
2026-01-17T04:48:51.838805Z	  126 Query	SELECT VERSION
FROM BATCH_JOB_EXECUTION
WHERE JOB_EXECUTION_ID=9
2026-01-17T04:48:51.840433Z	  126 Query	SELECT COUNT(*)
FROM BATCH_JOB_EXECUTION
WHERE JOB_EXECUTION_ID = 9
2026-01-17T04:48:51.841932Z	  126 Query	UPDATE BATCH_JOB_EXECUTION
SET START_TIME = '2026-01-17 13:48:51.835521', END_TIME = null,  STATUS = 'STARTED', EXIT_CODE = 'UNKNOWN', EXIT_MESSAGE = '', VERSION = VERSION + 1, CREATE_TIME = '2026-01-17 13:48:51.809236', LAST_UPDATED = '2026-01-17 13:48:51.836853'
WHERE JOB_EXECUTION_ID = 9 AND VERSION = 0
2026-01-17T04:48:51.843286Z	  126 Query	COMMIT
2026-01-17T04:48:51.845340Z	  126 Query	SET autocommit=1
2026-01-17T04:48:51.846402Z	  126 Query	SET autocommit=0
2026-01-17T04:48:51.847753Z	  126 Query	SELECT SE.STEP_EXECUTION_ID, SE.STEP_NAME, SE.START_TIME, SE.END_TIME, SE.STATUS, SE.COMMIT_COUNT, SE.READ_COUNT, SE.FILTER_COUNT, SE.WRITE_COUNT, SE.EXIT_CODE, SE.EXIT_MESSAGE, SE.READ_SKIP_COUNT, SE.WRITE_SKIP_COUNT, SE.PROCESS_SKIP_COUNT, SE.ROLLBACK_COUNT, SE.LAST_UPDATED, SE.VERSION, SE.CREATE_TIME, JE.JOB_EXECUTION_ID, JE.START_TIME, JE.END_TIME, JE.STATUS, JE.EXIT_CODE, JE.EXIT_MESSAGE, JE.CREATE_TIME, JE.LAST_UPDATED, JE.VERSION
FROM BATCH_JOB_EXECUTION JE
	JOIN BATCH_STEP_EXECUTION SE ON SE.JOB_EXECUTION_ID = JE.JOB_EXECUTION_ID
WHERE JE.JOB_INSTANCE_ID = 9 AND SE.STEP_NAME = 'paymentReportStep'
2026-01-17T04:48:51.848826Z	  126 Query	COMMIT
2026-01-17T04:48:51.849715Z	  126 Query	SET autocommit=1
2026-01-17T04:48:51.850739Z	  126 Query	SET autocommit=0
2026-01-17T04:48:51.851765Z	  126 Query	SELECT COUNT(*)
FROM BATCH_JOB_EXECUTION JE
	JOIN BATCH_STEP_EXECUTION SE ON SE.JOB_EXECUTION_ID = JE.JOB_EXECUTION_ID
WHERE JE.JOB_INSTANCE_ID = 9 AND SE.STEP_NAME = 'paymentReportStep'
2026-01-17T04:48:51.852821Z	  126 Query	COMMIT
2026-01-17T04:48:51.853693Z	  126 Query	SET autocommit=1
2026-01-17T04:48:51.854833Z	  126 Query	SET autocommit=0
2026-01-17T04:48:51.855845Z	  127 Query	SET autocommit=0
2026-01-17T04:48:51.856708Z	  127 Query	update BATCH_STEP_EXECUTION_SEQ set ID = last_insert_id(ID + 1) limit 1
2026-01-17T04:48:51.857758Z	  127 Query	select last_insert_id()
2026-01-17T04:48:51.858738Z	  127 Query	COMMIT
2026-01-17T04:48:51.861032Z	  127 Query	SET autocommit=1
2026-01-17T04:48:51.862517Z	  126 Query	INSERT INTO BATCH_STEP_EXECUTION(STEP_EXECUTION_ID, VERSION, STEP_NAME, JOB_EXECUTION_ID, START_TIME, END_TIME, STATUS, COMMIT_COUNT, READ_COUNT, FILTER_COUNT, WRITE_COUNT, EXIT_CODE, EXIT_MESSAGE, READ_SKIP_COUNT, WRITE_SKIP_COUNT, PROCESS_SKIP_COUNT, ROLLBACK_COUNT, LAST_UPDATED, CREATE_TIME)
	VALUES (9, 0, 'paymentReportStep', 9, null, null, 'STARTING', 0, 0, 0, 0, 'EXECUTING', '', 0, 0, 0, 0, '2026-01-17 13:48:51.854415', '2026-01-17 13:48:51.853275')
2026-01-17T04:48:51.863862Z	  126 Query	INSERT INTO BATCH_STEP_EXECUTION_CONTEXT (SHORT_CONTEXT, SERIALIZED_CONTEXT, STEP_EXECUTION_ID)
	VALUES('rO0ABXNyABFqYXZhLnV0aWwuSGFzaE1hcAUH2sHDFmDRAwACRgAKbG9hZEZhY3RvckkACXRocmVzaG9sZHhwP0AAAAAAAAB3CAAAABAAAAAAeA==', null, 9)
2026-01-17T04:48:51.864881Z	  126 Query	COMMIT
2026-01-17T04:48:51.866652Z	  126 Query	SET autocommit=1
2026-01-17T04:48:51.868382Z	  126 Query	SET autocommit=0
2026-01-17T04:48:51.869705Z	  126 Query	UPDATE BATCH_STEP_EXECUTION
SET START_TIME = '2026-01-17 13:48:51.8665', END_TIME = null, STATUS = 'STARTED', COMMIT_COUNT = 0, READ_COUNT = 0, FILTER_COUNT = 0, WRITE_COUNT = 0, EXIT_CODE = 'EXECUTING', EXIT_MESSAGE = '', VERSION = VERSION + 1, READ_SKIP_COUNT = 0, PROCESS_SKIP_COUNT = 0, WRITE_SKIP_COUNT = 0, ROLLBACK_COUNT = 0, LAST_UPDATED = '2026-01-17 13:48:51.867911'
WHERE STEP_EXECUTION_ID = 9 AND VERSION = 0
2026-01-17T04:48:51.870895Z	  126 Query	SELECT VERSION
FROM BATCH_JOB_EXECUTION
WHERE JOB_EXECUTION_ID=9
2026-01-17T04:48:51.871982Z	  126 Query	COMMIT
2026-01-17T04:48:51.874081Z	  126 Query	SET autocommit=1
2026-01-17T04:48:51.876299Z	  126 Query	SET autocommit=0
2026-01-17T04:48:51.877575Z	  126 Query	UPDATE BATCH_STEP_EXECUTION_CONTEXT
SET SHORT_CONTEXT = 'rO0ABXNyABFqYXZhLnV0aWwuSGFzaE1hcAUH2sHDFmDRAwACRgAKbG9hZEZhY3RvckkACXRocmVzaG9sZHhwP0AAAAAAAAx3CAAAABAAAAAEdAAecGF5bWVudFJlcG9ydFJlYWRlci5yZWFkLmNvdW50c3IAEWphdmEubGFuZy5JbnRlZ2VyEuKgpPeBhzgCAAFJAAV2YWx1ZXhyABBqYXZhLmxhbmcuTnVtYmVyhqyVHQuU4IsCAAB4cAAAAAB0ABFiYXRjaC50YXNrbGV0VHlwZXQAPW9yZy5zcHJpbmdmcmFtZXdvcmsuYmF0Y2guY29yZS5zdGVwLml0ZW0uQ2h1bmtPcmllbnRlZFRhc2tsZXR0AA1iYXRjaC52ZXJzaW9udAAFNS4yLjR0AA5iYXRjaC5zdGVwVHlwZXQAN29yZy5zcHJpbmdmcmFtZXdvcmsuYmF0Y2guY29yZS5zdGVwLnRhc2tsZXQuVGFza2xldFN0ZXB4', SERIALIZED_CONTEXT = null
WHERE STEP_EXECUTION_ID = 9
2026-01-17T04:48:51.878609Z	  126 Query	COMMIT
2026-01-17T04:48:51.880933Z	  126 Query	SET autocommit=1
2026-01-17T04:48:51.883084Z	  126 Query	SET autocommit=0
2026-01-17T04:48:51.884699Z	  127 Query	SET autocommit=0
2026-01-17T04:48:51.991817Z	  127 Query	select ps1_0.id,ps1_0.discount_amount,ps1_0.final_amount,ps1_0.original_amount,ps1_0.partner_corp_name,ps1_0.payment_date from payment_source ps1_0 limit 0,10
2026-01-17T04:48:52.013686Z	  127 Query	COMMIT
2026-01-17T04:48:52.017337Z	  127 Query	SET autocommit=1
2026-01-17T04:48:52.020630Z	  126 Query	ROLLBACK
2026-01-17T04:48:52.021793Z	  126 Query	SET autocommit=1
2026-01-17T04:48:52.025625Z	  126 Query	SET autocommit=0
2026-01-17T04:48:52.027118Z	  126 Query	UPDATE BATCH_STEP_EXECUTION_CONTEXT
SET SHORT_CONTEXT = 'rO0ABXNyABFqYXZhLnV0aWwuSGFzaE1hcAUH2sHDFmDRAwACRgAKbG9hZEZhY3RvckkACXRocmVzaG9sZHhwP0AAAAAAAAx3CAAAABAAAAAEdAAecGF5bWVudFJlcG9ydFJlYWRlci5yZWFkLmNvdW50c3IAEWphdmEubGFuZy5JbnRlZ2VyEuKgpPeBhzgCAAFJAAV2YWx1ZXhyABBqYXZhLmxhbmcuTnVtYmVyhqyVHQuU4IsCAAB4cAAAAAB0ABFiYXRjaC50YXNrbGV0VHlwZXQAPW9yZy5zcHJpbmdmcmFtZXdvcmsuYmF0Y2guY29yZS5zdGVwLml0ZW0uQ2h1bmtPcmllbnRlZFRhc2tsZXR0AA1iYXRjaC52ZXJzaW9udAAFNS4yLjR0AA5iYXRjaC5zdGVwVHlwZXQAN29yZy5zcHJpbmdmcmFtZXdvcmsuYmF0Y2guY29yZS5zdGVwLnRhc2tsZXQuVGFza2xldFN0ZXB4', SERIALIZED_CONTEXT = null
WHERE STEP_EXECUTION_ID = 9
2026-01-17T04:48:52.028282Z	  126 Query	COMMIT
2026-01-17T04:48:52.029175Z	  126 Query	SET autocommit=1
2026-01-17T04:48:52.030445Z	  126 Query	SET autocommit=0
2026-01-17T04:48:52.032104Z	  126 Query	UPDATE BATCH_STEP_EXECUTION
SET START_TIME = '2026-01-17 13:48:51.8665', END_TIME = '2026-01-17 13:48:52.023836', STATUS = 'FAILED', COMMIT_COUNT = 0, READ_COUNT = 10, FILTER_COUNT = 0, WRITE_COUNT = 0, EXIT_CODE = 'FAILED', EXIT_MESSAGE = 'java.lang.ClassCastException: class com.psjw.springbatchex.entity.PaymentSource cannot be cast to class com.psjw.springbatchex.entity.Payment (com.psjw.springbatchex.entity.PaymentSource and com.psjw.springbatchex.entity.Payment are in unnamed module of loader ''app'')\n	at java.base/java.lang.Iterable.forEach(Iterable.java:75)\n	at com.psjw.springbatchex.job.PaymentReportJobConfig.lambda$itemWriter$1(PaymentReportJobConfig.java:69)\n	at org.springframework.batch.core.step.item.SimpleChunkProcessor.writeItems(SimpleChunkProcessor.java:203)\n	at org.springframework.batch.core.step.item.SimpleChunkProcessor.doWrite(SimpleChunkProcessor.java:170)\n	at org.springframework.batch.core.step.item.SimpleChunkProcessor.write(SimpleChunkProcessor.java:297)\n	at org.springframework.batch.core.step.item.SimpleChunkProcessor.process(SimpleChunkProcessor.java:227)\n	at org.springframework.batch.core.step.item.ChunkOrientedTasklet.execute(ChunkOrientedTasklet.java:75)\n	at org.springframework.batch.core.step.tasklet.TaskletStep$ChunkTransactionCallback.doInTransaction(TaskletStep.java:383)\n	at org.springframework.batch.core.step.tasklet.TaskletStep$ChunkTransactionCallback.doInTransaction(TaskletStep.java:307)\n	at org.springframework.transaction.support.TransactionTemplate.execute(TransactionTemplate.java:140)\n	at org.springframework.batch.core.step.tasklet.TaskletStep$2.doInChunkContext(TaskletStep.java:250)\n	at org.springframework.batch.core.scope.context.StepContextRepeatCallback.doInIteration(StepContextRepeatCallback.java:82)\n	at org.springframework.batch.repeat.support.RepeatTemplate.getNextResult(RepeatTemplate.java:369)\n	at org.springframework.batch.repeat.support.RepeatTemplate.executeInternal(RepeatTemplate.java:206)\n	at org.springframework.batch.repeat.support.RepeatTemplate.iterate(RepeatTemplate.java:140)\n	at org.springframework.batch.core.step.tasklet.TaskletStep.doExecute(TaskletStep.java:235)\n	at org.springframework.batch.core.step.AbstractStep.execute(AbstractStep.java:230)\n	at org.springframework.batch.core.job.SimpleStepHandler.handleStep(SimpleStepHandler.java:153)\n	at org.springframework.batch.core.job.AbstractJob.handleStep(AbstractJob.java:408)\n	at org.springframework.batch.core.job.SimpleJob.doExecute(SimpleJob.java:127)\n	at org.springframework.batch.core.job.AbstractJob.execute(AbstractJob.java:307)\n	at org.springframework.batch.core.launch.support.TaskExecutorJobLauncher$1.run(TaskExecutorJobLauncher.java:155)\n	at org.springframework.core.task.SyncTaskExecutor', VERSION = VERSION + 1, READ_SKIP_COUNT = 0, PROCESS_SKIP_COUNT = 0, WRITE_SKIP_COUNT = 0, ROLLBACK_COUNT = 1, LAST_UPDATED = '2026-01-17 13:48:52.029928'
WHERE STEP_EXECUTION_ID = 9 AND VERSION = 1
2026-01-17T04:48:52.033807Z	  126 Query	SELECT VERSION
FROM BATCH_JOB_EXECUTION
WHERE JOB_EXECUTION_ID=9
2026-01-17T04:48:52.035010Z	  126 Query	COMMIT
2026-01-17T04:48:52.038218Z	  126 Query	SET autocommit=1
2026-01-17T04:48:52.039517Z	  127 Query	SET autocommit=0
2026-01-17T04:48:52.040841Z	  127 Query	UPDATE BATCH_JOB_EXECUTION_CONTEXT
SET SHORT_CONTEXT = 'rO0ABXNyABFqYXZhLnV0aWwuSGFzaE1hcAUH2sHDFmDRAwACRgAKbG9hZEZhY3RvckkACXRocmVzaG9sZHhwP0AAAAAAAAx3CAAAABAAAAABdAANYmF0Y2gudmVyc2lvbnQABTUuMi40eA==', SERIALIZED_CONTEXT = null
WHERE JOB_EXECUTION_ID = 9
2026-01-17T04:48:52.042316Z	  127 Query	COMMIT
2026-01-17T04:48:52.044726Z	  127 Query	SET autocommit=1
2026-01-17T04:48:52.046296Z	  127 Query	SET autocommit=0
2026-01-17T04:48:52.047413Z	  127 Query	SELECT VERSION
FROM BATCH_JOB_EXECUTION
WHERE JOB_EXECUTION_ID=9
2026-01-17T04:48:52.048705Z	  127 Query	SELECT COUNT(*)
FROM BATCH_JOB_EXECUTION
WHERE JOB_EXECUTION_ID = 9
2026-01-17T04:48:52.050273Z	  127 Query	UPDATE BATCH_JOB_EXECUTION
SET START_TIME = '2026-01-17 13:48:51.835521', END_TIME = '2026-01-17 13:48:52.044675',  STATUS = 'FAILED', EXIT_CODE = 'FAILED', EXIT_MESSAGE = 'java.lang.ClassCastException: class com.psjw.springbatchex.entity.PaymentSource cannot be cast to class com.psjw.springbatchex.entity.Payment (com.psjw.springbatchex.entity.PaymentSource and com.psjw.springbatchex.entity.Payment are in unnamed module of loader ''app'')\n	at java.base/java.lang.Iterable.forEach(Iterable.java:75)\n	at com.psjw.springbatchex.job.PaymentReportJobConfig.lambda$itemWriter$1(PaymentReportJobConfig.java:69)\n	at org.springframework.batch.core.step.item.SimpleChunkProcessor.writeItems(SimpleChunkProcessor.java:203)\n	at org.springframework.batch.core.step.item.SimpleChunkProcessor.doWrite(SimpleChunkProcessor.java:170)\n	at org.springframework.batch.core.step.item.SimpleChunkProcessor.write(SimpleChunkProcessor.java:297)\n	at org.springframework.batch.core.step.item.SimpleChunkProcessor.process(SimpleChunkProcessor.java:227)\n	at org.springframework.batch.core.step.item.ChunkOrientedTasklet.execute(ChunkOrientedTasklet.java:75)\n	at org.springframework.batch.core.step.tasklet.TaskletStep$ChunkTransactionCallback.doInTransaction(TaskletStep.java:383)\n	at org.springframework.batch.core.step.tasklet.TaskletStep$ChunkTransactionCallback.doInTransaction(TaskletStep.java:307)\n	at org.springframework.transaction.support.TransactionTemplate.execute(TransactionTemplate.java:140)\n	at org.springframework.batch.core.step.tasklet.TaskletStep$2.doInChunkContext(TaskletStep.java:250)\n	at org.springframework.batch.core.scope.context.StepContextRepeatCallback.doInIteration(StepContextRepeatCallback.java:82)\n	at org.springframework.batch.repeat.support.RepeatTemplate.getNextResult(RepeatTemplate.java:369)\n	at org.springframework.batch.repeat.support.RepeatTemplate.executeInternal(RepeatTemplate.java:206)\n	at org.springframework.batch.repeat.support.RepeatTemplate.iterate(RepeatTemplate.java:140)\n	at org.springframework.batch.core.step.tasklet.TaskletStep.doExecute(TaskletStep.java:235)\n	at org.springframework.batch.core.step.AbstractStep.execute(AbstractStep.java:230)\n	at org.springframework.batch.core.job.SimpleStepHandler.handleStep(SimpleStepHandler.java:153)\n	at org.springframework.batch.core.job.AbstractJob.handleStep(AbstractJob.java:408)\n	at org.springframework.batch.core.job.SimpleJob.doExecute(SimpleJob.java:127)\n	at org.springframework.batch.core.job.AbstractJob.execute(AbstractJob.java:307)\n	at org.springframework.batch.core.launch.support.TaskExecutorJobLauncher$1.run(TaskExecutorJobLauncher.java:155)\n	at org.springframework.core.task.SyncTaskExecutor', VERSION = VERSION + 1, CREATE_TIME = '2026-01-17 13:48:51.809236', LAST_UPDATED = '2026-01-17 13:48:52.045879'
WHERE JOB_EXECUTION_ID = 9 AND VERSION = 1
2026-01-17T04:48:52.052156Z	  127 Query	COMMIT
2026-01-17T04:48:52.055524Z	  127 Query	SET autocommit=1
2026-01-17T04:48:52.064526Z	  126 Quit	
2026-01-17T04:48:52.065573Z	  129 Quit	
2026-01-17T04:48:52.065591Z	  131 Quit	
2026-01-17T04:48:52.065601Z	  130 Quit	
2026-01-17T04:48:52.065604Z	  127 Quit	
2026-01-17T04:48:52.065642Z	  128 Quit	
2026-01-17T04:48:52.065650Z	  132 Quit	
2026-01-17T04:48:52.065650Z	  133 Quit	
2026-01-17T04:48:52.065909Z	  134 Quit	
2026-01-17T04:48:52.065950Z	  135 Quit	
2026-01-17T04:52:21.660317Z	  136 Connect	root@172.24.0.1 on spring_batch using TCP/IP
2026-01-17T04:52:21.671586Z	  136 Query	/* mysql-connector-j-9.5.0 (Revision: a7b3c94f50efbddb9f0dd69b3e0d1aaa25305cd6) */SELECT  @@session.auto_increment_increment AS auto_increment_increment, @@character_set_client AS character_set_client, @@character_set_connection AS character_set_connection, @@character_set_results AS character_set_results, @@character_set_server AS character_set_server, @@collation_server AS collation_server, @@collation_connection AS collation_connection, @@init_connect AS init_connect, @@interactive_timeout AS interactive_timeout, @@license AS license, @@lower_case_table_names AS lower_case_table_names, @@max_allowed_packet AS max_allowed_packet, @@net_write_timeout AS net_write_timeout, @@performance_schema AS performance_schema, @@sql_mode AS sql_mode, @@system_time_zone AS system_time_zone, @@time_zone AS time_zone, @@transaction_isolation AS transaction_isolation, @@wait_timeout AS wait_timeout
2026-01-17T04:52:21.679468Z	  136 Query	SET character_set_results = NULL
2026-01-17T04:52:21.682377Z	  136 Query	SET autocommit=1
2026-01-17T04:52:21.685889Z	  136 Query	SELECT @@session.transaction_read_only
2026-01-17T04:52:21.689047Z	  136 Query	SELECT @@session.transaction_isolation
2026-01-17T04:52:21.800668Z	  137 Connect	root@172.24.0.1 on spring_batch using TCP/IP
2026-01-17T04:52:21.806405Z	  137 Query	/* mysql-connector-j-9.5.0 (Revision: a7b3c94f50efbddb9f0dd69b3e0d1aaa25305cd6) */SELECT  @@session.auto_increment_increment AS auto_increment_increment, @@character_set_client AS character_set_client, @@character_set_connection AS character_set_connection, @@character_set_results AS character_set_results, @@character_set_server AS character_set_server, @@collation_server AS collation_server, @@collation_connection AS collation_connection, @@init_connect AS init_connect, @@interactive_timeout AS interactive_timeout, @@license AS license, @@lower_case_table_names AS lower_case_table_names, @@max_allowed_packet AS max_allowed_packet, @@net_write_timeout AS net_write_timeout, @@performance_schema AS performance_schema, @@sql_mode AS sql_mode, @@system_time_zone AS system_time_zone, @@time_zone AS time_zone, @@transaction_isolation AS transaction_isolation, @@wait_timeout AS wait_timeout
2026-01-17T04:52:21.809755Z	  137 Query	SET character_set_results = NULL
2026-01-17T04:52:21.816562Z	  137 Query	SET autocommit=1
2026-01-17T04:52:21.818898Z	  137 Query	SELECT @@session.transaction_read_only
2026-01-17T04:52:21.858945Z	  138 Connect	root@172.24.0.1 on spring_batch using TCP/IP
2026-01-17T04:52:21.864423Z	  138 Query	/* mysql-connector-j-9.5.0 (Revision: a7b3c94f50efbddb9f0dd69b3e0d1aaa25305cd6) */SELECT  @@session.auto_increment_increment AS auto_increment_increment, @@character_set_client AS character_set_client, @@character_set_connection AS character_set_connection, @@character_set_results AS character_set_results, @@character_set_server AS character_set_server, @@collation_server AS collation_server, @@collation_connection AS collation_connection, @@init_connect AS init_connect, @@interactive_timeout AS interactive_timeout, @@license AS license, @@lower_case_table_names AS lower_case_table_names, @@max_allowed_packet AS max_allowed_packet, @@net_write_timeout AS net_write_timeout, @@performance_schema AS performance_schema, @@sql_mode AS sql_mode, @@system_time_zone AS system_time_zone, @@time_zone AS time_zone, @@transaction_isolation AS transaction_isolation, @@wait_timeout AS wait_timeout
2026-01-17T04:52:21.866997Z	  136 Query	SELECT WORD FROM INFORMATION_SCHEMA.KEYWORDS WHERE RESERVED = 1 ORDER BY WORD
2026-01-17T04:52:21.869843Z	  138 Query	SET character_set_results = NULL
2026-01-17T04:52:21.872908Z	  138 Query	SET autocommit=1
2026-01-17T04:52:21.874189Z	  138 Query	SELECT @@session.transaction_read_only
2026-01-17T04:52:21.892391Z	  136 Query	SELECT @@character_set_database, @@sql_mode
2026-01-17T04:52:21.918128Z	  139 Connect	root@172.24.0.1 on spring_batch using TCP/IP
2026-01-17T04:52:21.919528Z	  139 Query	/* mysql-connector-j-9.5.0 (Revision: a7b3c94f50efbddb9f0dd69b3e0d1aaa25305cd6) */SELECT  @@session.auto_increment_increment AS auto_increment_increment, @@character_set_client AS character_set_client, @@character_set_connection AS character_set_connection, @@character_set_results AS character_set_results, @@character_set_server AS character_set_server, @@collation_server AS collation_server, @@collation_connection AS collation_connection, @@init_connect AS init_connect, @@interactive_timeout AS interactive_timeout, @@license AS license, @@lower_case_table_names AS lower_case_table_names, @@max_allowed_packet AS max_allowed_packet, @@net_write_timeout AS net_write_timeout, @@performance_schema AS performance_schema, @@sql_mode AS sql_mode, @@system_time_zone AS system_time_zone, @@time_zone AS time_zone, @@transaction_isolation AS transaction_isolation, @@wait_timeout AS wait_timeout
2026-01-17T04:52:21.920764Z	  139 Query	SET character_set_results = NULL
2026-01-17T04:52:21.921911Z	  139 Query	SET autocommit=1
2026-01-17T04:52:21.923088Z	  139 Query	SELECT @@session.transaction_read_only
2026-01-17T04:52:21.959555Z	  140 Connect	root@172.24.0.1 on spring_batch using TCP/IP
2026-01-17T04:52:21.964260Z	  140 Query	/* mysql-connector-j-9.5.0 (Revision: a7b3c94f50efbddb9f0dd69b3e0d1aaa25305cd6) */SELECT  @@session.auto_increment_increment AS auto_increment_increment, @@character_set_client AS character_set_client, @@character_set_connection AS character_set_connection, @@character_set_results AS character_set_results, @@character_set_server AS character_set_server, @@collation_server AS collation_server, @@collation_connection AS collation_connection, @@init_connect AS init_connect, @@interactive_timeout AS interactive_timeout, @@license AS license, @@lower_case_table_names AS lower_case_table_names, @@max_allowed_packet AS max_allowed_packet, @@net_write_timeout AS net_write_timeout, @@performance_schema AS performance_schema, @@sql_mode AS sql_mode, @@system_time_zone AS system_time_zone, @@time_zone AS time_zone, @@transaction_isolation AS transaction_isolation, @@wait_timeout AS wait_timeout
2026-01-17T04:52:21.966272Z	  140 Query	SET character_set_results = NULL
2026-01-17T04:52:21.967466Z	  140 Query	SET autocommit=1
2026-01-17T04:52:21.968699Z	  140 Query	SELECT @@session.transaction_read_only
2026-01-17T04:52:22.010167Z	  141 Connect	root@172.24.0.1 on spring_batch using TCP/IP
2026-01-17T04:52:22.018498Z	  141 Query	/* mysql-connector-j-9.5.0 (Revision: a7b3c94f50efbddb9f0dd69b3e0d1aaa25305cd6) */SELECT  @@session.auto_increment_increment AS auto_increment_increment, @@character_set_client AS character_set_client, @@character_set_connection AS character_set_connection, @@character_set_results AS character_set_results, @@character_set_server AS character_set_server, @@collation_server AS collation_server, @@collation_connection AS collation_connection, @@init_connect AS init_connect, @@interactive_timeout AS interactive_timeout, @@license AS license, @@lower_case_table_names AS lower_case_table_names, @@max_allowed_packet AS max_allowed_packet, @@net_write_timeout AS net_write_timeout, @@performance_schema AS performance_schema, @@sql_mode AS sql_mode, @@system_time_zone AS system_time_zone, @@time_zone AS time_zone, @@transaction_isolation AS transaction_isolation, @@wait_timeout AS wait_timeout
2026-01-17T04:52:22.023476Z	  141 Query	SET character_set_results = NULL
2026-01-17T04:52:22.028942Z	  141 Query	SET autocommit=1
2026-01-17T04:52:22.032703Z	  141 Query	SELECT @@session.transaction_read_only
2026-01-17T04:52:22.072730Z	  142 Connect	root@172.24.0.1 on spring_batch using TCP/IP
2026-01-17T04:52:22.076335Z	  142 Query	/* mysql-connector-j-9.5.0 (Revision: a7b3c94f50efbddb9f0dd69b3e0d1aaa25305cd6) */SELECT  @@session.auto_increment_increment AS auto_increment_increment, @@character_set_client AS character_set_client, @@character_set_connection AS character_set_connection, @@character_set_results AS character_set_results, @@character_set_server AS character_set_server, @@collation_server AS collation_server, @@collation_connection AS collation_connection, @@init_connect AS init_connect, @@interactive_timeout AS interactive_timeout, @@license AS license, @@lower_case_table_names AS lower_case_table_names, @@max_allowed_packet AS max_allowed_packet, @@net_write_timeout AS net_write_timeout, @@performance_schema AS performance_schema, @@sql_mode AS sql_mode, @@system_time_zone AS system_time_zone, @@time_zone AS time_zone, @@transaction_isolation AS transaction_isolation, @@wait_timeout AS wait_timeout
2026-01-17T04:52:22.081426Z	  142 Query	SET character_set_results = NULL
2026-01-17T04:52:22.083388Z	  142 Query	SET autocommit=1
2026-01-17T04:52:22.084784Z	  142 Query	SELECT @@session.transaction_read_only
2026-01-17T04:52:22.122818Z	  143 Connect	root@172.24.0.1 on spring_batch using TCP/IP
2026-01-17T04:52:22.126063Z	  143 Query	/* mysql-connector-j-9.5.0 (Revision: a7b3c94f50efbddb9f0dd69b3e0d1aaa25305cd6) */SELECT  @@session.auto_increment_increment AS auto_increment_increment, @@character_set_client AS character_set_client, @@character_set_connection AS character_set_connection, @@character_set_results AS character_set_results, @@character_set_server AS character_set_server, @@collation_server AS collation_server, @@collation_connection AS collation_connection, @@init_connect AS init_connect, @@interactive_timeout AS interactive_timeout, @@license AS license, @@lower_case_table_names AS lower_case_table_names, @@max_allowed_packet AS max_allowed_packet, @@net_write_timeout AS net_write_timeout, @@performance_schema AS performance_schema, @@sql_mode AS sql_mode, @@system_time_zone AS system_time_zone, @@time_zone AS time_zone, @@transaction_isolation AS transaction_isolation, @@wait_timeout AS wait_timeout
2026-01-17T04:52:22.129397Z	  143 Query	SET character_set_results = NULL
2026-01-17T04:52:22.131134Z	  143 Query	SET autocommit=1
2026-01-17T04:52:22.132183Z	  143 Query	SELECT @@session.transaction_read_only
2026-01-17T04:52:22.175288Z	  144 Connect	root@172.24.0.1 on spring_batch using TCP/IP
2026-01-17T04:52:22.179924Z	  144 Query	/* mysql-connector-j-9.5.0 (Revision: a7b3c94f50efbddb9f0dd69b3e0d1aaa25305cd6) */SELECT  @@session.auto_increment_increment AS auto_increment_increment, @@character_set_client AS character_set_client, @@character_set_connection AS character_set_connection, @@character_set_results AS character_set_results, @@character_set_server AS character_set_server, @@collation_server AS collation_server, @@collation_connection AS collation_connection, @@init_connect AS init_connect, @@interactive_timeout AS interactive_timeout, @@license AS license, @@lower_case_table_names AS lower_case_table_names, @@max_allowed_packet AS max_allowed_packet, @@net_write_timeout AS net_write_timeout, @@performance_schema AS performance_schema, @@sql_mode AS sql_mode, @@system_time_zone AS system_time_zone, @@time_zone AS time_zone, @@transaction_isolation AS transaction_isolation, @@wait_timeout AS wait_timeout
2026-01-17T04:52:22.182758Z	  144 Query	SET character_set_results = NULL
2026-01-17T04:52:22.185369Z	  144 Query	SET autocommit=1
2026-01-17T04:52:22.186755Z	  144 Query	SELECT @@session.transaction_read_only
2026-01-17T04:52:22.227001Z	  145 Connect	root@172.24.0.1 on spring_batch using TCP/IP
2026-01-17T04:52:22.230682Z	  136 Query	SELECT TABLE_SCHEMA AS TABLE_CAT, NULL AS TABLE_SCHEM, TABLE_NAME, CASE WHEN TABLE_TYPE = 'BASE TABLE' THEN CASE WHEN TABLE_SCHEMA = 'mysql' OR TABLE_SCHEMA = 'performance_schema' OR TABLE_SCHEMA = 'sys' THEN 'SYSTEM TABLE' ELSE 'TABLE' END WHEN TABLE_TYPE = 'TEMPORARY' THEN 'LOCAL_TEMPORARY' ELSE TABLE_TYPE END AS TABLE_TYPE, TABLE_COMMENT AS REMARKS, NULL AS TYPE_CAT, NULL AS TYPE_SCHEM, NULL AS TYPE_NAME, NULL AS SELF_REFERENCING_COL_NAME, NULL AS REF_GENERATION FROM INFORMATION_SCHEMA.TABLES WHERE TABLE_SCHEMA = 'spring_batch' AND TABLE_NAME LIKE '%' HAVING TABLE_TYPE IN ('TABLE','VIEW',null,null,null) ORDER BY TABLE_TYPE, TABLE_SCHEMA, TABLE_NAME
2026-01-17T04:52:22.232954Z	  145 Query	/* mysql-connector-j-9.5.0 (Revision: a7b3c94f50efbddb9f0dd69b3e0d1aaa25305cd6) */SELECT  @@session.auto_increment_increment AS auto_increment_increment, @@character_set_client AS character_set_client, @@character_set_connection AS character_set_connection, @@character_set_results AS character_set_results, @@character_set_server AS character_set_server, @@collation_server AS collation_server, @@collation_connection AS collation_connection, @@init_connect AS init_connect, @@interactive_timeout AS interactive_timeout, @@license AS license, @@lower_case_table_names AS lower_case_table_names, @@max_allowed_packet AS max_allowed_packet, @@net_write_timeout AS net_write_timeout, @@performance_schema AS performance_schema, @@sql_mode AS sql_mode, @@system_time_zone AS system_time_zone, @@time_zone AS time_zone, @@transaction_isolation AS transaction_isolation, @@wait_timeout AS wait_timeout
2026-01-17T04:52:22.242144Z	  136 Query	SELECT DEFAULT_COLLATION_NAME FROM INFORMATION_SCHEMA.SCHEMATA WHERE SCHEMA_NAME = 'information_schema'
2026-01-17T04:52:22.243786Z	  145 Query	SET character_set_results = NULL
2026-01-17T04:52:22.245453Z	  145 Query	SET autocommit=1
2026-01-17T04:52:22.246446Z	  145 Query	SELECT @@session.transaction_read_only
2026-01-17T04:52:22.247507Z	  136 Query	SELECT TABLE_SCHEMA, NULL, TABLE_NAME, COLUMN_NAME, CASE WHEN UPPER(DATA_TYPE) = 'DECIMAL' THEN 3 WHEN UPPER(DATA_TYPE) = 'DECIMAL UNSIGNED' THEN 3 WHEN UPPER(DATA_TYPE) = 'TINYINT' THEN IF(LOCATE('ZEROFILL', UPPER(COLUMN_TYPE)) = 0 AND LOCATE('UNSIGNED', UPPER(COLUMN_TYPE)) = 0 AND LOCATE('(1)', COLUMN_TYPE) != 0, -7, -6) WHEN UPPER(DATA_TYPE) = 'TINYINT UNSIGNED' THEN IF(LOCATE('ZEROFILL', UPPER(COLUMN_TYPE)) = 0 AND LOCATE('UNSIGNED', UPPER(COLUMN_TYPE)) = 0 AND LOCATE('(1)', COLUMN_TYPE) != 0, -7, -6) WHEN UPPER(DATA_TYPE) = 'BOOLEAN' THEN 16 WHEN UPPER(DATA_TYPE) = 'SMALLINT' THEN 5 WHEN UPPER(DATA_TYPE) = 'SMALLINT UNSIGNED' THEN 5 WHEN UPPER(DATA_TYPE) = 'INT' THEN 4 WHEN UPPER(DATA_TYPE) = 'INT UNSIGNED' THEN 4 WHEN UPPER(DATA_TYPE) = 'FLOAT' THEN 7 WHEN UPPER(DATA_TYPE) = 'FLOAT UNSIGNED' THEN 7 WHEN UPPER(DATA_TYPE) = 'DOUBLE' THEN 8 WHEN UPPER(DATA_TYPE) = 'DOUBLE UNSIGNED' THEN 8 WHEN UPPER(DATA_TYPE) = 'NULL' THEN 0 WHEN UPPER(DATA_TYPE) = 'TIMESTAMP' THEN 93 WHEN UPPER(DATA_TYPE) = 'BIGINT' THEN -5 WHEN UPPER(DATA_TYPE) = 'BIGINT UNSIGNED' THEN -5 WHEN UPPER(DATA_TYPE) = 'MEDIUMINT' THEN 4 WHEN UPPER(DATA_TYPE) = 'MEDIUMINT UNSIGNED' THEN 4 WHEN UPPER(DATA_TYPE) = 'DATE' THEN 91 WHEN UPPER(DATA_TYPE) = 'TIME' THEN 92 WHEN UPPER(DATA_TYPE) = 'DATETIME' THEN 93 WHEN UPPER(DATA_TYPE) = 'YEAR' THEN 91 WHEN UPPER(DATA_TYPE) = 'VARCHAR' THEN 12 WHEN UPPER(DATA_TYPE) = 'VARBINARY' THEN -3 WHEN UPPER(DATA_TYPE) = 'BIT' THEN -7 WHEN UPPER(DATA_TYPE) = 'JSON' THEN -1 WHEN UPPER(DATA_TYPE) = 'ENUM' THEN 1 WHEN UPPER(DATA_TYPE) = 'SET' THEN 1 WHEN UPPER(DATA_TYPE) = 'TINYBLOB' THEN -3 WHEN UPPER(DATA_TYPE) = 'TINYTEXT' THEN 12 WHEN UPPER(DATA_TYPE) = 'MEDIUMBLOB' THEN -4 WHEN UPPER(DATA_TYPE) = 'MEDIUMTEXT' THEN -1 WHEN UPPER(DATA_TYPE) = 'LONGBLOB' THEN -4 WHEN UPPER(DATA_TYPE) = 'LONGTEXT' THEN -1 WHEN UPPER(DATA_TYPE) = 'BLOB' THEN -4 WHEN UPPER(DATA_TYPE) = 'TEXT' THEN -1 WHEN UPPER(DATA_TYPE) = 'CHAR' THEN 1 WHEN UPPER(DATA_TYPE) = 'BINARY' THEN -2 WHEN UPPER(DATA_TYPE) = 'GEOMETRY' THEN -2 WHEN UPPER(DATA_TYPE) = 'VECTOR' THEN -4 WHEN UPPER(DATA_TYPE) = 'UNKNOWN' THEN 1111 WHEN UPPER(DATA_TYPE) = 'POINT' THEN -2 WHEN UPPER(DATA_TYPE) = 'LINESTRING' THEN -2 WHEN UPPER(DATA_TYPE) = 'POLYGON' THEN -2 WHEN UPPER(DATA_TYPE) = 'MULTIPOINT' THEN -2 WHEN UPPER(DATA_TYPE) = 'MULTILINESTRING' THEN -2 WHEN UPPER(DATA_TYPE) = 'MULTIPOLYGON' THEN -2 WHEN UPPER(DATA_TYPE) = 'GEOMETRYCOLLECTION' THEN -2 WHEN UPPER(DATA_TYPE) = 'GEOMCOLLECTION' THEN -2 ELSE 1111 END AS DATA_TYPE, UPPER(CASE WHEN UPPER(DATA_TYPE) = 'TINYINT' THEN CASE WHEN LOCATE('ZEROFILL', UPPER(COLUMN_TYPE)) = 0 AND LOCATE('UNSIGNED', UPPER(COLUMN_TYPE)) = 0 AND LOCATE('(1)', COLUMN_TYPE) != 0 THEN 'BIT' WHEN LOCATE('UNSIGNED', UPPER(COLUMN_TYPE)) != 0 AND LOCATE('UNSIGNED', UPPER(DATA_TYPE)) = 0 THEN 'TINYINT UNSIGNED' ELSE DATA_TYPE END WHEN LOCATE('UNSIGNED', UPPER(COLUMN_TYPE)) != 0 AND LOCATE('UNSIGNED', UPPER(DATA_TYPE)) = 0 AND LOCATE('SET', UPPER(DATA_TYPE)) <> 1 AND LOCATE('ENUM', UPPER(DATA_TYPE)) <> 1 THEN CONCAT(DATA_TYPE, ' UNSIGNED') WHEN UPPER(DATA_TYPE) = 'POINT' THEN 'GEOMETRY' WHEN UPPER(DATA_TYPE) = 'LINESTRING' THEN 'GEOMETRY' WHEN UPPER(DATA_TYPE) = 'POLYGON' THEN 'GEOMETRY' WHEN UPPER(DATA_TYPE) = 'MULTIPOINT' THEN 'GEOMETRY' WHEN UPPER(DATA_TYPE) = 'MULTILINESTRING' THEN 'GEOMETRY' WHEN UPPER(DATA_TYPE) = 'MULTIPOLYGON' THEN 'GEOMETRY' WHEN UPPER(DATA_TYPE) = 'GEOMETRYCOLLECTION' THEN 'GEOMETRY' WHEN UPPER(DATA_TYPE) = 'GEOMCOLLECTION' THEN 'GEOMETRY' ELSE UPPER(DATA_TYPE) END) AS TYPE_NAME, UPPER(CASE WHEN UPPER(DATA_TYPE) = 'YEAR' THEN 4 WHEN UPPER(DATA_TYPE) = 'DATE' THEN 10 WHEN UPPER(DATA_TYPE) = 'DATETIME' OR UPPER(DATA_TYPE) = 'TIMESTAMP' THEN 19 + IF(DATETIME_PRECISION > 0, DATETIME_PRECISION + 1, DATETIME_PRECISION) WHEN UPPER(DATA_TYPE) = 'TIME' THEN 8 + IF(DATETIME_PRECISION > 0, DATETIME_PRECISION + 1, DATETIME_PRECISION) WHEN UPPER(DATA_TYPE) = 'TINYINT' AND LOCATE('ZEROFILL', UPPER(COLUMN_TYPE)) = 0 AND LOCATE('UNSIGNED', UPPER(COLUMN_TYPE)) = 0 AND LOCATE('(1)', COLUMN_TYPE) != 0 THEN 1 WHEN UPPER(DATA_TYPE) = 'MEDIUMINT' AND LOCATE('UNSIGNED', UPPER(COLUMN_TYPE)) != 0 THEN 8 WHEN UPPER(DATA_TYPE) = 'JSON' THEN 1073741824 WHEN UPPER(DATA_TYPE) = 'GEOMETRY' THEN 65535 WHEN UPPER(DATA_TYPE) = 'POINT' THEN 65535 WHEN UPPER(DATA_TYPE) = 'LINESTRING' THEN 65535 WHEN UPPER(DATA_TYPE) = 'POLYGON' THEN 65535 WHEN UPPER(DATA_TYPE) = 'MULTIPOINT' THEN 65535 WHEN UPPER(DATA_TYPE) = 'MULTILINESTRING' THEN 65535 WHEN UPPER(DATA_TYPE) = 'MULTIPOLYGON' THEN 65535 WHEN UPPER(DATA_TYPE) = 'GEOMETRYCOLLECTION' THEN 65535 WHEN UPPER(DATA_TYPE) = 'GEOMCOLLECTION' THEN 65535 WHEN CHARACTER_MAXIMUM_LENGTH IS NULL THEN NUMERIC_PRECISION WHEN CHARACTER_MAXIMUM_LENGTH > 2147483647 THEN 2147483647 ELSE CHARACTER_MAXIMUM_LENGTH END) AS COLUMN_SIZE, 65535 AS BUFFER_LENGTH, UPPER(CASE WHEN UPPER(DATA_TYPE) = 'DECIMAL' THEN NUMERIC_SCALE WHEN UPPER(DATA_TYPE) = 'FLOAT' OR UPPER(DATA_TYPE) = 'DOUBLE' THEN IF(NUMERIC_SCALE IS NULL, 0, NUMERIC_SCALE) ELSE NULL END) AS DECIMAL_DIGITS, 10 AS NUM_PREC_RADIX, CASE WHEN IS_NULLABLE COLLATE utf8mb3_general_ci= 'NO' THEN 0 ELSE CASE WHEN IS_NULLABLE COLLATE utf8mb3_general_ci= 'YES' THEN 1 ELSE 2 END END AS NULLABLE, COLUMN_COMMENT AS REMARKS, COLUMN_DEFAULT AS COLUMN_DEF, 0 AS SQL_DATA_TYPE, 0 AS SQL_DATETIME_SUB, CASE WHEN CHARACTER_OCTET_LENGTH > 2147483647 THEN 2147483647 ELSE CHARACTER_OCTET_LENGTH END AS CHAR_OCTET_LENGTH, ORDINAL_POSITION, IS_NULLABLE, NULL AS SCOPE_CATALOG, NULL AS SCOPE_SCHEMA, NULL AS SCOPE_TABLE, NULL AS SOURCE_DATA_TYPE, IF (EXTRA COLLATE utf8mb3_general_ci LIKE '%auto_increment%','YES','NO') AS IS_AUTOINCREMENT, IF (EXTRA COLLATE utf8mb3_general_ci LIKE  '%GENERATED%','YES','NO') AS IS_GENERATEDCOLUMN FROM INFORMATION_SCHEMA.COLUMNS WHERE TABLE_SCHEMA = 'spring_batch' AND COLUMN_NAME LIKE '%' ORDER BY TABLE_SCHEMA, TABLE_NAME, ORDINAL_POSITION
2026-01-17T04:52:22.420335Z	  136 Query	SET autocommit=0
2026-01-17T04:52:22.427935Z	  136 Query	SELECT JOB_INSTANCE_ID, JOB_NAME
FROM BATCH_JOB_INSTANCE
WHERE JOB_NAME = 'paymentReportJob'
 AND JOB_KEY = 'd41d8cd98f00b204e9800998ecf8427e'
2026-01-17T04:52:22.435844Z	  136 Query	COMMIT
2026-01-17T04:52:22.439926Z	  136 Query	SET autocommit=1
2026-01-17T04:52:22.443713Z	  136 Query	SELECT JOB_INSTANCE_ID, JOB_NAME
FROM BATCH_JOB_INSTANCE I1
WHERE I1.JOB_NAME = 'paymentReportJob' AND I1.JOB_INSTANCE_ID = (SELECT MAX(I2.JOB_INSTANCE_ID) FROM BATCH_JOB_INSTANCE I2 WHERE I2.JOB_NAME = 'paymentReportJob')
2026-01-17T04:52:22.451875Z	  136 Query	SELECT JOB_EXECUTION_ID, START_TIME, END_TIME, STATUS, EXIT_CODE, EXIT_MESSAGE, CREATE_TIME, LAST_UPDATED, VERSION
FROM BATCH_JOB_EXECUTION
 WHERE JOB_INSTANCE_ID = 9 AND JOB_EXECUTION_ID IN (SELECT MAX(JOB_EXECUTION_ID) FROM BATCH_JOB_EXECUTION E2 WHERE E2.JOB_INSTANCE_ID = 9)
2026-01-17T04:52:22.453980Z	  136 Query	SELECT JOB_EXECUTION_ID, PARAMETER_NAME, PARAMETER_TYPE, PARAMETER_VALUE, IDENTIFYING
FROM BATCH_JOB_EXECUTION_PARAMS
WHERE JOB_EXECUTION_ID = 9
2026-01-17T04:52:22.456854Z	  136 Query	SELECT JI.JOB_INSTANCE_ID, JOB_NAME, JOB_KEY, JI.VERSION
FROM BATCH_JOB_INSTANCE JI, BATCH_JOB_EXECUTION JE
WHERE JOB_EXECUTION_ID = 9 AND JI.JOB_INSTANCE_ID = JE.JOB_INSTANCE_ID
2026-01-17T04:52:22.458472Z	  136 Query	SELECT STEP_EXECUTION_ID, STEP_NAME, START_TIME, END_TIME, STATUS, COMMIT_COUNT, READ_COUNT, FILTER_COUNT, WRITE_COUNT, EXIT_CODE, EXIT_MESSAGE, READ_SKIP_COUNT, WRITE_SKIP_COUNT, PROCESS_SKIP_COUNT, ROLLBACK_COUNT, LAST_UPDATED, VERSION, CREATE_TIME
FROM BATCH_STEP_EXECUTION
 WHERE JOB_EXECUTION_ID = 9 ORDER BY STEP_EXECUTION_ID
2026-01-17T04:52:22.460186Z	  136 Query	SELECT SHORT_CONTEXT, SERIALIZED_CONTEXT
FROM BATCH_JOB_EXECUTION_CONTEXT
WHERE JOB_EXECUTION_ID = 9
2026-01-17T04:52:22.462384Z	  136 Query	SELECT SHORT_CONTEXT, SERIALIZED_CONTEXT
FROM BATCH_STEP_EXECUTION_CONTEXT
WHERE STEP_EXECUTION_ID = 9
2026-01-17T04:52:22.464427Z	  136 Query	SELECT @@session.transaction_isolation
2026-01-17T04:52:22.465630Z	  136 Query	SET SESSION TRANSACTION ISOLATION LEVEL SERIALIZABLE
2026-01-17T04:52:22.466613Z	  136 Query	SET autocommit=0
2026-01-17T04:52:22.468505Z	  136 Query	SELECT JOB_INSTANCE_ID, JOB_NAME
FROM BATCH_JOB_INSTANCE
WHERE JOB_NAME = 'paymentReportJob'
 AND JOB_KEY = '17f58c40b0e4aeb49dd61f77902cbf47'
2026-01-17T04:52:22.469541Z	  136 Query	COMMIT
2026-01-17T04:52:22.470427Z	  136 Query	SET autocommit=1
2026-01-17T04:52:22.471339Z	  136 Query	SET SESSION TRANSACTION ISOLATION LEVEL REPEATABLE READ
2026-01-17T04:52:22.472263Z	  136 Query	SELECT @@session.transaction_isolation
2026-01-17T04:52:22.473093Z	  136 Query	SET SESSION TRANSACTION ISOLATION LEVEL SERIALIZABLE
2026-01-17T04:52:22.473827Z	  136 Query	SET autocommit=0
2026-01-17T04:52:22.474873Z	  136 Query	SELECT JOB_INSTANCE_ID, JOB_NAME
FROM BATCH_JOB_INSTANCE
WHERE JOB_NAME = 'paymentReportJob'
 AND JOB_KEY = '17f58c40b0e4aeb49dd61f77902cbf47'
2026-01-17T04:52:22.476034Z	  136 Query	SELECT JOB_INSTANCE_ID, JOB_NAME
FROM BATCH_JOB_INSTANCE
WHERE JOB_NAME = 'paymentReportJob'
 AND JOB_KEY = '17f58c40b0e4aeb49dd61f77902cbf47'
2026-01-17T04:52:22.477504Z	  137 Query	SET autocommit=0
2026-01-17T04:52:22.479615Z	  137 Query	update BATCH_JOB_SEQ set ID = last_insert_id(ID + 1) limit 1
2026-01-17T04:52:22.480674Z	  137 Query	select last_insert_id()
2026-01-17T04:52:22.481819Z	  137 Query	COMMIT
2026-01-17T04:52:22.484530Z	  137 Query	SET autocommit=1
2026-01-17T04:52:22.486443Z	  136 Query	INSERT INTO BATCH_JOB_INSTANCE(JOB_INSTANCE_ID, JOB_NAME, JOB_KEY, VERSION)
	VALUES (10, 'paymentReportJob', '17f58c40b0e4aeb49dd61f77902cbf47', 0)
2026-01-17T04:52:22.487621Z	  137 Query	SET autocommit=0
2026-01-17T04:52:22.488540Z	  137 Query	update BATCH_JOB_EXECUTION_SEQ set ID = last_insert_id(ID + 1) limit 1
2026-01-17T04:52:22.489608Z	  137 Query	select last_insert_id()
2026-01-17T04:52:22.490601Z	  137 Query	COMMIT
2026-01-17T04:52:22.492626Z	  137 Query	SET autocommit=1
2026-01-17T04:52:22.498614Z	  136 Query	INSERT INTO BATCH_JOB_EXECUTION(JOB_EXECUTION_ID, JOB_INSTANCE_ID, START_TIME, END_TIME, STATUS, EXIT_CODE, EXIT_MESSAGE, VERSION, CREATE_TIME, LAST_UPDATED)
	VALUES (10, 10, null, null, 'STARTING', 'UNKNOWN', '', 0, '2026-01-17 13:52:22.487408', '2026-01-17 13:52:22.487424')
2026-01-17T04:52:22.501003Z	  136 Query	SELECT @@session.transaction_read_only
2026-01-17T04:52:22.502031Z	  136 Query	INSERT INTO BATCH_JOB_EXECUTION_PARAMS(JOB_EXECUTION_ID, PARAMETER_NAME, PARAMETER_TYPE, PARAMETER_VALUE, IDENTIFYING)
	VALUES (10, 'run.id', 'java.lang.Long', '7', 'Y')
2026-01-17T04:52:22.503541Z	  136 Query	INSERT INTO BATCH_JOB_EXECUTION_PARAMS(JOB_EXECUTION_ID, PARAMETER_NAME, PARAMETER_TYPE, PARAMETER_VALUE, IDENTIFYING)
	VALUES (10, '-job.name', 'java.lang.String', 'paymentReportJob', 'Y')
2026-01-17T04:52:22.505163Z	  136 Query	INSERT INTO BATCH_JOB_EXECUTION_CONTEXT (SHORT_CONTEXT, SERIALIZED_CONTEXT, JOB_EXECUTION_ID)
	VALUES('rO0ABXNyABFqYXZhLnV0aWwuSGFzaE1hcAUH2sHDFmDRAwACRgAKbG9hZEZhY3RvckkACXRocmVzaG9sZHhwP0AAAAAAAAB3CAAAABAAAAAAeA==', null, 10)
2026-01-17T04:52:22.506228Z	  136 Query	COMMIT
2026-01-17T04:52:22.508767Z	  136 Query	SET autocommit=1
2026-01-17T04:52:22.509742Z	  136 Query	SET SESSION TRANSACTION ISOLATION LEVEL REPEATABLE READ
2026-01-17T04:52:22.515505Z	  136 Query	SET autocommit=0
2026-01-17T04:52:22.517145Z	  136 Query	SELECT VERSION
FROM BATCH_JOB_EXECUTION
WHERE JOB_EXECUTION_ID=10
2026-01-17T04:52:22.518833Z	  136 Query	SELECT COUNT(*)
FROM BATCH_JOB_EXECUTION
WHERE JOB_EXECUTION_ID = 10
2026-01-17T04:52:22.520440Z	  136 Query	UPDATE BATCH_JOB_EXECUTION
SET START_TIME = '2026-01-17 13:52:22.515114', END_TIME = null,  STATUS = 'STARTED', EXIT_CODE = 'UNKNOWN', EXIT_MESSAGE = '', VERSION = VERSION + 1, CREATE_TIME = '2026-01-17 13:52:22.487408', LAST_UPDATED = '2026-01-17 13:52:22.516454'
WHERE JOB_EXECUTION_ID = 10 AND VERSION = 0
2026-01-17T04:52:22.521491Z	  136 Query	COMMIT
2026-01-17T04:52:22.523329Z	  136 Query	SET autocommit=1
2026-01-17T04:52:22.524498Z	  136 Query	SET autocommit=0
2026-01-17T04:52:22.525864Z	  136 Query	SELECT SE.STEP_EXECUTION_ID, SE.STEP_NAME, SE.START_TIME, SE.END_TIME, SE.STATUS, SE.COMMIT_COUNT, SE.READ_COUNT, SE.FILTER_COUNT, SE.WRITE_COUNT, SE.EXIT_CODE, SE.EXIT_MESSAGE, SE.READ_SKIP_COUNT, SE.WRITE_SKIP_COUNT, SE.PROCESS_SKIP_COUNT, SE.ROLLBACK_COUNT, SE.LAST_UPDATED, SE.VERSION, SE.CREATE_TIME, JE.JOB_EXECUTION_ID, JE.START_TIME, JE.END_TIME, JE.STATUS, JE.EXIT_CODE, JE.EXIT_MESSAGE, JE.CREATE_TIME, JE.LAST_UPDATED, JE.VERSION
FROM BATCH_JOB_EXECUTION JE
	JOIN BATCH_STEP_EXECUTION SE ON SE.JOB_EXECUTION_ID = JE.JOB_EXECUTION_ID
WHERE JE.JOB_INSTANCE_ID = 10 AND SE.STEP_NAME = 'paymentReportStep'
2026-01-17T04:52:22.526997Z	  136 Query	COMMIT
2026-01-17T04:52:22.527917Z	  136 Query	SET autocommit=1
2026-01-17T04:52:22.528854Z	  136 Query	SET autocommit=0
2026-01-17T04:52:22.529923Z	  136 Query	SELECT COUNT(*)
FROM BATCH_JOB_EXECUTION JE
	JOIN BATCH_STEP_EXECUTION SE ON SE.JOB_EXECUTION_ID = JE.JOB_EXECUTION_ID
WHERE JE.JOB_INSTANCE_ID = 10 AND SE.STEP_NAME = 'paymentReportStep'
2026-01-17T04:52:22.531012Z	  136 Query	COMMIT
2026-01-17T04:52:22.531900Z	  136 Query	SET autocommit=1
2026-01-17T04:52:22.532868Z	  136 Query	SET autocommit=0
2026-01-17T04:52:22.533864Z	  137 Query	SET autocommit=0
2026-01-17T04:52:22.534820Z	  137 Query	update BATCH_STEP_EXECUTION_SEQ set ID = last_insert_id(ID + 1) limit 1
2026-01-17T04:52:22.535848Z	  137 Query	select last_insert_id()
2026-01-17T04:52:22.537123Z	  137 Query	COMMIT
2026-01-17T04:52:22.538982Z	  137 Query	SET autocommit=1
2026-01-17T04:52:22.540461Z	  136 Query	INSERT INTO BATCH_STEP_EXECUTION(STEP_EXECUTION_ID, VERSION, STEP_NAME, JOB_EXECUTION_ID, START_TIME, END_TIME, STATUS, COMMIT_COUNT, READ_COUNT, FILTER_COUNT, WRITE_COUNT, EXIT_CODE, EXIT_MESSAGE, READ_SKIP_COUNT, WRITE_SKIP_COUNT, PROCESS_SKIP_COUNT, ROLLBACK_COUNT, LAST_UPDATED, CREATE_TIME)
	VALUES (10, 0, 'paymentReportStep', 10, null, null, 'STARTING', 0, 0, 0, 0, 'EXECUTING', '', 0, 0, 0, 0, '2026-01-17 13:52:22.533755', '2026-01-17 13:52:22.532705')
2026-01-17T04:52:22.541721Z	  136 Query	INSERT INTO BATCH_STEP_EXECUTION_CONTEXT (SHORT_CONTEXT, SERIALIZED_CONTEXT, STEP_EXECUTION_ID)
	VALUES('rO0ABXNyABFqYXZhLnV0aWwuSGFzaE1hcAUH2sHDFmDRAwACRgAKbG9hZEZhY3RvckkACXRocmVzaG9sZHhwP0AAAAAAAAB3CAAAABAAAAAAeA==', null, 10)
2026-01-17T04:52:22.542741Z	  136 Query	COMMIT
2026-01-17T04:52:22.544828Z	  136 Query	SET autocommit=1
2026-01-17T04:52:22.546884Z	  136 Query	SET autocommit=0
2026-01-17T04:52:22.548411Z	  136 Query	UPDATE BATCH_STEP_EXECUTION
SET START_TIME = '2026-01-17 13:52:22.546164', END_TIME = null, STATUS = 'STARTED', COMMIT_COUNT = 0, READ_COUNT = 0, FILTER_COUNT = 0, WRITE_COUNT = 0, EXIT_CODE = 'EXECUTING', EXIT_MESSAGE = '', VERSION = VERSION + 1, READ_SKIP_COUNT = 0, PROCESS_SKIP_COUNT = 0, WRITE_SKIP_COUNT = 0, ROLLBACK_COUNT = 0, LAST_UPDATED = '2026-01-17 13:52:22.54789'
WHERE STEP_EXECUTION_ID = 10 AND VERSION = 0
2026-01-17T04:52:22.550363Z	  136 Query	SELECT VERSION
FROM BATCH_JOB_EXECUTION
WHERE JOB_EXECUTION_ID=10
2026-01-17T04:52:22.551494Z	  136 Query	COMMIT
2026-01-17T04:52:22.553224Z	  136 Query	SET autocommit=1
2026-01-17T04:52:22.555472Z	  136 Query	SET autocommit=0
2026-01-17T04:52:22.556607Z	  136 Query	UPDATE BATCH_STEP_EXECUTION_CONTEXT
SET SHORT_CONTEXT = 'rO0ABXNyABFqYXZhLnV0aWwuSGFzaE1hcAUH2sHDFmDRAwACRgAKbG9hZEZhY3RvckkACXRocmVzaG9sZHhwP0AAAAAAAAx3CAAAABAAAAAEdAAecGF5bWVudFJlcG9ydFJlYWRlci5yZWFkLmNvdW50c3IAEWphdmEubGFuZy5JbnRlZ2VyEuKgpPeBhzgCAAFJAAV2YWx1ZXhyABBqYXZhLmxhbmcuTnVtYmVyhqyVHQuU4IsCAAB4cAAAAAB0ABFiYXRjaC50YXNrbGV0VHlwZXQAPW9yZy5zcHJpbmdmcmFtZXdvcmsuYmF0Y2guY29yZS5zdGVwLml0ZW0uQ2h1bmtPcmllbnRlZFRhc2tsZXR0AA1iYXRjaC52ZXJzaW9udAAFNS4yLjR0AA5iYXRjaC5zdGVwVHlwZXQAN29yZy5zcHJpbmdmcmFtZXdvcmsuYmF0Y2guY29yZS5zdGVwLnRhc2tsZXQuVGFza2xldFN0ZXB4', SERIALIZED_CONTEXT = null
WHERE STEP_EXECUTION_ID = 10
2026-01-17T04:52:22.557712Z	  136 Query	COMMIT
2026-01-17T04:52:22.559833Z	  136 Query	SET autocommit=1
2026-01-17T04:52:22.562069Z	  136 Query	SET autocommit=0
2026-01-17T04:52:22.563745Z	  137 Query	SET autocommit=0
2026-01-17T04:52:22.672030Z	  137 Query	select ps1_0.id,ps1_0.discount_amount,ps1_0.final_amount,ps1_0.original_amount,ps1_0.partner_corp_name,ps1_0.payment_date from payment_source ps1_0 limit 0,10
2026-01-17T04:52:22.692994Z	  137 Query	COMMIT
2026-01-17T04:52:22.694189Z	  137 Query	SET autocommit=1
2026-01-17T04:52:22.699255Z	  136 Query	UPDATE BATCH_STEP_EXECUTION_CONTEXT
SET SHORT_CONTEXT = 'rO0ABXNyABFqYXZhLnV0aWwuSGFzaE1hcAUH2sHDFmDRAwACRgAKbG9hZEZhY3RvckkACXRocmVzaG9sZHhwP0AAAAAAAAx3CAAAABAAAAAEdAAecGF5bWVudFJlcG9ydFJlYWRlci5yZWFkLmNvdW50c3IAEWphdmEubGFuZy5JbnRlZ2VyEuKgpPeBhzgCAAFJAAV2YWx1ZXhyABBqYXZhLmxhbmcuTnVtYmVyhqyVHQuU4IsCAAB4cAAAAAp0ABFiYXRjaC50YXNrbGV0VHlwZXQAPW9yZy5zcHJpbmdmcmFtZXdvcmsuYmF0Y2guY29yZS5zdGVwLml0ZW0uQ2h1bmtPcmllbnRlZFRhc2tsZXR0AA1iYXRjaC52ZXJzaW9udAAFNS4yLjR0AA5iYXRjaC5zdGVwVHlwZXQAN29yZy5zcHJpbmdmcmFtZXdvcmsuYmF0Y2guY29yZS5zdGVwLnRhc2tsZXQuVGFza2xldFN0ZXB4', SERIALIZED_CONTEXT = null
WHERE STEP_EXECUTION_ID = 10
2026-01-17T04:52:22.700905Z	  136 Query	UPDATE BATCH_STEP_EXECUTION
SET START_TIME = '2026-01-17 13:52:22.546164', END_TIME = null, STATUS = 'STARTED', COMMIT_COUNT = 1, READ_COUNT = 10, FILTER_COUNT = 0, WRITE_COUNT = 10, EXIT_CODE = 'EXECUTING', EXIT_MESSAGE = '', VERSION = VERSION + 1, READ_SKIP_COUNT = 0, PROCESS_SKIP_COUNT = 0, WRITE_SKIP_COUNT = 0, ROLLBACK_COUNT = 0, LAST_UPDATED = '2026-01-17 13:52:22.700401'
WHERE STEP_EXECUTION_ID = 10 AND VERSION = 1
2026-01-17T04:52:22.702129Z	  136 Query	SELECT VERSION
FROM BATCH_JOB_EXECUTION
WHERE JOB_EXECUTION_ID=10
2026-01-17T04:52:22.703368Z	  136 Query	COMMIT
2026-01-17T04:52:22.706120Z	  136 Query	SET autocommit=1
2026-01-17T04:52:22.707171Z	  136 Query	SET autocommit=0
2026-01-17T04:52:22.708080Z	  137 Query	SET autocommit=0
2026-01-17T04:52:22.709853Z	  137 Query	select ps1_0.id,ps1_0.discount_amount,ps1_0.final_amount,ps1_0.original_amount,ps1_0.partner_corp_name,ps1_0.payment_date from payment_source ps1_0 limit 10,10
2026-01-17T04:52:22.712486Z	  137 Query	COMMIT
2026-01-17T04:52:22.713569Z	  137 Query	SET autocommit=1
2026-01-17T04:52:22.715856Z	  136 Query	UPDATE BATCH_STEP_EXECUTION_CONTEXT
SET SHORT_CONTEXT = 'rO0ABXNyABFqYXZhLnV0aWwuSGFzaE1hcAUH2sHDFmDRAwACRgAKbG9hZEZhY3RvckkACXRocmVzaG9sZHhwP0AAAAAAAAx3CAAAABAAAAAEdAAecGF5bWVudFJlcG9ydFJlYWRlci5yZWFkLmNvdW50c3IAEWphdmEubGFuZy5JbnRlZ2VyEuKgpPeBhzgCAAFJAAV2YWx1ZXhyABBqYXZhLmxhbmcuTnVtYmVyhqyVHQuU4IsCAAB4cAAAABR0ABFiYXRjaC50YXNrbGV0VHlwZXQAPW9yZy5zcHJpbmdmcmFtZXdvcmsuYmF0Y2guY29yZS5zdGVwLml0ZW0uQ2h1bmtPcmllbnRlZFRhc2tsZXR0AA1iYXRjaC52ZXJzaW9udAAFNS4yLjR0AA5iYXRjaC5zdGVwVHlwZXQAN29yZy5zcHJpbmdmcmFtZXdvcmsuYmF0Y2guY29yZS5zdGVwLnRhc2tsZXQuVGFza2xldFN0ZXB4', SERIALIZED_CONTEXT = null
WHERE STEP_EXECUTION_ID = 10
2026-01-17T04:52:22.718238Z	  136 Query	UPDATE BATCH_STEP_EXECUTION
SET START_TIME = '2026-01-17 13:52:22.546164', END_TIME = null, STATUS = 'STARTED', COMMIT_COUNT = 2, READ_COUNT = 20, FILTER_COUNT = 0, WRITE_COUNT = 20, EXIT_CODE = 'EXECUTING', EXIT_MESSAGE = '', VERSION = VERSION + 1, READ_SKIP_COUNT = 0, PROCESS_SKIP_COUNT = 0, WRITE_SKIP_COUNT = 0, ROLLBACK_COUNT = 0, LAST_UPDATED = '2026-01-17 13:52:22.71762'
WHERE STEP_EXECUTION_ID = 10 AND VERSION = 2
2026-01-17T04:52:22.719657Z	  136 Query	SELECT VERSION
FROM BATCH_JOB_EXECUTION
WHERE JOB_EXECUTION_ID=10
2026-01-17T04:52:22.721016Z	  136 Query	COMMIT
2026-01-17T04:52:22.723371Z	  136 Query	SET autocommit=1
2026-01-17T04:52:22.724448Z	  136 Query	SET autocommit=0
2026-01-17T04:52:22.725671Z	  137 Query	SET autocommit=0
2026-01-17T04:52:22.727325Z	  137 Query	select ps1_0.id,ps1_0.discount_amount,ps1_0.final_amount,ps1_0.original_amount,ps1_0.partner_corp_name,ps1_0.payment_date from payment_source ps1_0 limit 20,10
2026-01-17T04:52:22.728813Z	  137 Query	COMMIT
2026-01-17T04:52:22.730025Z	  137 Query	SET autocommit=1
2026-01-17T04:52:22.731367Z	  136 Query	UPDATE BATCH_STEP_EXECUTION_CONTEXT
SET SHORT_CONTEXT = 'rO0ABXNyABFqYXZhLnV0aWwuSGFzaE1hcAUH2sHDFmDRAwACRgAKbG9hZEZhY3RvckkACXRocmVzaG9sZHhwP0AAAAAAAAx3CAAAABAAAAAEdAAecGF5bWVudFJlcG9ydFJlYWRlci5yZWFkLmNvdW50c3IAEWphdmEubGFuZy5JbnRlZ2VyEuKgpPeBhzgCAAFJAAV2YWx1ZXhyABBqYXZhLmxhbmcuTnVtYmVyhqyVHQuU4IsCAAB4cAAAABV0ABFiYXRjaC50YXNrbGV0VHlwZXQAPW9yZy5zcHJpbmdmcmFtZXdvcmsuYmF0Y2guY29yZS5zdGVwLml0ZW0uQ2h1bmtPcmllbnRlZFRhc2tsZXR0AA1iYXRjaC52ZXJzaW9udAAFNS4yLjR0AA5iYXRjaC5zdGVwVHlwZXQAN29yZy5zcHJpbmdmcmFtZXdvcmsuYmF0Y2guY29yZS5zdGVwLnRhc2tsZXQuVGFza2xldFN0ZXB4', SERIALIZED_CONTEXT = null
WHERE STEP_EXECUTION_ID = 10
2026-01-17T04:52:22.733177Z	  136 Query	UPDATE BATCH_STEP_EXECUTION
SET START_TIME = '2026-01-17 13:52:22.546164', END_TIME = null, STATUS = 'STARTED', COMMIT_COUNT = 3, READ_COUNT = 20, FILTER_COUNT = 0, WRITE_COUNT = 20, EXIT_CODE = 'EXECUTING', EXIT_MESSAGE = '', VERSION = VERSION + 1, READ_SKIP_COUNT = 0, PROCESS_SKIP_COUNT = 0, WRITE_SKIP_COUNT = 0, ROLLBACK_COUNT = 0, LAST_UPDATED = '2026-01-17 13:52:22.732529'
WHERE STEP_EXECUTION_ID = 10 AND VERSION = 3
2026-01-17T04:52:22.734595Z	  136 Query	SELECT VERSION
FROM BATCH_JOB_EXECUTION
WHERE JOB_EXECUTION_ID=10
2026-01-17T04:52:22.735721Z	  136 Query	COMMIT
2026-01-17T04:52:22.738391Z	  136 Query	SET autocommit=1
2026-01-17T04:52:22.740291Z	  136 Query	SET autocommit=0
2026-01-17T04:52:22.741672Z	  136 Query	UPDATE BATCH_STEP_EXECUTION_CONTEXT
SET SHORT_CONTEXT = 'rO0ABXNyABFqYXZhLnV0aWwuSGFzaE1hcAUH2sHDFmDRAwACRgAKbG9hZEZhY3RvckkACXRocmVzaG9sZHhwP0AAAAAAAAx3CAAAABAAAAAEdAAecGF5bWVudFJlcG9ydFJlYWRlci5yZWFkLmNvdW50c3IAEWphdmEubGFuZy5JbnRlZ2VyEuKgpPeBhzgCAAFJAAV2YWx1ZXhyABBqYXZhLmxhbmcuTnVtYmVyhqyVHQuU4IsCAAB4cAAAABV0ABFiYXRjaC50YXNrbGV0VHlwZXQAPW9yZy5zcHJpbmdmcmFtZXdvcmsuYmF0Y2guY29yZS5zdGVwLml0ZW0uQ2h1bmtPcmllbnRlZFRhc2tsZXR0AA1iYXRjaC52ZXJzaW9udAAFNS4yLjR0AA5iYXRjaC5zdGVwVHlwZXQAN29yZy5zcHJpbmdmcmFtZXdvcmsuYmF0Y2guY29yZS5zdGVwLnRhc2tsZXQuVGFza2xldFN0ZXB4', SERIALIZED_CONTEXT = null
WHERE STEP_EXECUTION_ID = 10
2026-01-17T04:52:22.742993Z	  136 Query	COMMIT
2026-01-17T04:52:22.743946Z	  136 Query	SET autocommit=1
2026-01-17T04:52:22.745144Z	  136 Query	SET autocommit=0
2026-01-17T04:52:22.746771Z	  136 Query	UPDATE BATCH_STEP_EXECUTION
SET START_TIME = '2026-01-17 13:52:22.546164', END_TIME = '2026-01-17 13:52:22.739717', STATUS = 'COMPLETED', COMMIT_COUNT = 3, READ_COUNT = 20, FILTER_COUNT = 0, WRITE_COUNT = 20, EXIT_CODE = 'COMPLETED', EXIT_MESSAGE = '', VERSION = VERSION + 1, READ_SKIP_COUNT = 0, PROCESS_SKIP_COUNT = 0, WRITE_SKIP_COUNT = 0, ROLLBACK_COUNT = 0, LAST_UPDATED = '2026-01-17 13:52:22.746207'
WHERE STEP_EXECUTION_ID = 10 AND VERSION = 4
2026-01-17T04:52:22.748072Z	  136 Query	SELECT VERSION
FROM BATCH_JOB_EXECUTION
WHERE JOB_EXECUTION_ID=10
2026-01-17T04:52:22.749467Z	  136 Query	COMMIT
2026-01-17T04:52:22.751453Z	  136 Query	SET autocommit=1
2026-01-17T04:52:22.753116Z	  137 Query	SET autocommit=0
2026-01-17T04:52:22.754532Z	  137 Query	UPDATE BATCH_JOB_EXECUTION_CONTEXT
SET SHORT_CONTEXT = 'rO0ABXNyABFqYXZhLnV0aWwuSGFzaE1hcAUH2sHDFmDRAwACRgAKbG9hZEZhY3RvckkACXRocmVzaG9sZHhwP0AAAAAAAAx3CAAAABAAAAABdAANYmF0Y2gudmVyc2lvbnQABTUuMi40eA==', SERIALIZED_CONTEXT = null
WHERE JOB_EXECUTION_ID = 10
2026-01-17T04:52:22.755714Z	  137 Query	COMMIT
2026-01-17T04:52:22.757791Z	  137 Query	SET autocommit=1
2026-01-17T04:52:22.759505Z	  137 Query	SET autocommit=0
2026-01-17T04:52:22.760682Z	  137 Query	SELECT VERSION
FROM BATCH_JOB_EXECUTION
WHERE JOB_EXECUTION_ID=10
2026-01-17T04:52:22.762276Z	  137 Query	SELECT COUNT(*)
FROM BATCH_JOB_EXECUTION
WHERE JOB_EXECUTION_ID = 10
2026-01-17T04:52:22.763911Z	  137 Query	UPDATE BATCH_JOB_EXECUTION
SET START_TIME = '2026-01-17 13:52:22.515114', END_TIME = '2026-01-17 13:52:22.759198',  STATUS = 'COMPLETED', EXIT_CODE = 'COMPLETED', EXIT_MESSAGE = '', VERSION = VERSION + 1, CREATE_TIME = '2026-01-17 13:52:22.487408', LAST_UPDATED = '2026-01-17 13:52:22.760385'
WHERE JOB_EXECUTION_ID = 10 AND VERSION = 1
2026-01-17T04:52:22.765122Z	  137 Query	COMMIT
2026-01-17T04:52:22.767801Z	  137 Query	SET autocommit=1
2026-01-17T04:52:22.776303Z	  136 Quit	
2026-01-17T04:52:22.777519Z	  138 Quit	
2026-01-17T04:52:22.777523Z	  139 Quit	
2026-01-17T04:52:22.777565Z	  137 Quit	
2026-01-17T04:52:22.777566Z	  145 Quit	
2026-01-17T04:52:22.777605Z	  141 Quit	
2026-01-17T04:52:22.777643Z	  144 Quit	
2026-01-17T04:52:22.777647Z	  143 Quit	
2026-01-17T04:52:22.777658Z	  140 Quit	
2026-01-17T04:52:22.777667Z	  142 Quit	
2026-01-17T04:54:30.351386Z	   95 Quit	
2026-01-17T04:54:30.419753Z	   51 Quit	
2026-01-17T04:55:04.103338Z	  146 Connect	root@172.24.0.1 on spring_batch using TCP/IP
2026-01-17T04:55:04.110735Z	  146 Query	/* mysql-connector-j-9.5.0 (Revision: a7b3c94f50efbddb9f0dd69b3e0d1aaa25305cd6) */SELECT  @@session.auto_increment_increment AS auto_increment_increment, @@character_set_client AS character_set_client, @@character_set_connection AS character_set_connection, @@character_set_results AS character_set_results, @@character_set_server AS character_set_server, @@collation_server AS collation_server, @@collation_connection AS collation_connection, @@init_connect AS init_connect, @@interactive_timeout AS interactive_timeout, @@license AS license, @@lower_case_table_names AS lower_case_table_names, @@max_allowed_packet AS max_allowed_packet, @@net_write_timeout AS net_write_timeout, @@performance_schema AS performance_schema, @@sql_mode AS sql_mode, @@system_time_zone AS system_time_zone, @@time_zone AS time_zone, @@transaction_isolation AS transaction_isolation, @@wait_timeout AS wait_timeout
2026-01-17T04:55:04.115704Z	  146 Query	SET character_set_results = NULL
2026-01-17T04:55:04.117708Z	  146 Query	SET autocommit=1
2026-01-17T04:55:04.120638Z	  146 Query	SELECT @@session.transaction_read_only
2026-01-17T04:55:04.122340Z	  146 Query	SELECT @@session.transaction_isolation
2026-01-17T04:55:04.234079Z	  147 Connect	root@172.24.0.1 on spring_batch using TCP/IP
2026-01-17T04:55:04.243613Z	  147 Query	/* mysql-connector-j-9.5.0 (Revision: a7b3c94f50efbddb9f0dd69b3e0d1aaa25305cd6) */SELECT  @@session.auto_increment_increment AS auto_increment_increment, @@character_set_client AS character_set_client, @@character_set_connection AS character_set_connection, @@character_set_results AS character_set_results, @@character_set_server AS character_set_server, @@collation_server AS collation_server, @@collation_connection AS collation_connection, @@init_connect AS init_connect, @@interactive_timeout AS interactive_timeout, @@license AS license, @@lower_case_table_names AS lower_case_table_names, @@max_allowed_packet AS max_allowed_packet, @@net_write_timeout AS net_write_timeout, @@performance_schema AS performance_schema, @@sql_mode AS sql_mode, @@system_time_zone AS system_time_zone, @@time_zone AS time_zone, @@transaction_isolation AS transaction_isolation, @@wait_timeout AS wait_timeout
2026-01-17T04:55:04.246717Z	  147 Query	SET character_set_results = NULL
2026-01-17T04:55:04.248738Z	  147 Query	SET autocommit=1
2026-01-17T04:55:04.250036Z	  147 Query	SELECT @@session.transaction_read_only
2026-01-17T04:55:04.291609Z	  148 Connect	root@172.24.0.1 on spring_batch using TCP/IP
2026-01-17T04:55:04.295335Z	  148 Query	/* mysql-connector-j-9.5.0 (Revision: a7b3c94f50efbddb9f0dd69b3e0d1aaa25305cd6) */SELECT  @@session.auto_increment_increment AS auto_increment_increment, @@character_set_client AS character_set_client, @@character_set_connection AS character_set_connection, @@character_set_results AS character_set_results, @@character_set_server AS character_set_server, @@collation_server AS collation_server, @@collation_connection AS collation_connection, @@init_connect AS init_connect, @@interactive_timeout AS interactive_timeout, @@license AS license, @@lower_case_table_names AS lower_case_table_names, @@max_allowed_packet AS max_allowed_packet, @@net_write_timeout AS net_write_timeout, @@performance_schema AS performance_schema, @@sql_mode AS sql_mode, @@system_time_zone AS system_time_zone, @@time_zone AS time_zone, @@transaction_isolation AS transaction_isolation, @@wait_timeout AS wait_timeout
2026-01-17T04:55:04.299937Z	  148 Query	SET character_set_results = NULL
2026-01-17T04:55:04.301914Z	  148 Query	SET autocommit=1
2026-01-17T04:55:04.303280Z	  148 Query	SELECT @@session.transaction_read_only
2026-01-17T04:55:04.304514Z	  146 Query	SELECT WORD FROM INFORMATION_SCHEMA.KEYWORDS WHERE RESERVED = 1 ORDER BY WORD
2026-01-17T04:55:04.327226Z	  146 Query	SELECT @@character_set_database, @@sql_mode
2026-01-17T04:55:04.341395Z	  149 Connect	root@172.24.0.1 on spring_batch using TCP/IP
2026-01-17T04:55:04.343069Z	  149 Query	/* mysql-connector-j-9.5.0 (Revision: a7b3c94f50efbddb9f0dd69b3e0d1aaa25305cd6) */SELECT  @@session.auto_increment_increment AS auto_increment_increment, @@character_set_client AS character_set_client, @@character_set_connection AS character_set_connection, @@character_set_results AS character_set_results, @@character_set_server AS character_set_server, @@collation_server AS collation_server, @@collation_connection AS collation_connection, @@init_connect AS init_connect, @@interactive_timeout AS interactive_timeout, @@license AS license, @@lower_case_table_names AS lower_case_table_names, @@max_allowed_packet AS max_allowed_packet, @@net_write_timeout AS net_write_timeout, @@performance_schema AS performance_schema, @@sql_mode AS sql_mode, @@system_time_zone AS system_time_zone, @@time_zone AS time_zone, @@transaction_isolation AS transaction_isolation, @@wait_timeout AS wait_timeout
2026-01-17T04:55:04.344783Z	  149 Query	SET character_set_results = NULL
2026-01-17T04:55:04.345972Z	  149 Query	SET autocommit=1
2026-01-17T04:55:04.347061Z	  149 Query	SELECT @@session.transaction_read_only
2026-01-17T04:55:04.387014Z	  150 Connect	root@172.24.0.1 on spring_batch using TCP/IP
2026-01-17T04:55:04.391790Z	  150 Query	/* mysql-connector-j-9.5.0 (Revision: a7b3c94f50efbddb9f0dd69b3e0d1aaa25305cd6) */SELECT  @@session.auto_increment_increment AS auto_increment_increment, @@character_set_client AS character_set_client, @@character_set_connection AS character_set_connection, @@character_set_results AS character_set_results, @@character_set_server AS character_set_server, @@collation_server AS collation_server, @@collation_connection AS collation_connection, @@init_connect AS init_connect, @@interactive_timeout AS interactive_timeout, @@license AS license, @@lower_case_table_names AS lower_case_table_names, @@max_allowed_packet AS max_allowed_packet, @@net_write_timeout AS net_write_timeout, @@performance_schema AS performance_schema, @@sql_mode AS sql_mode, @@system_time_zone AS system_time_zone, @@time_zone AS time_zone, @@transaction_isolation AS transaction_isolation, @@wait_timeout AS wait_timeout
2026-01-17T04:55:04.393891Z	  150 Query	SET character_set_results = NULL
2026-01-17T04:55:04.395300Z	  150 Query	SET autocommit=1
2026-01-17T04:55:04.396749Z	  150 Query	SELECT @@session.transaction_read_only
2026-01-17T04:55:04.441096Z	  151 Connect	root@172.24.0.1 on spring_batch using TCP/IP
2026-01-17T04:55:04.445607Z	  151 Query	/* mysql-connector-j-9.5.0 (Revision: a7b3c94f50efbddb9f0dd69b3e0d1aaa25305cd6) */SELECT  @@session.auto_increment_increment AS auto_increment_increment, @@character_set_client AS character_set_client, @@character_set_connection AS character_set_connection, @@character_set_results AS character_set_results, @@character_set_server AS character_set_server, @@collation_server AS collation_server, @@collation_connection AS collation_connection, @@init_connect AS init_connect, @@interactive_timeout AS interactive_timeout, @@license AS license, @@lower_case_table_names AS lower_case_table_names, @@max_allowed_packet AS max_allowed_packet, @@net_write_timeout AS net_write_timeout, @@performance_schema AS performance_schema, @@sql_mode AS sql_mode, @@system_time_zone AS system_time_zone, @@time_zone AS time_zone, @@transaction_isolation AS transaction_isolation, @@wait_timeout AS wait_timeout
2026-01-17T04:55:04.447612Z	  151 Query	SET character_set_results = NULL
2026-01-17T04:55:04.449066Z	  151 Query	SET autocommit=1
2026-01-17T04:55:04.450494Z	  151 Query	SELECT @@session.transaction_read_only
2026-01-17T04:55:04.492421Z	  152 Connect	root@172.24.0.1 on spring_batch using TCP/IP
2026-01-17T04:55:04.496157Z	  152 Query	/* mysql-connector-j-9.5.0 (Revision: a7b3c94f50efbddb9f0dd69b3e0d1aaa25305cd6) */SELECT  @@session.auto_increment_increment AS auto_increment_increment, @@character_set_client AS character_set_client, @@character_set_connection AS character_set_connection, @@character_set_results AS character_set_results, @@character_set_server AS character_set_server, @@collation_server AS collation_server, @@collation_connection AS collation_connection, @@init_connect AS init_connect, @@interactive_timeout AS interactive_timeout, @@license AS license, @@lower_case_table_names AS lower_case_table_names, @@max_allowed_packet AS max_allowed_packet, @@net_write_timeout AS net_write_timeout, @@performance_schema AS performance_schema, @@sql_mode AS sql_mode, @@system_time_zone AS system_time_zone, @@time_zone AS time_zone, @@transaction_isolation AS transaction_isolation, @@wait_timeout AS wait_timeout
2026-01-17T04:55:04.500863Z	  152 Query	SET character_set_results = NULL
2026-01-17T04:55:04.502588Z	  152 Query	SET autocommit=1
2026-01-17T04:55:04.504059Z	  152 Query	SELECT @@session.transaction_read_only
2026-01-17T04:55:04.543441Z	  153 Connect	root@172.24.0.1 on spring_batch using TCP/IP
2026-01-17T04:55:04.547349Z	  153 Query	/* mysql-connector-j-9.5.0 (Revision: a7b3c94f50efbddb9f0dd69b3e0d1aaa25305cd6) */SELECT  @@session.auto_increment_increment AS auto_increment_increment, @@character_set_client AS character_set_client, @@character_set_connection AS character_set_connection, @@character_set_results AS character_set_results, @@character_set_server AS character_set_server, @@collation_server AS collation_server, @@collation_connection AS collation_connection, @@init_connect AS init_connect, @@interactive_timeout AS interactive_timeout, @@license AS license, @@lower_case_table_names AS lower_case_table_names, @@max_allowed_packet AS max_allowed_packet, @@net_write_timeout AS net_write_timeout, @@performance_schema AS performance_schema, @@sql_mode AS sql_mode, @@system_time_zone AS system_time_zone, @@time_zone AS time_zone, @@transaction_isolation AS transaction_isolation, @@wait_timeout AS wait_timeout
2026-01-17T04:55:04.549708Z	  153 Query	SET character_set_results = NULL
2026-01-17T04:55:04.551506Z	  153 Query	SET autocommit=1
2026-01-17T04:55:04.552833Z	  153 Query	SELECT @@session.transaction_read_only
2026-01-17T04:55:04.593563Z	  154 Connect	root@172.24.0.1 on spring_batch using TCP/IP
2026-01-17T04:55:04.597301Z	  154 Query	/* mysql-connector-j-9.5.0 (Revision: a7b3c94f50efbddb9f0dd69b3e0d1aaa25305cd6) */SELECT  @@session.auto_increment_increment AS auto_increment_increment, @@character_set_client AS character_set_client, @@character_set_connection AS character_set_connection, @@character_set_results AS character_set_results, @@character_set_server AS character_set_server, @@collation_server AS collation_server, @@collation_connection AS collation_connection, @@init_connect AS init_connect, @@interactive_timeout AS interactive_timeout, @@license AS license, @@lower_case_table_names AS lower_case_table_names, @@max_allowed_packet AS max_allowed_packet, @@net_write_timeout AS net_write_timeout, @@performance_schema AS performance_schema, @@sql_mode AS sql_mode, @@system_time_zone AS system_time_zone, @@time_zone AS time_zone, @@transaction_isolation AS transaction_isolation, @@wait_timeout AS wait_timeout
2026-01-17T04:55:04.601716Z	  154 Query	SET character_set_results = NULL
2026-01-17T04:55:04.606236Z	  154 Query	SET autocommit=1
2026-01-17T04:55:04.608691Z	  154 Query	SELECT @@session.transaction_read_only
2026-01-17T04:55:04.649887Z	  155 Connect	root@172.24.0.1 on spring_batch using TCP/IP
2026-01-17T04:55:04.656598Z	  155 Query	/* mysql-connector-j-9.5.0 (Revision: a7b3c94f50efbddb9f0dd69b3e0d1aaa25305cd6) */SELECT  @@session.auto_increment_increment AS auto_increment_increment, @@character_set_client AS character_set_client, @@character_set_connection AS character_set_connection, @@character_set_results AS character_set_results, @@character_set_server AS character_set_server, @@collation_server AS collation_server, @@collation_connection AS collation_connection, @@init_connect AS init_connect, @@interactive_timeout AS interactive_timeout, @@license AS license, @@lower_case_table_names AS lower_case_table_names, @@max_allowed_packet AS max_allowed_packet, @@net_write_timeout AS net_write_timeout, @@performance_schema AS performance_schema, @@sql_mode AS sql_mode, @@system_time_zone AS system_time_zone, @@time_zone AS time_zone, @@transaction_isolation AS transaction_isolation, @@wait_timeout AS wait_timeout
2026-01-17T04:55:04.659247Z	  155 Query	SET character_set_results = NULL
2026-01-17T04:55:04.661352Z	  155 Query	SET autocommit=1
2026-01-17T04:55:04.662741Z	  155 Query	SELECT @@session.transaction_read_only
2026-01-17T04:55:04.674007Z	  146 Query	SELECT TABLE_SCHEMA AS TABLE_CAT, NULL AS TABLE_SCHEM, TABLE_NAME, CASE WHEN TABLE_TYPE = 'BASE TABLE' THEN CASE WHEN TABLE_SCHEMA = 'mysql' OR TABLE_SCHEMA = 'performance_schema' OR TABLE_SCHEMA = 'sys' THEN 'SYSTEM TABLE' ELSE 'TABLE' END WHEN TABLE_TYPE = 'TEMPORARY' THEN 'LOCAL_TEMPORARY' ELSE TABLE_TYPE END AS TABLE_TYPE, TABLE_COMMENT AS REMARKS, NULL AS TYPE_CAT, NULL AS TYPE_SCHEM, NULL AS TYPE_NAME, NULL AS SELF_REFERENCING_COL_NAME, NULL AS REF_GENERATION FROM INFORMATION_SCHEMA.TABLES WHERE TABLE_SCHEMA = 'spring_batch' AND TABLE_NAME LIKE '%' HAVING TABLE_TYPE IN ('TABLE','VIEW',null,null,null) ORDER BY TABLE_TYPE, TABLE_SCHEMA, TABLE_NAME
2026-01-17T04:55:04.677584Z	  146 Query	SELECT DEFAULT_COLLATION_NAME FROM INFORMATION_SCHEMA.SCHEMATA WHERE SCHEMA_NAME = 'information_schema'
2026-01-17T04:55:04.681080Z	  146 Query	SELECT TABLE_SCHEMA, NULL, TABLE_NAME, COLUMN_NAME, CASE WHEN UPPER(DATA_TYPE) = 'DECIMAL' THEN 3 WHEN UPPER(DATA_TYPE) = 'DECIMAL UNSIGNED' THEN 3 WHEN UPPER(DATA_TYPE) = 'TINYINT' THEN IF(LOCATE('ZEROFILL', UPPER(COLUMN_TYPE)) = 0 AND LOCATE('UNSIGNED', UPPER(COLUMN_TYPE)) = 0 AND LOCATE('(1)', COLUMN_TYPE) != 0, -7, -6) WHEN UPPER(DATA_TYPE) = 'TINYINT UNSIGNED' THEN IF(LOCATE('ZEROFILL', UPPER(COLUMN_TYPE)) = 0 AND LOCATE('UNSIGNED', UPPER(COLUMN_TYPE)) = 0 AND LOCATE('(1)', COLUMN_TYPE) != 0, -7, -6) WHEN UPPER(DATA_TYPE) = 'BOOLEAN' THEN 16 WHEN UPPER(DATA_TYPE) = 'SMALLINT' THEN 5 WHEN UPPER(DATA_TYPE) = 'SMALLINT UNSIGNED' THEN 5 WHEN UPPER(DATA_TYPE) = 'INT' THEN 4 WHEN UPPER(DATA_TYPE) = 'INT UNSIGNED' THEN 4 WHEN UPPER(DATA_TYPE) = 'FLOAT' THEN 7 WHEN UPPER(DATA_TYPE) = 'FLOAT UNSIGNED' THEN 7 WHEN UPPER(DATA_TYPE) = 'DOUBLE' THEN 8 WHEN UPPER(DATA_TYPE) = 'DOUBLE UNSIGNED' THEN 8 WHEN UPPER(DATA_TYPE) = 'NULL' THEN 0 WHEN UPPER(DATA_TYPE) = 'TIMESTAMP' THEN 93 WHEN UPPER(DATA_TYPE) = 'BIGINT' THEN -5 WHEN UPPER(DATA_TYPE) = 'BIGINT UNSIGNED' THEN -5 WHEN UPPER(DATA_TYPE) = 'MEDIUMINT' THEN 4 WHEN UPPER(DATA_TYPE) = 'MEDIUMINT UNSIGNED' THEN 4 WHEN UPPER(DATA_TYPE) = 'DATE' THEN 91 WHEN UPPER(DATA_TYPE) = 'TIME' THEN 92 WHEN UPPER(DATA_TYPE) = 'DATETIME' THEN 93 WHEN UPPER(DATA_TYPE) = 'YEAR' THEN 91 WHEN UPPER(DATA_TYPE) = 'VARCHAR' THEN 12 WHEN UPPER(DATA_TYPE) = 'VARBINARY' THEN -3 WHEN UPPER(DATA_TYPE) = 'BIT' THEN -7 WHEN UPPER(DATA_TYPE) = 'JSON' THEN -1 WHEN UPPER(DATA_TYPE) = 'ENUM' THEN 1 WHEN UPPER(DATA_TYPE) = 'SET' THEN 1 WHEN UPPER(DATA_TYPE) = 'TINYBLOB' THEN -3 WHEN UPPER(DATA_TYPE) = 'TINYTEXT' THEN 12 WHEN UPPER(DATA_TYPE) = 'MEDIUMBLOB' THEN -4 WHEN UPPER(DATA_TYPE) = 'MEDIUMTEXT' THEN -1 WHEN UPPER(DATA_TYPE) = 'LONGBLOB' THEN -4 WHEN UPPER(DATA_TYPE) = 'LONGTEXT' THEN -1 WHEN UPPER(DATA_TYPE) = 'BLOB' THEN -4 WHEN UPPER(DATA_TYPE) = 'TEXT' THEN -1 WHEN UPPER(DATA_TYPE) = 'CHAR' THEN 1 WHEN UPPER(DATA_TYPE) = 'BINARY' THEN -2 WHEN UPPER(DATA_TYPE) = 'GEOMETRY' THEN -2 WHEN UPPER(DATA_TYPE) = 'VECTOR' THEN -4 WHEN UPPER(DATA_TYPE) = 'UNKNOWN' THEN 1111 WHEN UPPER(DATA_TYPE) = 'POINT' THEN -2 WHEN UPPER(DATA_TYPE) = 'LINESTRING' THEN -2 WHEN UPPER(DATA_TYPE) = 'POLYGON' THEN -2 WHEN UPPER(DATA_TYPE) = 'MULTIPOINT' THEN -2 WHEN UPPER(DATA_TYPE) = 'MULTILINESTRING' THEN -2 WHEN UPPER(DATA_TYPE) = 'MULTIPOLYGON' THEN -2 WHEN UPPER(DATA_TYPE) = 'GEOMETRYCOLLECTION' THEN -2 WHEN UPPER(DATA_TYPE) = 'GEOMCOLLECTION' THEN -2 ELSE 1111 END AS DATA_TYPE, UPPER(CASE WHEN UPPER(DATA_TYPE) = 'TINYINT' THEN CASE WHEN LOCATE('ZEROFILL', UPPER(COLUMN_TYPE)) = 0 AND LOCATE('UNSIGNED', UPPER(COLUMN_TYPE)) = 0 AND LOCATE('(1)', COLUMN_TYPE) != 0 THEN 'BIT' WHEN LOCATE('UNSIGNED', UPPER(COLUMN_TYPE)) != 0 AND LOCATE('UNSIGNED', UPPER(DATA_TYPE)) = 0 THEN 'TINYINT UNSIGNED' ELSE DATA_TYPE END WHEN LOCATE('UNSIGNED', UPPER(COLUMN_TYPE)) != 0 AND LOCATE('UNSIGNED', UPPER(DATA_TYPE)) = 0 AND LOCATE('SET', UPPER(DATA_TYPE)) <> 1 AND LOCATE('ENUM', UPPER(DATA_TYPE)) <> 1 THEN CONCAT(DATA_TYPE, ' UNSIGNED') WHEN UPPER(DATA_TYPE) = 'POINT' THEN 'GEOMETRY' WHEN UPPER(DATA_TYPE) = 'LINESTRING' THEN 'GEOMETRY' WHEN UPPER(DATA_TYPE) = 'POLYGON' THEN 'GEOMETRY' WHEN UPPER(DATA_TYPE) = 'MULTIPOINT' THEN 'GEOMETRY' WHEN UPPER(DATA_TYPE) = 'MULTILINESTRING' THEN 'GEOMETRY' WHEN UPPER(DATA_TYPE) = 'MULTIPOLYGON' THEN 'GEOMETRY' WHEN UPPER(DATA_TYPE) = 'GEOMETRYCOLLECTION' THEN 'GEOMETRY' WHEN UPPER(DATA_TYPE) = 'GEOMCOLLECTION' THEN 'GEOMETRY' ELSE UPPER(DATA_TYPE) END) AS TYPE_NAME, UPPER(CASE WHEN UPPER(DATA_TYPE) = 'YEAR' THEN 4 WHEN UPPER(DATA_TYPE) = 'DATE' THEN 10 WHEN UPPER(DATA_TYPE) = 'DATETIME' OR UPPER(DATA_TYPE) = 'TIMESTAMP' THEN 19 + IF(DATETIME_PRECISION > 0, DATETIME_PRECISION + 1, DATETIME_PRECISION) WHEN UPPER(DATA_TYPE) = 'TIME' THEN 8 + IF(DATETIME_PRECISION > 0, DATETIME_PRECISION + 1, DATETIME_PRECISION) WHEN UPPER(DATA_TYPE) = 'TINYINT' AND LOCATE('ZEROFILL', UPPER(COLUMN_TYPE)) = 0 AND LOCATE('UNSIGNED', UPPER(COLUMN_TYPE)) = 0 AND LOCATE('(1)', COLUMN_TYPE) != 0 THEN 1 WHEN UPPER(DATA_TYPE) = 'MEDIUMINT' AND LOCATE('UNSIGNED', UPPER(COLUMN_TYPE)) != 0 THEN 8 WHEN UPPER(DATA_TYPE) = 'JSON' THEN 1073741824 WHEN UPPER(DATA_TYPE) = 'GEOMETRY' THEN 65535 WHEN UPPER(DATA_TYPE) = 'POINT' THEN 65535 WHEN UPPER(DATA_TYPE) = 'LINESTRING' THEN 65535 WHEN UPPER(DATA_TYPE) = 'POLYGON' THEN 65535 WHEN UPPER(DATA_TYPE) = 'MULTIPOINT' THEN 65535 WHEN UPPER(DATA_TYPE) = 'MULTILINESTRING' THEN 65535 WHEN UPPER(DATA_TYPE) = 'MULTIPOLYGON' THEN 65535 WHEN UPPER(DATA_TYPE) = 'GEOMETRYCOLLECTION' THEN 65535 WHEN UPPER(DATA_TYPE) = 'GEOMCOLLECTION' THEN 65535 WHEN CHARACTER_MAXIMUM_LENGTH IS NULL THEN NUMERIC_PRECISION WHEN CHARACTER_MAXIMUM_LENGTH > 2147483647 THEN 2147483647 ELSE CHARACTER_MAXIMUM_LENGTH END) AS COLUMN_SIZE, 65535 AS BUFFER_LENGTH, UPPER(CASE WHEN UPPER(DATA_TYPE) = 'DECIMAL' THEN NUMERIC_SCALE WHEN UPPER(DATA_TYPE) = 'FLOAT' OR UPPER(DATA_TYPE) = 'DOUBLE' THEN IF(NUMERIC_SCALE IS NULL, 0, NUMERIC_SCALE) ELSE NULL END) AS DECIMAL_DIGITS, 10 AS NUM_PREC_RADIX, CASE WHEN IS_NULLABLE COLLATE utf8mb3_general_ci= 'NO' THEN 0 ELSE CASE WHEN IS_NULLABLE COLLATE utf8mb3_general_ci= 'YES' THEN 1 ELSE 2 END END AS NULLABLE, COLUMN_COMMENT AS REMARKS, COLUMN_DEFAULT AS COLUMN_DEF, 0 AS SQL_DATA_TYPE, 0 AS SQL_DATETIME_SUB, CASE WHEN CHARACTER_OCTET_LENGTH > 2147483647 THEN 2147483647 ELSE CHARACTER_OCTET_LENGTH END AS CHAR_OCTET_LENGTH, ORDINAL_POSITION, IS_NULLABLE, NULL AS SCOPE_CATALOG, NULL AS SCOPE_SCHEMA, NULL AS SCOPE_TABLE, NULL AS SOURCE_DATA_TYPE, IF (EXTRA COLLATE utf8mb3_general_ci LIKE '%auto_increment%','YES','NO') AS IS_AUTOINCREMENT, IF (EXTRA COLLATE utf8mb3_general_ci LIKE  '%GENERATED%','YES','NO') AS IS_GENERATEDCOLUMN FROM INFORMATION_SCHEMA.COLUMNS WHERE TABLE_SCHEMA = 'spring_batch' AND COLUMN_NAME LIKE '%' ORDER BY TABLE_SCHEMA, TABLE_NAME, ORDINAL_POSITION
2026-01-17T04:55:04.858924Z	  146 Query	SET autocommit=0
2026-01-17T04:55:04.866868Z	  146 Query	SELECT JOB_INSTANCE_ID, JOB_NAME
FROM BATCH_JOB_INSTANCE
WHERE JOB_NAME = 'paymentReportJob'
 AND JOB_KEY = 'd41d8cd98f00b204e9800998ecf8427e'
2026-01-17T04:55:04.875975Z	  146 Query	COMMIT
2026-01-17T04:55:04.877884Z	  146 Query	SET autocommit=1
2026-01-17T04:55:04.880445Z	  146 Query	SELECT JOB_INSTANCE_ID, JOB_NAME
FROM BATCH_JOB_INSTANCE I1
WHERE I1.JOB_NAME = 'paymentReportJob' AND I1.JOB_INSTANCE_ID = (SELECT MAX(I2.JOB_INSTANCE_ID) FROM BATCH_JOB_INSTANCE I2 WHERE I2.JOB_NAME = 'paymentReportJob')
2026-01-17T04:55:04.883276Z	  146 Query	SELECT JOB_EXECUTION_ID, START_TIME, END_TIME, STATUS, EXIT_CODE, EXIT_MESSAGE, CREATE_TIME, LAST_UPDATED, VERSION
FROM BATCH_JOB_EXECUTION
 WHERE JOB_INSTANCE_ID = 10 AND JOB_EXECUTION_ID IN (SELECT MAX(JOB_EXECUTION_ID) FROM BATCH_JOB_EXECUTION E2 WHERE E2.JOB_INSTANCE_ID = 10)
2026-01-17T04:55:04.885179Z	  146 Query	SELECT JOB_EXECUTION_ID, PARAMETER_NAME, PARAMETER_TYPE, PARAMETER_VALUE, IDENTIFYING
FROM BATCH_JOB_EXECUTION_PARAMS
WHERE JOB_EXECUTION_ID = 10
2026-01-17T04:55:04.888400Z	  146 Query	SELECT JI.JOB_INSTANCE_ID, JOB_NAME, JOB_KEY, JI.VERSION
FROM BATCH_JOB_INSTANCE JI, BATCH_JOB_EXECUTION JE
WHERE JOB_EXECUTION_ID = 10 AND JI.JOB_INSTANCE_ID = JE.JOB_INSTANCE_ID
2026-01-17T04:55:04.890408Z	  146 Query	SELECT STEP_EXECUTION_ID, STEP_NAME, START_TIME, END_TIME, STATUS, COMMIT_COUNT, READ_COUNT, FILTER_COUNT, WRITE_COUNT, EXIT_CODE, EXIT_MESSAGE, READ_SKIP_COUNT, WRITE_SKIP_COUNT, PROCESS_SKIP_COUNT, ROLLBACK_COUNT, LAST_UPDATED, VERSION, CREATE_TIME
FROM BATCH_STEP_EXECUTION
 WHERE JOB_EXECUTION_ID = 10 ORDER BY STEP_EXECUTION_ID
2026-01-17T04:55:04.892745Z	  146 Query	SELECT SHORT_CONTEXT, SERIALIZED_CONTEXT
FROM BATCH_JOB_EXECUTION_CONTEXT
WHERE JOB_EXECUTION_ID = 10
2026-01-17T04:55:04.895398Z	  146 Query	SELECT SHORT_CONTEXT, SERIALIZED_CONTEXT
FROM BATCH_STEP_EXECUTION_CONTEXT
WHERE STEP_EXECUTION_ID = 10
2026-01-17T04:55:04.897861Z	  146 Query	SELECT @@session.transaction_isolation
2026-01-17T04:55:04.899369Z	  146 Query	SET SESSION TRANSACTION ISOLATION LEVEL SERIALIZABLE
2026-01-17T04:55:04.900496Z	  146 Query	SET autocommit=0
2026-01-17T04:55:04.902689Z	  146 Query	SELECT JOB_INSTANCE_ID, JOB_NAME
FROM BATCH_JOB_INSTANCE
WHERE JOB_NAME = 'paymentReportJob'
 AND JOB_KEY = '408419b72b62579a7bc4d1cbfd38f152'
2026-01-17T04:55:04.904095Z	  146 Query	COMMIT
2026-01-17T04:55:04.905220Z	  146 Query	SET autocommit=1
2026-01-17T04:55:04.906281Z	  146 Query	SET SESSION TRANSACTION ISOLATION LEVEL REPEATABLE READ
2026-01-17T04:55:04.907626Z	  146 Query	SELECT @@session.transaction_isolation
2026-01-17T04:55:04.908703Z	  146 Query	SET SESSION TRANSACTION ISOLATION LEVEL SERIALIZABLE
2026-01-17T04:55:04.909681Z	  146 Query	SET autocommit=0
2026-01-17T04:55:04.910865Z	  146 Query	SELECT JOB_INSTANCE_ID, JOB_NAME
FROM BATCH_JOB_INSTANCE
WHERE JOB_NAME = 'paymentReportJob'
 AND JOB_KEY = '408419b72b62579a7bc4d1cbfd38f152'
2026-01-17T04:55:04.912318Z	  146 Query	SELECT JOB_INSTANCE_ID, JOB_NAME
FROM BATCH_JOB_INSTANCE
WHERE JOB_NAME = 'paymentReportJob'
 AND JOB_KEY = '408419b72b62579a7bc4d1cbfd38f152'
2026-01-17T04:55:04.914031Z	  147 Query	SET autocommit=0
2026-01-17T04:55:04.916490Z	  147 Query	update BATCH_JOB_SEQ set ID = last_insert_id(ID + 1) limit 1
2026-01-17T04:55:04.917928Z	  147 Query	select last_insert_id()
2026-01-17T04:55:04.919300Z	  147 Query	COMMIT
2026-01-17T04:55:04.921730Z	  147 Query	SET autocommit=1
2026-01-17T04:55:04.923541Z	  146 Query	INSERT INTO BATCH_JOB_INSTANCE(JOB_INSTANCE_ID, JOB_NAME, JOB_KEY, VERSION)
	VALUES (11, 'paymentReportJob', '408419b72b62579a7bc4d1cbfd38f152', 0)
2026-01-17T04:55:04.924902Z	  147 Query	SET autocommit=0
2026-01-17T04:55:04.926146Z	  147 Query	update BATCH_JOB_EXECUTION_SEQ set ID = last_insert_id(ID + 1) limit 1
2026-01-17T04:55:04.927436Z	  147 Query	select last_insert_id()
2026-01-17T04:55:04.928682Z	  147 Query	COMMIT
2026-01-17T04:55:04.930789Z	  147 Query	SET autocommit=1
2026-01-17T04:55:04.936907Z	  146 Query	INSERT INTO BATCH_JOB_EXECUTION(JOB_EXECUTION_ID, JOB_INSTANCE_ID, START_TIME, END_TIME, STATUS, EXIT_CODE, EXIT_MESSAGE, VERSION, CREATE_TIME, LAST_UPDATED)
	VALUES (11, 11, null, null, 'STARTING', 'UNKNOWN', '', 0, '2026-01-17 13:55:04.924373', '2026-01-17 13:55:04.924388')
2026-01-17T04:55:04.939559Z	  146 Query	SELECT @@session.transaction_read_only
2026-01-17T04:55:04.940632Z	  146 Query	INSERT INTO BATCH_JOB_EXECUTION_PARAMS(JOB_EXECUTION_ID, PARAMETER_NAME, PARAMETER_TYPE, PARAMETER_VALUE, IDENTIFYING)
	VALUES (11, 'run.id', 'java.lang.Long', '8', 'Y')
2026-01-17T04:55:04.941998Z	  146 Query	INSERT INTO BATCH_JOB_EXECUTION_PARAMS(JOB_EXECUTION_ID, PARAMETER_NAME, PARAMETER_TYPE, PARAMETER_VALUE, IDENTIFYING)
	VALUES (11, '-job.name', 'java.lang.String', 'paymentReportJob', 'Y')
2026-01-17T04:55:04.944883Z	  146 Query	INSERT INTO BATCH_JOB_EXECUTION_CONTEXT (SHORT_CONTEXT, SERIALIZED_CONTEXT, JOB_EXECUTION_ID)
	VALUES('rO0ABXNyABFqYXZhLnV0aWwuSGFzaE1hcAUH2sHDFmDRAwACRgAKbG9hZEZhY3RvckkACXRocmVzaG9sZHhwP0AAAAAAAAB3CAAAABAAAAAAeA==', null, 11)
2026-01-17T04:55:04.946588Z	  146 Query	COMMIT
2026-01-17T04:55:04.949060Z	  146 Query	SET autocommit=1
2026-01-17T04:55:04.950309Z	  146 Query	SET SESSION TRANSACTION ISOLATION LEVEL REPEATABLE READ
2026-01-17T04:55:04.955998Z	  146 Query	SET autocommit=0
2026-01-17T04:55:04.957950Z	  146 Query	SELECT VERSION
FROM BATCH_JOB_EXECUTION
WHERE JOB_EXECUTION_ID=11
2026-01-17T04:55:04.959968Z	  146 Query	SELECT COUNT(*)
FROM BATCH_JOB_EXECUTION
WHERE JOB_EXECUTION_ID = 11
2026-01-17T04:55:04.962140Z	  146 Query	UPDATE BATCH_JOB_EXECUTION
SET START_TIME = '2026-01-17 13:55:04.955251', END_TIME = null,  STATUS = 'STARTED', EXIT_CODE = 'UNKNOWN', EXIT_MESSAGE = '', VERSION = VERSION + 1, CREATE_TIME = '2026-01-17 13:55:04.924373', LAST_UPDATED = '2026-01-17 13:55:04.956859'
WHERE JOB_EXECUTION_ID = 11 AND VERSION = 0
2026-01-17T04:55:04.963770Z	  146 Query	COMMIT
2026-01-17T04:55:04.966159Z	  146 Query	SET autocommit=1
2026-01-17T04:55:04.967426Z	  146 Query	SET autocommit=0
2026-01-17T04:55:04.969090Z	  146 Query	SELECT SE.STEP_EXECUTION_ID, SE.STEP_NAME, SE.START_TIME, SE.END_TIME, SE.STATUS, SE.COMMIT_COUNT, SE.READ_COUNT, SE.FILTER_COUNT, SE.WRITE_COUNT, SE.EXIT_CODE, SE.EXIT_MESSAGE, SE.READ_SKIP_COUNT, SE.WRITE_SKIP_COUNT, SE.PROCESS_SKIP_COUNT, SE.ROLLBACK_COUNT, SE.LAST_UPDATED, SE.VERSION, SE.CREATE_TIME, JE.JOB_EXECUTION_ID, JE.START_TIME, JE.END_TIME, JE.STATUS, JE.EXIT_CODE, JE.EXIT_MESSAGE, JE.CREATE_TIME, JE.LAST_UPDATED, JE.VERSION
FROM BATCH_JOB_EXECUTION JE
	JOIN BATCH_STEP_EXECUTION SE ON SE.JOB_EXECUTION_ID = JE.JOB_EXECUTION_ID
WHERE JE.JOB_INSTANCE_ID = 11 AND SE.STEP_NAME = 'paymentReportStep'
2026-01-17T04:55:04.970568Z	  146 Query	COMMIT
2026-01-17T04:55:04.972002Z	  146 Query	SET autocommit=1
2026-01-17T04:55:04.973379Z	  146 Query	SET autocommit=0
2026-01-17T04:55:04.974721Z	  146 Query	SELECT COUNT(*)
FROM BATCH_JOB_EXECUTION JE
	JOIN BATCH_STEP_EXECUTION SE ON SE.JOB_EXECUTION_ID = JE.JOB_EXECUTION_ID
WHERE JE.JOB_INSTANCE_ID = 11 AND SE.STEP_NAME = 'paymentReportStep'
2026-01-17T04:55:04.976836Z	  146 Query	COMMIT
2026-01-17T04:55:04.977950Z	  146 Query	SET autocommit=1
2026-01-17T04:55:04.979582Z	  146 Query	SET autocommit=0
2026-01-17T04:55:04.980850Z	  147 Query	SET autocommit=0
2026-01-17T04:55:04.982233Z	  147 Query	update BATCH_STEP_EXECUTION_SEQ set ID = last_insert_id(ID + 1) limit 1
2026-01-17T04:55:04.983574Z	  147 Query	select last_insert_id()
2026-01-17T04:55:04.985175Z	  147 Query	COMMIT
2026-01-17T04:55:04.987731Z	  147 Query	SET autocommit=1
2026-01-17T04:55:04.989800Z	  146 Query	INSERT INTO BATCH_STEP_EXECUTION(STEP_EXECUTION_ID, VERSION, STEP_NAME, JOB_EXECUTION_ID, START_TIME, END_TIME, STATUS, COMMIT_COUNT, READ_COUNT, FILTER_COUNT, WRITE_COUNT, EXIT_CODE, EXIT_MESSAGE, READ_SKIP_COUNT, WRITE_SKIP_COUNT, PROCESS_SKIP_COUNT, ROLLBACK_COUNT, LAST_UPDATED, CREATE_TIME)
	VALUES (11, 0, 'paymentReportStep', 11, null, null, 'STARTING', 0, 0, 0, 0, 'EXECUTING', '', 0, 0, 0, 0, '2026-01-17 13:55:04.980363', '2026-01-17 13:55:04.978903')
2026-01-17T04:55:04.991410Z	  146 Query	INSERT INTO BATCH_STEP_EXECUTION_CONTEXT (SHORT_CONTEXT, SERIALIZED_CONTEXT, STEP_EXECUTION_ID)
	VALUES('rO0ABXNyABFqYXZhLnV0aWwuSGFzaE1hcAUH2sHDFmDRAwACRgAKbG9hZEZhY3RvckkACXRocmVzaG9sZHhwP0AAAAAAAAB3CAAAABAAAAAAeA==', null, 11)
2026-01-17T04:55:04.992714Z	  146 Query	COMMIT
2026-01-17T04:55:04.995643Z	  146 Query	SET autocommit=1
2026-01-17T04:55:04.998477Z	  146 Query	SET autocommit=0
2026-01-17T04:55:05.000050Z	  146 Query	UPDATE BATCH_STEP_EXECUTION
SET START_TIME = '2026-01-17 13:55:04.997304', END_TIME = null, STATUS = 'STARTED', COMMIT_COUNT = 0, READ_COUNT = 0, FILTER_COUNT = 0, WRITE_COUNT = 0, EXIT_CODE = 'EXECUTING', EXIT_MESSAGE = '', VERSION = VERSION + 1, READ_SKIP_COUNT = 0, PROCESS_SKIP_COUNT = 0, WRITE_SKIP_COUNT = 0, ROLLBACK_COUNT = 0, LAST_UPDATED = '2026-01-17 13:55:04.999153'
WHERE STEP_EXECUTION_ID = 11 AND VERSION = 0
2026-01-17T04:55:05.001727Z	  146 Query	SELECT VERSION
FROM BATCH_JOB_EXECUTION
WHERE JOB_EXECUTION_ID=11
2026-01-17T04:55:05.003001Z	  146 Query	COMMIT
2026-01-17T04:55:05.005818Z	  146 Query	SET autocommit=1
2026-01-17T04:55:05.008450Z	  146 Query	SET autocommit=0
2026-01-17T04:55:05.010157Z	  146 Query	UPDATE BATCH_STEP_EXECUTION_CONTEXT
SET SHORT_CONTEXT = 'rO0ABXNyABFqYXZhLnV0aWwuSGFzaE1hcAUH2sHDFmDRAwACRgAKbG9hZEZhY3RvckkACXRocmVzaG9sZHhwP0AAAAAAAAx3CAAAABAAAAAEdAAecGF5bWVudFJlcG9ydFJlYWRlci5yZWFkLmNvdW50c3IAEWphdmEubGFuZy5JbnRlZ2VyEuKgpPeBhzgCAAFJAAV2YWx1ZXhyABBqYXZhLmxhbmcuTnVtYmVyhqyVHQuU4IsCAAB4cAAAAAB0ABFiYXRjaC50YXNrbGV0VHlwZXQAPW9yZy5zcHJpbmdmcmFtZXdvcmsuYmF0Y2guY29yZS5zdGVwLml0ZW0uQ2h1bmtPcmllbnRlZFRhc2tsZXR0AA1iYXRjaC52ZXJzaW9udAAFNS4yLjR0AA5iYXRjaC5zdGVwVHlwZXQAN29yZy5zcHJpbmdmcmFtZXdvcmsuYmF0Y2guY29yZS5zdGVwLnRhc2tsZXQuVGFza2xldFN0ZXB4', SERIALIZED_CONTEXT = null
WHERE STEP_EXECUTION_ID = 11
2026-01-17T04:55:05.011570Z	  146 Query	COMMIT
2026-01-17T04:55:05.014444Z	  146 Query	SET autocommit=1
2026-01-17T04:55:05.017252Z	  146 Query	SET autocommit=0
2026-01-17T04:55:05.019468Z	  147 Query	SET autocommit=0
2026-01-17T04:55:05.131752Z	  147 Query	select ps1_0.id,ps1_0.discount_amount,ps1_0.final_amount,ps1_0.original_amount,ps1_0.partner_corp_name,ps1_0.payment_date from payment_source ps1_0 limit 0,10
2026-01-17T04:55:05.146241Z	  147 Query	COMMIT
2026-01-17T04:55:05.147559Z	  147 Query	SET autocommit=1
2026-01-17T04:55:05.151873Z	  146 Query	UPDATE BATCH_STEP_EXECUTION_CONTEXT
SET SHORT_CONTEXT = 'rO0ABXNyABFqYXZhLnV0aWwuSGFzaE1hcAUH2sHDFmDRAwACRgAKbG9hZEZhY3RvckkACXRocmVzaG9sZHhwP0AAAAAAAAx3CAAAABAAAAAEdAAecGF5bWVudFJlcG9ydFJlYWRlci5yZWFkLmNvdW50c3IAEWphdmEubGFuZy5JbnRlZ2VyEuKgpPeBhzgCAAFJAAV2YWx1ZXhyABBqYXZhLmxhbmcuTnVtYmVyhqyVHQuU4IsCAAB4cAAAAAp0ABFiYXRjaC50YXNrbGV0VHlwZXQAPW9yZy5zcHJpbmdmcmFtZXdvcmsuYmF0Y2guY29yZS5zdGVwLml0ZW0uQ2h1bmtPcmllbnRlZFRhc2tsZXR0AA1iYXRjaC52ZXJzaW9udAAFNS4yLjR0AA5iYXRjaC5zdGVwVHlwZXQAN29yZy5zcHJpbmdmcmFtZXdvcmsuYmF0Y2guY29yZS5zdGVwLnRhc2tsZXQuVGFza2xldFN0ZXB4', SERIALIZED_CONTEXT = null
WHERE STEP_EXECUTION_ID = 11
2026-01-17T04:55:05.153946Z	  146 Query	UPDATE BATCH_STEP_EXECUTION
SET START_TIME = '2026-01-17 13:55:04.997304', END_TIME = null, STATUS = 'STARTED', COMMIT_COUNT = 1, READ_COUNT = 10, FILTER_COUNT = 0, WRITE_COUNT = 10, EXIT_CODE = 'EXECUTING', EXIT_MESSAGE = '', VERSION = VERSION + 1, READ_SKIP_COUNT = 0, PROCESS_SKIP_COUNT = 0, WRITE_SKIP_COUNT = 0, ROLLBACK_COUNT = 0, LAST_UPDATED = '2026-01-17 13:55:05.153006'
WHERE STEP_EXECUTION_ID = 11 AND VERSION = 1
2026-01-17T04:55:05.155421Z	  146 Query	SELECT VERSION
FROM BATCH_JOB_EXECUTION
WHERE JOB_EXECUTION_ID=11
2026-01-17T04:55:05.157175Z	  146 Query	COMMIT
2026-01-17T04:55:05.160961Z	  146 Query	SET autocommit=1
2026-01-17T04:55:05.162324Z	  146 Query	SET autocommit=0
2026-01-17T04:55:05.163778Z	  147 Query	SET autocommit=0
2026-01-17T04:55:05.166098Z	  147 Query	select ps1_0.id,ps1_0.discount_amount,ps1_0.final_amount,ps1_0.original_amount,ps1_0.partner_corp_name,ps1_0.payment_date from payment_source ps1_0 limit 10,10
2026-01-17T04:55:05.169012Z	  147 Query	COMMIT
2026-01-17T04:55:05.170302Z	  147 Query	SET autocommit=1
2026-01-17T04:55:05.172791Z	  146 Query	UPDATE BATCH_STEP_EXECUTION_CONTEXT
SET SHORT_CONTEXT = 'rO0ABXNyABFqYXZhLnV0aWwuSGFzaE1hcAUH2sHDFmDRAwACRgAKbG9hZEZhY3RvckkACXRocmVzaG9sZHhwP0AAAAAAAAx3CAAAABAAAAAEdAAecGF5bWVudFJlcG9ydFJlYWRlci5yZWFkLmNvdW50c3IAEWphdmEubGFuZy5JbnRlZ2VyEuKgpPeBhzgCAAFJAAV2YWx1ZXhyABBqYXZhLmxhbmcuTnVtYmVyhqyVHQuU4IsCAAB4cAAAABR0ABFiYXRjaC50YXNrbGV0VHlwZXQAPW9yZy5zcHJpbmdmcmFtZXdvcmsuYmF0Y2guY29yZS5zdGVwLml0ZW0uQ2h1bmtPcmllbnRlZFRhc2tsZXR0AA1iYXRjaC52ZXJzaW9udAAFNS4yLjR0AA5iYXRjaC5zdGVwVHlwZXQAN29yZy5zcHJpbmdmcmFtZXdvcmsuYmF0Y2guY29yZS5zdGVwLnRhc2tsZXQuVGFza2xldFN0ZXB4', SERIALIZED_CONTEXT = null
WHERE STEP_EXECUTION_ID = 11
2026-01-17T04:55:05.174766Z	  146 Query	UPDATE BATCH_STEP_EXECUTION
SET START_TIME = '2026-01-17 13:55:04.997304', END_TIME = null, STATUS = 'STARTED', COMMIT_COUNT = 2, READ_COUNT = 20, FILTER_COUNT = 0, WRITE_COUNT = 20, EXIT_CODE = 'EXECUTING', EXIT_MESSAGE = '', VERSION = VERSION + 1, READ_SKIP_COUNT = 0, PROCESS_SKIP_COUNT = 0, WRITE_SKIP_COUNT = 0, ROLLBACK_COUNT = 0, LAST_UPDATED = '2026-01-17 13:55:05.173826'
WHERE STEP_EXECUTION_ID = 11 AND VERSION = 2
2026-01-17T04:55:05.176564Z	  146 Query	SELECT VERSION
FROM BATCH_JOB_EXECUTION
WHERE JOB_EXECUTION_ID=11
2026-01-17T04:55:05.178148Z	  146 Query	COMMIT
2026-01-17T04:55:05.180806Z	  146 Query	SET autocommit=1
2026-01-17T04:55:05.182092Z	  146 Query	SET autocommit=0
2026-01-17T04:55:05.183388Z	  147 Query	SET autocommit=0
2026-01-17T04:55:05.185253Z	  147 Query	select ps1_0.id,ps1_0.discount_amount,ps1_0.final_amount,ps1_0.original_amount,ps1_0.partner_corp_name,ps1_0.payment_date from payment_source ps1_0 limit 20,10
2026-01-17T04:55:05.186645Z	  147 Query	COMMIT
2026-01-17T04:55:05.187886Z	  147 Query	SET autocommit=1
2026-01-17T04:55:05.189709Z	  146 Query	UPDATE BATCH_STEP_EXECUTION_CONTEXT
SET SHORT_CONTEXT = 'rO0ABXNyABFqYXZhLnV0aWwuSGFzaE1hcAUH2sHDFmDRAwACRgAKbG9hZEZhY3RvckkACXRocmVzaG9sZHhwP0AAAAAAAAx3CAAAABAAAAAEdAAecGF5bWVudFJlcG9ydFJlYWRlci5yZWFkLmNvdW50c3IAEWphdmEubGFuZy5JbnRlZ2VyEuKgpPeBhzgCAAFJAAV2YWx1ZXhyABBqYXZhLmxhbmcuTnVtYmVyhqyVHQuU4IsCAAB4cAAAABV0ABFiYXRjaC50YXNrbGV0VHlwZXQAPW9yZy5zcHJpbmdmcmFtZXdvcmsuYmF0Y2guY29yZS5zdGVwLml0ZW0uQ2h1bmtPcmllbnRlZFRhc2tsZXR0AA1iYXRjaC52ZXJzaW9udAAFNS4yLjR0AA5iYXRjaC5zdGVwVHlwZXQAN29yZy5zcHJpbmdmcmFtZXdvcmsuYmF0Y2guY29yZS5zdGVwLnRhc2tsZXQuVGFza2xldFN0ZXB4', SERIALIZED_CONTEXT = null
WHERE STEP_EXECUTION_ID = 11
2026-01-17T04:55:05.191478Z	  146 Query	UPDATE BATCH_STEP_EXECUTION
SET START_TIME = '2026-01-17 13:55:04.997304', END_TIME = null, STATUS = 'STARTED', COMMIT_COUNT = 3, READ_COUNT = 20, FILTER_COUNT = 0, WRITE_COUNT = 20, EXIT_CODE = 'EXECUTING', EXIT_MESSAGE = '', VERSION = VERSION + 1, READ_SKIP_COUNT = 0, PROCESS_SKIP_COUNT = 0, WRITE_SKIP_COUNT = 0, ROLLBACK_COUNT = 0, LAST_UPDATED = '2026-01-17 13:55:05.190601'
WHERE STEP_EXECUTION_ID = 11 AND VERSION = 3
2026-01-17T04:55:05.193156Z	  146 Query	SELECT VERSION
FROM BATCH_JOB_EXECUTION
WHERE JOB_EXECUTION_ID=11
2026-01-17T04:55:05.194663Z	  146 Query	COMMIT
2026-01-17T04:55:05.197433Z	  146 Query	SET autocommit=1
2026-01-17T04:55:05.199624Z	  146 Query	SET autocommit=0
2026-01-17T04:55:05.201085Z	  146 Query	UPDATE BATCH_STEP_EXECUTION_CONTEXT
SET SHORT_CONTEXT = 'rO0ABXNyABFqYXZhLnV0aWwuSGFzaE1hcAUH2sHDFmDRAwACRgAKbG9hZEZhY3RvckkACXRocmVzaG9sZHhwP0AAAAAAAAx3CAAAABAAAAAEdAAecGF5bWVudFJlcG9ydFJlYWRlci5yZWFkLmNvdW50c3IAEWphdmEubGFuZy5JbnRlZ2VyEuKgpPeBhzgCAAFJAAV2YWx1ZXhyABBqYXZhLmxhbmcuTnVtYmVyhqyVHQuU4IsCAAB4cAAAABV0ABFiYXRjaC50YXNrbGV0VHlwZXQAPW9yZy5zcHJpbmdmcmFtZXdvcmsuYmF0Y2guY29yZS5zdGVwLml0ZW0uQ2h1bmtPcmllbnRlZFRhc2tsZXR0AA1iYXRjaC52ZXJzaW9udAAFNS4yLjR0AA5iYXRjaC5zdGVwVHlwZXQAN29yZy5zcHJpbmdmcmFtZXdvcmsuYmF0Y2guY29yZS5zdGVwLnRhc2tsZXQuVGFza2xldFN0ZXB4', SERIALIZED_CONTEXT = null
WHERE STEP_EXECUTION_ID = 11
2026-01-17T04:55:05.203153Z	  146 Query	COMMIT
2026-01-17T04:55:05.204376Z	  146 Query	SET autocommit=1
2026-01-17T04:55:05.205849Z	  146 Query	SET autocommit=0
2026-01-17T04:55:05.207463Z	  146 Query	UPDATE BATCH_STEP_EXECUTION
SET START_TIME = '2026-01-17 13:55:04.997304', END_TIME = '2026-01-17 13:55:05.198578', STATUS = 'COMPLETED', COMMIT_COUNT = 3, READ_COUNT = 20, FILTER_COUNT = 0, WRITE_COUNT = 20, EXIT_CODE = 'COMPLETED', EXIT_MESSAGE = '', VERSION = VERSION + 1, READ_SKIP_COUNT = 0, PROCESS_SKIP_COUNT = 0, WRITE_SKIP_COUNT = 0, ROLLBACK_COUNT = 0, LAST_UPDATED = '2026-01-17 13:55:05.206543'
WHERE STEP_EXECUTION_ID = 11 AND VERSION = 4
2026-01-17T04:55:05.208904Z	  146 Query	SELECT VERSION
FROM BATCH_JOB_EXECUTION
WHERE JOB_EXECUTION_ID=11
2026-01-17T04:55:05.210646Z	  146 Query	COMMIT
2026-01-17T04:55:05.213620Z	  146 Query	SET autocommit=1
2026-01-17T04:55:05.215110Z	  147 Query	SET autocommit=0
2026-01-17T04:55:05.216497Z	  147 Query	UPDATE BATCH_JOB_EXECUTION_CONTEXT
SET SHORT_CONTEXT = 'rO0ABXNyABFqYXZhLnV0aWwuSGFzaE1hcAUH2sHDFmDRAwACRgAKbG9hZEZhY3RvckkACXRocmVzaG9sZHhwP0AAAAAAAAx3CAAAABAAAAABdAANYmF0Y2gudmVyc2lvbnQABTUuMi40eA==', SERIALIZED_CONTEXT = null
WHERE JOB_EXECUTION_ID = 11
2026-01-17T04:55:05.218089Z	  147 Query	COMMIT
2026-01-17T04:55:05.221059Z	  147 Query	SET autocommit=1
2026-01-17T04:55:05.223141Z	  147 Query	SET autocommit=0
2026-01-17T04:55:05.224597Z	  147 Query	SELECT VERSION
FROM BATCH_JOB_EXECUTION
WHERE JOB_EXECUTION_ID=11
2026-01-17T04:55:05.226331Z	  147 Query	SELECT COUNT(*)
FROM BATCH_JOB_EXECUTION
WHERE JOB_EXECUTION_ID = 11
2026-01-17T04:55:05.228114Z	  147 Query	UPDATE BATCH_JOB_EXECUTION
SET START_TIME = '2026-01-17 13:55:04.955251', END_TIME = '2026-01-17 13:55:05.222408',  STATUS = 'COMPLETED', EXIT_CODE = 'COMPLETED', EXIT_MESSAGE = '', VERSION = VERSION + 1, CREATE_TIME = '2026-01-17 13:55:04.924373', LAST_UPDATED = '2026-01-17 13:55:05.223976'
WHERE JOB_EXECUTION_ID = 11 AND VERSION = 1
2026-01-17T04:55:05.229580Z	  147 Query	COMMIT
2026-01-17T04:55:05.232636Z	  147 Query	SET autocommit=1
2026-01-17T04:55:05.241448Z	  146 Quit	
2026-01-17T04:55:05.242348Z	  147 Quit	
2026-01-17T04:55:05.242639Z	  155 Quit	
2026-01-17T04:55:05.242667Z	  152 Quit	
2026-01-17T04:55:05.242674Z	  154 Quit	
2026-01-17T04:55:05.242711Z	  149 Quit	
2026-01-17T04:55:05.242733Z	  151 Quit	
2026-01-17T04:55:05.242759Z	  153 Quit	
2026-01-17T04:55:05.242781Z	  148 Quit	
2026-01-17T04:55:05.242799Z	  150 Quit	
2026-01-17T04:57:21.457930Z	  156 Connect	root@172.24.0.1 on  using SSL/TLS
2026-01-17T04:57:21.469293Z	  156 Query	/* mysql-connector-j-9.5.0 (Revision: a7b3c94f50efbddb9f0dd69b3e0d1aaa25305cd6) */SELECT  @@session.auto_increment_increment AS auto_increment_increment, @@character_set_client AS character_set_client, @@character_set_connection AS character_set_connection, @@character_set_results AS character_set_results, @@character_set_server AS character_set_server, @@collation_server AS collation_server, @@collation_connection AS collation_connection, @@init_connect AS init_connect, @@interactive_timeout AS interactive_timeout, @@license AS license, @@lower_case_table_names AS lower_case_table_names, @@max_allowed_packet AS max_allowed_packet, @@net_write_timeout AS net_write_timeout, @@performance_schema AS performance_schema, @@sql_mode AS sql_mode, @@system_time_zone AS system_time_zone, @@time_zone AS time_zone, @@transaction_isolation AS transaction_isolation, @@wait_timeout AS wait_timeout
2026-01-17T04:57:21.477690Z	  156 Query	SET autocommit=1
2026-01-17T04:57:21.488390Z	  156 Query	select version(), @@version_comment, database()
2026-01-17T04:57:21.502878Z	  156 Query	show variables like 'aurora\_version'
2026-01-17T04:57:21.569697Z	  156 Query	/* ApplicationName=IntelliJ IDEA 2025.1.3 */ SET SESSION TRANSACTION READ WRITE
2026-01-17T04:57:21.598472Z	  156 Query	/* ApplicationName=IntelliJ IDEA 2025.1.3 */ use spring_batch
2026-01-17T04:57:21.608904Z	  156 Query	SELECT @@session.transaction_read_only
2026-01-17T04:57:21.620667Z	  156 Query	SELECT @@session.transaction_read_only
2026-01-17T04:57:21.622869Z	  156 Query	/* ApplicationName=IntelliJ IDEA 2025.1.3 */ SET net_write_timeout=600
2026-01-17T04:57:21.624358Z	  156 Query	/* ApplicationName=IntelliJ IDEA 2025.1.3 */ INSERT INTO payment_source (discount_amount, final_amount, original_amount, partner_corp_name, payment_date)
VALUES (100.00, 900.00, 1000.00, 'Partner Corp 1', '2025-05-02'),
       (150.00, 1850.00, 2000.00, 'Partner Corp 2', '2025-05-02'),
       (200.00, 2800.00, 3000.00, 'Partner Corp 3', '2025-05-02'),
       (250.00, 3750.00, 4000.00, 'Partner Corp 4', '2025-05-02'),
       (300.00, 4700.00, 5000.00, 'Partner Corp 5', '2025-05-02'),
       (350.00, 5650.00, 6000.00, 'Partner Corp 6', '2025-05-02'),
       (400.00, 6600.00, 7000.00, 'Partner Corp 7', '2025-05-02'),
       (450.00, 7550.00, 8000.00, 'Partner Corp 8', '2025-05-02'),
       (500.00, 8500.00, 9000.00, 'Partner Corp 9', '2025-05-02'),
       (550.00, 9450.00, 10000.00, 'Partner Corp 10', '2025-05-02'),
       (600.00, 10400.00, 11000.00, 'Partner Corp 11', '2025-05-02'),
       (650.00, 11350.00, 12000.00, 'Partner Corp 12', '2025-05-02'),
       (700.00, 12300.00, 13000.00, 'Partner Corp 13', '2025-05-02'),
       (750.00, 13250.00, 14000.00, 'Partner Corp 14', '2025-05-02'),
       (800.00, 14200.00, 15000.00, 'Partner Corp 15', '2025-05-02'),
       (850.00, 15150.00, 16000.00, 'Partner Corp 16', '2025-05-02'),
       (900.00, 16100.00, 17000.00, 'Partner Corp 17', '2025-05-02'),
       (950.00, 17050.00, 18000.00, 'Partner Corp 18', '2025-05-02'),
       (1000.00, 18000.00, 19000.00, 'Partner Corp 19', '2025-05-02'),
       (1050.00, 18950.00, 20000.00, 'Partner Corp 20', '2025-05-02')
2026-01-17T04:57:21.638599Z	  156 Query	/* ApplicationName=IntelliJ IDEA 2025.1.3 */ select database()
2026-01-17T04:57:21.669106Z	  156 Query	SELECT @@session.transaction_isolation
2026-01-17T04:57:31.067040Z	  157 Connect	root@172.24.0.1 on spring_batch using TCP/IP
2026-01-17T04:57:31.077449Z	  157 Query	/* mysql-connector-j-9.5.0 (Revision: a7b3c94f50efbddb9f0dd69b3e0d1aaa25305cd6) */SELECT  @@session.auto_increment_increment AS auto_increment_increment, @@character_set_client AS character_set_client, @@character_set_connection AS character_set_connection, @@character_set_results AS character_set_results, @@character_set_server AS character_set_server, @@collation_server AS collation_server, @@collation_connection AS collation_connection, @@init_connect AS init_connect, @@interactive_timeout AS interactive_timeout, @@license AS license, @@lower_case_table_names AS lower_case_table_names, @@max_allowed_packet AS max_allowed_packet, @@net_write_timeout AS net_write_timeout, @@performance_schema AS performance_schema, @@sql_mode AS sql_mode, @@system_time_zone AS system_time_zone, @@time_zone AS time_zone, @@transaction_isolation AS transaction_isolation, @@wait_timeout AS wait_timeout
2026-01-17T04:57:31.083960Z	  157 Query	SET character_set_results = NULL
2026-01-17T04:57:31.095465Z	  157 Query	SET autocommit=1
2026-01-17T04:57:31.100780Z	  157 Query	SELECT @@session.transaction_read_only
2026-01-17T04:57:31.104574Z	  157 Query	SELECT @@session.transaction_isolation
2026-01-17T04:57:31.213075Z	  158 Connect	root@172.24.0.1 on spring_batch using TCP/IP
2026-01-17T04:57:31.219162Z	  158 Query	/* mysql-connector-j-9.5.0 (Revision: a7b3c94f50efbddb9f0dd69b3e0d1aaa25305cd6) */SELECT  @@session.auto_increment_increment AS auto_increment_increment, @@character_set_client AS character_set_client, @@character_set_connection AS character_set_connection, @@character_set_results AS character_set_results, @@character_set_server AS character_set_server, @@collation_server AS collation_server, @@collation_connection AS collation_connection, @@init_connect AS init_connect, @@interactive_timeout AS interactive_timeout, @@license AS license, @@lower_case_table_names AS lower_case_table_names, @@max_allowed_packet AS max_allowed_packet, @@net_write_timeout AS net_write_timeout, @@performance_schema AS performance_schema, @@sql_mode AS sql_mode, @@system_time_zone AS system_time_zone, @@time_zone AS time_zone, @@transaction_isolation AS transaction_isolation, @@wait_timeout AS wait_timeout
2026-01-17T04:57:31.227307Z	  158 Query	SET character_set_results = NULL
2026-01-17T04:57:31.229820Z	  158 Query	SET autocommit=1
2026-01-17T04:57:31.233096Z	  158 Query	SELECT @@session.transaction_read_only
2026-01-17T04:57:31.275688Z	  159 Connect	root@172.24.0.1 on spring_batch using TCP/IP
2026-01-17T04:57:31.278152Z	  159 Query	/* mysql-connector-j-9.5.0 (Revision: a7b3c94f50efbddb9f0dd69b3e0d1aaa25305cd6) */SELECT  @@session.auto_increment_increment AS auto_increment_increment, @@character_set_client AS character_set_client, @@character_set_connection AS character_set_connection, @@character_set_results AS character_set_results, @@character_set_server AS character_set_server, @@collation_server AS collation_server, @@collation_connection AS collation_connection, @@init_connect AS init_connect, @@interactive_timeout AS interactive_timeout, @@license AS license, @@lower_case_table_names AS lower_case_table_names, @@max_allowed_packet AS max_allowed_packet, @@net_write_timeout AS net_write_timeout, @@performance_schema AS performance_schema, @@sql_mode AS sql_mode, @@system_time_zone AS system_time_zone, @@time_zone AS time_zone, @@transaction_isolation AS transaction_isolation, @@wait_timeout AS wait_timeout
2026-01-17T04:57:31.281799Z	  159 Query	SET character_set_results = NULL
2026-01-17T04:57:31.283277Z	  159 Query	SET autocommit=1
2026-01-17T04:57:31.284711Z	  159 Query	SELECT @@session.transaction_read_only
2026-01-17T04:57:31.291656Z	  157 Query	SELECT WORD FROM INFORMATION_SCHEMA.KEYWORDS WHERE RESERVED = 1 ORDER BY WORD
2026-01-17T04:57:31.316597Z	  157 Query	SELECT @@character_set_database, @@sql_mode
2026-01-17T04:57:31.322573Z	  160 Connect	root@172.24.0.1 on spring_batch using TCP/IP
2026-01-17T04:57:31.324216Z	  160 Query	/* mysql-connector-j-9.5.0 (Revision: a7b3c94f50efbddb9f0dd69b3e0d1aaa25305cd6) */SELECT  @@session.auto_increment_increment AS auto_increment_increment, @@character_set_client AS character_set_client, @@character_set_connection AS character_set_connection, @@character_set_results AS character_set_results, @@character_set_server AS character_set_server, @@collation_server AS collation_server, @@collation_connection AS collation_connection, @@init_connect AS init_connect, @@interactive_timeout AS interactive_timeout, @@license AS license, @@lower_case_table_names AS lower_case_table_names, @@max_allowed_packet AS max_allowed_packet, @@net_write_timeout AS net_write_timeout, @@performance_schema AS performance_schema, @@sql_mode AS sql_mode, @@system_time_zone AS system_time_zone, @@time_zone AS time_zone, @@transaction_isolation AS transaction_isolation, @@wait_timeout AS wait_timeout
2026-01-17T04:57:31.326094Z	  160 Query	SET character_set_results = NULL
2026-01-17T04:57:31.327326Z	  160 Query	SET autocommit=1
2026-01-17T04:57:31.328637Z	  160 Query	SELECT @@session.transaction_read_only
2026-01-17T04:57:31.368431Z	  161 Connect	root@172.24.0.1 on spring_batch using TCP/IP
2026-01-17T04:57:31.375474Z	  161 Query	/* mysql-connector-j-9.5.0 (Revision: a7b3c94f50efbddb9f0dd69b3e0d1aaa25305cd6) */SELECT  @@session.auto_increment_increment AS auto_increment_increment, @@character_set_client AS character_set_client, @@character_set_connection AS character_set_connection, @@character_set_results AS character_set_results, @@character_set_server AS character_set_server, @@collation_server AS collation_server, @@collation_connection AS collation_connection, @@init_connect AS init_connect, @@interactive_timeout AS interactive_timeout, @@license AS license, @@lower_case_table_names AS lower_case_table_names, @@max_allowed_packet AS max_allowed_packet, @@net_write_timeout AS net_write_timeout, @@performance_schema AS performance_schema, @@sql_mode AS sql_mode, @@system_time_zone AS system_time_zone, @@time_zone AS time_zone, @@transaction_isolation AS transaction_isolation, @@wait_timeout AS wait_timeout
2026-01-17T04:57:31.380627Z	  161 Query	SET character_set_results = NULL
2026-01-17T04:57:31.383626Z	  161 Query	SET autocommit=1
2026-01-17T04:57:31.386436Z	  161 Query	SELECT @@session.transaction_read_only
2026-01-17T04:57:31.426598Z	  162 Connect	root@172.24.0.1 on spring_batch using TCP/IP
2026-01-17T04:57:31.432084Z	  162 Query	/* mysql-connector-j-9.5.0 (Revision: a7b3c94f50efbddb9f0dd69b3e0d1aaa25305cd6) */SELECT  @@session.auto_increment_increment AS auto_increment_increment, @@character_set_client AS character_set_client, @@character_set_connection AS character_set_connection, @@character_set_results AS character_set_results, @@character_set_server AS character_set_server, @@collation_server AS collation_server, @@collation_connection AS collation_connection, @@init_connect AS init_connect, @@interactive_timeout AS interactive_timeout, @@license AS license, @@lower_case_table_names AS lower_case_table_names, @@max_allowed_packet AS max_allowed_packet, @@net_write_timeout AS net_write_timeout, @@performance_schema AS performance_schema, @@sql_mode AS sql_mode, @@system_time_zone AS system_time_zone, @@time_zone AS time_zone, @@transaction_isolation AS transaction_isolation, @@wait_timeout AS wait_timeout
2026-01-17T04:57:31.435804Z	  162 Query	SET character_set_results = NULL
2026-01-17T04:57:31.438862Z	  162 Query	SET autocommit=1
2026-01-17T04:57:31.440187Z	  162 Query	SELECT @@session.transaction_read_only
2026-01-17T04:57:31.480349Z	  163 Connect	root@172.24.0.1 on spring_batch using TCP/IP
2026-01-17T04:57:31.484500Z	  163 Query	/* mysql-connector-j-9.5.0 (Revision: a7b3c94f50efbddb9f0dd69b3e0d1aaa25305cd6) */SELECT  @@session.auto_increment_increment AS auto_increment_increment, @@character_set_client AS character_set_client, @@character_set_connection AS character_set_connection, @@character_set_results AS character_set_results, @@character_set_server AS character_set_server, @@collation_server AS collation_server, @@collation_connection AS collation_connection, @@init_connect AS init_connect, @@interactive_timeout AS interactive_timeout, @@license AS license, @@lower_case_table_names AS lower_case_table_names, @@max_allowed_packet AS max_allowed_packet, @@net_write_timeout AS net_write_timeout, @@performance_schema AS performance_schema, @@sql_mode AS sql_mode, @@system_time_zone AS system_time_zone, @@time_zone AS time_zone, @@transaction_isolation AS transaction_isolation, @@wait_timeout AS wait_timeout
2026-01-17T04:57:31.487030Z	  163 Query	SET character_set_results = NULL
2026-01-17T04:57:31.490034Z	  163 Query	SET autocommit=1
2026-01-17T04:57:31.491361Z	  163 Query	SELECT @@session.transaction_read_only
2026-01-17T04:57:31.532566Z	  164 Connect	root@172.24.0.1 on spring_batch using TCP/IP
2026-01-17T04:57:31.535864Z	  164 Query	/* mysql-connector-j-9.5.0 (Revision: a7b3c94f50efbddb9f0dd69b3e0d1aaa25305cd6) */SELECT  @@session.auto_increment_increment AS auto_increment_increment, @@character_set_client AS character_set_client, @@character_set_connection AS character_set_connection, @@character_set_results AS character_set_results, @@character_set_server AS character_set_server, @@collation_server AS collation_server, @@collation_connection AS collation_connection, @@init_connect AS init_connect, @@interactive_timeout AS interactive_timeout, @@license AS license, @@lower_case_table_names AS lower_case_table_names, @@max_allowed_packet AS max_allowed_packet, @@net_write_timeout AS net_write_timeout, @@performance_schema AS performance_schema, @@sql_mode AS sql_mode, @@system_time_zone AS system_time_zone, @@time_zone AS time_zone, @@transaction_isolation AS transaction_isolation, @@wait_timeout AS wait_timeout
2026-01-17T04:57:31.537909Z	  164 Query	SET character_set_results = NULL
2026-01-17T04:57:31.539421Z	  164 Query	SET autocommit=1
2026-01-17T04:57:31.540945Z	  164 Query	SELECT @@session.transaction_read_only
2026-01-17T04:57:31.580804Z	  165 Connect	root@172.24.0.1 on spring_batch using TCP/IP
2026-01-17T04:57:31.584121Z	  165 Query	/* mysql-connector-j-9.5.0 (Revision: a7b3c94f50efbddb9f0dd69b3e0d1aaa25305cd6) */SELECT  @@session.auto_increment_increment AS auto_increment_increment, @@character_set_client AS character_set_client, @@character_set_connection AS character_set_connection, @@character_set_results AS character_set_results, @@character_set_server AS character_set_server, @@collation_server AS collation_server, @@collation_connection AS collation_connection, @@init_connect AS init_connect, @@interactive_timeout AS interactive_timeout, @@license AS license, @@lower_case_table_names AS lower_case_table_names, @@max_allowed_packet AS max_allowed_packet, @@net_write_timeout AS net_write_timeout, @@performance_schema AS performance_schema, @@sql_mode AS sql_mode, @@system_time_zone AS system_time_zone, @@time_zone AS time_zone, @@transaction_isolation AS transaction_isolation, @@wait_timeout AS wait_timeout
2026-01-17T04:57:31.586779Z	  165 Query	SET character_set_results = NULL
2026-01-17T04:57:31.590710Z	  165 Query	SET autocommit=1
2026-01-17T04:57:31.592811Z	  165 Query	SELECT @@session.transaction_read_only
2026-01-17T04:57:31.636826Z	  166 Connect	root@172.24.0.1 on spring_batch using TCP/IP
2026-01-17T04:57:31.639941Z	  166 Query	/* mysql-connector-j-9.5.0 (Revision: a7b3c94f50efbddb9f0dd69b3e0d1aaa25305cd6) */SELECT  @@session.auto_increment_increment AS auto_increment_increment, @@character_set_client AS character_set_client, @@character_set_connection AS character_set_connection, @@character_set_results AS character_set_results, @@character_set_server AS character_set_server, @@collation_server AS collation_server, @@collation_connection AS collation_connection, @@init_connect AS init_connect, @@interactive_timeout AS interactive_timeout, @@license AS license, @@lower_case_table_names AS lower_case_table_names, @@max_allowed_packet AS max_allowed_packet, @@net_write_timeout AS net_write_timeout, @@performance_schema AS performance_schema, @@sql_mode AS sql_mode, @@system_time_zone AS system_time_zone, @@time_zone AS time_zone, @@transaction_isolation AS transaction_isolation, @@wait_timeout AS wait_timeout
2026-01-17T04:57:31.641453Z	  166 Query	SET character_set_results = NULL
2026-01-17T04:57:31.642988Z	  166 Query	SET autocommit=1
2026-01-17T04:57:31.644217Z	  166 Query	SELECT @@session.transaction_read_only
2026-01-17T04:57:31.681395Z	  157 Query	SELECT TABLE_SCHEMA AS TABLE_CAT, NULL AS TABLE_SCHEM, TABLE_NAME, CASE WHEN TABLE_TYPE = 'BASE TABLE' THEN CASE WHEN TABLE_SCHEMA = 'mysql' OR TABLE_SCHEMA = 'performance_schema' OR TABLE_SCHEMA = 'sys' THEN 'SYSTEM TABLE' ELSE 'TABLE' END WHEN TABLE_TYPE = 'TEMPORARY' THEN 'LOCAL_TEMPORARY' ELSE TABLE_TYPE END AS TABLE_TYPE, TABLE_COMMENT AS REMARKS, NULL AS TYPE_CAT, NULL AS TYPE_SCHEM, NULL AS TYPE_NAME, NULL AS SELF_REFERENCING_COL_NAME, NULL AS REF_GENERATION FROM INFORMATION_SCHEMA.TABLES WHERE TABLE_SCHEMA = 'spring_batch' AND TABLE_NAME LIKE '%' HAVING TABLE_TYPE IN ('TABLE','VIEW',null,null,null) ORDER BY TABLE_TYPE, TABLE_SCHEMA, TABLE_NAME
2026-01-17T04:57:31.688823Z	  157 Query	SELECT DEFAULT_COLLATION_NAME FROM INFORMATION_SCHEMA.SCHEMATA WHERE SCHEMA_NAME = 'information_schema'
2026-01-17T04:57:31.697601Z	  157 Query	SELECT TABLE_SCHEMA, NULL, TABLE_NAME, COLUMN_NAME, CASE WHEN UPPER(DATA_TYPE) = 'DECIMAL' THEN 3 WHEN UPPER(DATA_TYPE) = 'DECIMAL UNSIGNED' THEN 3 WHEN UPPER(DATA_TYPE) = 'TINYINT' THEN IF(LOCATE('ZEROFILL', UPPER(COLUMN_TYPE)) = 0 AND LOCATE('UNSIGNED', UPPER(COLUMN_TYPE)) = 0 AND LOCATE('(1)', COLUMN_TYPE) != 0, -7, -6) WHEN UPPER(DATA_TYPE) = 'TINYINT UNSIGNED' THEN IF(LOCATE('ZEROFILL', UPPER(COLUMN_TYPE)) = 0 AND LOCATE('UNSIGNED', UPPER(COLUMN_TYPE)) = 0 AND LOCATE('(1)', COLUMN_TYPE) != 0, -7, -6) WHEN UPPER(DATA_TYPE) = 'BOOLEAN' THEN 16 WHEN UPPER(DATA_TYPE) = 'SMALLINT' THEN 5 WHEN UPPER(DATA_TYPE) = 'SMALLINT UNSIGNED' THEN 5 WHEN UPPER(DATA_TYPE) = 'INT' THEN 4 WHEN UPPER(DATA_TYPE) = 'INT UNSIGNED' THEN 4 WHEN UPPER(DATA_TYPE) = 'FLOAT' THEN 7 WHEN UPPER(DATA_TYPE) = 'FLOAT UNSIGNED' THEN 7 WHEN UPPER(DATA_TYPE) = 'DOUBLE' THEN 8 WHEN UPPER(DATA_TYPE) = 'DOUBLE UNSIGNED' THEN 8 WHEN UPPER(DATA_TYPE) = 'NULL' THEN 0 WHEN UPPER(DATA_TYPE) = 'TIMESTAMP' THEN 93 WHEN UPPER(DATA_TYPE) = 'BIGINT' THEN -5 WHEN UPPER(DATA_TYPE) = 'BIGINT UNSIGNED' THEN -5 WHEN UPPER(DATA_TYPE) = 'MEDIUMINT' THEN 4 WHEN UPPER(DATA_TYPE) = 'MEDIUMINT UNSIGNED' THEN 4 WHEN UPPER(DATA_TYPE) = 'DATE' THEN 91 WHEN UPPER(DATA_TYPE) = 'TIME' THEN 92 WHEN UPPER(DATA_TYPE) = 'DATETIME' THEN 93 WHEN UPPER(DATA_TYPE) = 'YEAR' THEN 91 WHEN UPPER(DATA_TYPE) = 'VARCHAR' THEN 12 WHEN UPPER(DATA_TYPE) = 'VARBINARY' THEN -3 WHEN UPPER(DATA_TYPE) = 'BIT' THEN -7 WHEN UPPER(DATA_TYPE) = 'JSON' THEN -1 WHEN UPPER(DATA_TYPE) = 'ENUM' THEN 1 WHEN UPPER(DATA_TYPE) = 'SET' THEN 1 WHEN UPPER(DATA_TYPE) = 'TINYBLOB' THEN -3 WHEN UPPER(DATA_TYPE) = 'TINYTEXT' THEN 12 WHEN UPPER(DATA_TYPE) = 'MEDIUMBLOB' THEN -4 WHEN UPPER(DATA_TYPE) = 'MEDIUMTEXT' THEN -1 WHEN UPPER(DATA_TYPE) = 'LONGBLOB' THEN -4 WHEN UPPER(DATA_TYPE) = 'LONGTEXT' THEN -1 WHEN UPPER(DATA_TYPE) = 'BLOB' THEN -4 WHEN UPPER(DATA_TYPE) = 'TEXT' THEN -1 WHEN UPPER(DATA_TYPE) = 'CHAR' THEN 1 WHEN UPPER(DATA_TYPE) = 'BINARY' THEN -2 WHEN UPPER(DATA_TYPE) = 'GEOMETRY' THEN -2 WHEN UPPER(DATA_TYPE) = 'VECTOR' THEN -4 WHEN UPPER(DATA_TYPE) = 'UNKNOWN' THEN 1111 WHEN UPPER(DATA_TYPE) = 'POINT' THEN -2 WHEN UPPER(DATA_TYPE) = 'LINESTRING' THEN -2 WHEN UPPER(DATA_TYPE) = 'POLYGON' THEN -2 WHEN UPPER(DATA_TYPE) = 'MULTIPOINT' THEN -2 WHEN UPPER(DATA_TYPE) = 'MULTILINESTRING' THEN -2 WHEN UPPER(DATA_TYPE) = 'MULTIPOLYGON' THEN -2 WHEN UPPER(DATA_TYPE) = 'GEOMETRYCOLLECTION' THEN -2 WHEN UPPER(DATA_TYPE) = 'GEOMCOLLECTION' THEN -2 ELSE 1111 END AS DATA_TYPE, UPPER(CASE WHEN UPPER(DATA_TYPE) = 'TINYINT' THEN CASE WHEN LOCATE('ZEROFILL', UPPER(COLUMN_TYPE)) = 0 AND LOCATE('UNSIGNED', UPPER(COLUMN_TYPE)) = 0 AND LOCATE('(1)', COLUMN_TYPE) != 0 THEN 'BIT' WHEN LOCATE('UNSIGNED', UPPER(COLUMN_TYPE)) != 0 AND LOCATE('UNSIGNED', UPPER(DATA_TYPE)) = 0 THEN 'TINYINT UNSIGNED' ELSE DATA_TYPE END WHEN LOCATE('UNSIGNED', UPPER(COLUMN_TYPE)) != 0 AND LOCATE('UNSIGNED', UPPER(DATA_TYPE)) = 0 AND LOCATE('SET', UPPER(DATA_TYPE)) <> 1 AND LOCATE('ENUM', UPPER(DATA_TYPE)) <> 1 THEN CONCAT(DATA_TYPE, ' UNSIGNED') WHEN UPPER(DATA_TYPE) = 'POINT' THEN 'GEOMETRY' WHEN UPPER(DATA_TYPE) = 'LINESTRING' THEN 'GEOMETRY' WHEN UPPER(DATA_TYPE) = 'POLYGON' THEN 'GEOMETRY' WHEN UPPER(DATA_TYPE) = 'MULTIPOINT' THEN 'GEOMETRY' WHEN UPPER(DATA_TYPE) = 'MULTILINESTRING' THEN 'GEOMETRY' WHEN UPPER(DATA_TYPE) = 'MULTIPOLYGON' THEN 'GEOMETRY' WHEN UPPER(DATA_TYPE) = 'GEOMETRYCOLLECTION' THEN 'GEOMETRY' WHEN UPPER(DATA_TYPE) = 'GEOMCOLLECTION' THEN 'GEOMETRY' ELSE UPPER(DATA_TYPE) END) AS TYPE_NAME, UPPER(CASE WHEN UPPER(DATA_TYPE) = 'YEAR' THEN 4 WHEN UPPER(DATA_TYPE) = 'DATE' THEN 10 WHEN UPPER(DATA_TYPE) = 'DATETIME' OR UPPER(DATA_TYPE) = 'TIMESTAMP' THEN 19 + IF(DATETIME_PRECISION > 0, DATETIME_PRECISION + 1, DATETIME_PRECISION) WHEN UPPER(DATA_TYPE) = 'TIME' THEN 8 + IF(DATETIME_PRECISION > 0, DATETIME_PRECISION + 1, DATETIME_PRECISION) WHEN UPPER(DATA_TYPE) = 'TINYINT' AND LOCATE('ZEROFILL', UPPER(COLUMN_TYPE)) = 0 AND LOCATE('UNSIGNED', UPPER(COLUMN_TYPE)) = 0 AND LOCATE('(1)', COLUMN_TYPE) != 0 THEN 1 WHEN UPPER(DATA_TYPE) = 'MEDIUMINT' AND LOCATE('UNSIGNED', UPPER(COLUMN_TYPE)) != 0 THEN 8 WHEN UPPER(DATA_TYPE) = 'JSON' THEN 1073741824 WHEN UPPER(DATA_TYPE) = 'GEOMETRY' THEN 65535 WHEN UPPER(DATA_TYPE) = 'POINT' THEN 65535 WHEN UPPER(DATA_TYPE) = 'LINESTRING' THEN 65535 WHEN UPPER(DATA_TYPE) = 'POLYGON' THEN 65535 WHEN UPPER(DATA_TYPE) = 'MULTIPOINT' THEN 65535 WHEN UPPER(DATA_TYPE) = 'MULTILINESTRING' THEN 65535 WHEN UPPER(DATA_TYPE) = 'MULTIPOLYGON' THEN 65535 WHEN UPPER(DATA_TYPE) = 'GEOMETRYCOLLECTION' THEN 65535 WHEN UPPER(DATA_TYPE) = 'GEOMCOLLECTION' THEN 65535 WHEN CHARACTER_MAXIMUM_LENGTH IS NULL THEN NUMERIC_PRECISION WHEN CHARACTER_MAXIMUM_LENGTH > 2147483647 THEN 2147483647 ELSE CHARACTER_MAXIMUM_LENGTH END) AS COLUMN_SIZE, 65535 AS BUFFER_LENGTH, UPPER(CASE WHEN UPPER(DATA_TYPE) = 'DECIMAL' THEN NUMERIC_SCALE WHEN UPPER(DATA_TYPE) = 'FLOAT' OR UPPER(DATA_TYPE) = 'DOUBLE' THEN IF(NUMERIC_SCALE IS NULL, 0, NUMERIC_SCALE) ELSE NULL END) AS DECIMAL_DIGITS, 10 AS NUM_PREC_RADIX, CASE WHEN IS_NULLABLE COLLATE utf8mb3_general_ci= 'NO' THEN 0 ELSE CASE WHEN IS_NULLABLE COLLATE utf8mb3_general_ci= 'YES' THEN 1 ELSE 2 END END AS NULLABLE, COLUMN_COMMENT AS REMARKS, COLUMN_DEFAULT AS COLUMN_DEF, 0 AS SQL_DATA_TYPE, 0 AS SQL_DATETIME_SUB, CASE WHEN CHARACTER_OCTET_LENGTH > 2147483647 THEN 2147483647 ELSE CHARACTER_OCTET_LENGTH END AS CHAR_OCTET_LENGTH, ORDINAL_POSITION, IS_NULLABLE, NULL AS SCOPE_CATALOG, NULL AS SCOPE_SCHEMA, NULL AS SCOPE_TABLE, NULL AS SOURCE_DATA_TYPE, IF (EXTRA COLLATE utf8mb3_general_ci LIKE '%auto_increment%','YES','NO') AS IS_AUTOINCREMENT, IF (EXTRA COLLATE utf8mb3_general_ci LIKE  '%GENERATED%','YES','NO') AS IS_GENERATEDCOLUMN FROM INFORMATION_SCHEMA.COLUMNS WHERE TABLE_SCHEMA = 'spring_batch' AND COLUMN_NAME LIKE '%' ORDER BY TABLE_SCHEMA, TABLE_NAME, ORDINAL_POSITION
2026-01-17T04:57:31.887536Z	  157 Query	SET autocommit=0
2026-01-17T04:57:31.900580Z	  157 Query	SELECT JOB_INSTANCE_ID, JOB_NAME
FROM BATCH_JOB_INSTANCE
WHERE JOB_NAME = 'paymentReportJob'
 AND JOB_KEY = 'd41d8cd98f00b204e9800998ecf8427e'
2026-01-17T04:57:31.905237Z	  157 Query	COMMIT
2026-01-17T04:57:31.910235Z	  157 Query	SET autocommit=1
2026-01-17T04:57:31.914258Z	  157 Query	SELECT JOB_INSTANCE_ID, JOB_NAME
FROM BATCH_JOB_INSTANCE I1
WHERE I1.JOB_NAME = 'paymentReportJob' AND I1.JOB_INSTANCE_ID = (SELECT MAX(I2.JOB_INSTANCE_ID) FROM BATCH_JOB_INSTANCE I2 WHERE I2.JOB_NAME = 'paymentReportJob')
2026-01-17T04:57:31.920015Z	  157 Query	SELECT JOB_EXECUTION_ID, START_TIME, END_TIME, STATUS, EXIT_CODE, EXIT_MESSAGE, CREATE_TIME, LAST_UPDATED, VERSION
FROM BATCH_JOB_EXECUTION
 WHERE JOB_INSTANCE_ID = 11 AND JOB_EXECUTION_ID IN (SELECT MAX(JOB_EXECUTION_ID) FROM BATCH_JOB_EXECUTION E2 WHERE E2.JOB_INSTANCE_ID = 11)
2026-01-17T04:57:31.924557Z	  157 Query	SELECT JOB_EXECUTION_ID, PARAMETER_NAME, PARAMETER_TYPE, PARAMETER_VALUE, IDENTIFYING
FROM BATCH_JOB_EXECUTION_PARAMS
WHERE JOB_EXECUTION_ID = 11
2026-01-17T04:57:31.928149Z	  157 Query	SELECT JI.JOB_INSTANCE_ID, JOB_NAME, JOB_KEY, JI.VERSION
FROM BATCH_JOB_INSTANCE JI, BATCH_JOB_EXECUTION JE
WHERE JOB_EXECUTION_ID = 11 AND JI.JOB_INSTANCE_ID = JE.JOB_INSTANCE_ID
2026-01-17T04:57:31.930304Z	  157 Query	SELECT STEP_EXECUTION_ID, STEP_NAME, START_TIME, END_TIME, STATUS, COMMIT_COUNT, READ_COUNT, FILTER_COUNT, WRITE_COUNT, EXIT_CODE, EXIT_MESSAGE, READ_SKIP_COUNT, WRITE_SKIP_COUNT, PROCESS_SKIP_COUNT, ROLLBACK_COUNT, LAST_UPDATED, VERSION, CREATE_TIME
FROM BATCH_STEP_EXECUTION
 WHERE JOB_EXECUTION_ID = 11 ORDER BY STEP_EXECUTION_ID
2026-01-17T04:57:31.932161Z	  157 Query	SELECT SHORT_CONTEXT, SERIALIZED_CONTEXT
FROM BATCH_JOB_EXECUTION_CONTEXT
WHERE JOB_EXECUTION_ID = 11
2026-01-17T04:57:31.934682Z	  157 Query	SELECT SHORT_CONTEXT, SERIALIZED_CONTEXT
FROM BATCH_STEP_EXECUTION_CONTEXT
WHERE STEP_EXECUTION_ID = 11
2026-01-17T04:57:31.937015Z	  157 Query	SELECT @@session.transaction_isolation
2026-01-17T04:57:31.938432Z	  157 Query	SET SESSION TRANSACTION ISOLATION LEVEL SERIALIZABLE
2026-01-17T04:57:31.939488Z	  157 Query	SET autocommit=0
2026-01-17T04:57:31.941558Z	  157 Query	SELECT JOB_INSTANCE_ID, JOB_NAME
FROM BATCH_JOB_INSTANCE
WHERE JOB_NAME = 'paymentReportJob'
 AND JOB_KEY = 'b1a460e51cb6227ddeef8b5a1d45eb3a'
2026-01-17T04:57:31.942833Z	  157 Query	COMMIT
2026-01-17T04:57:31.943865Z	  157 Query	SET autocommit=1
2026-01-17T04:57:31.945842Z	  157 Query	SET SESSION TRANSACTION ISOLATION LEVEL REPEATABLE READ
2026-01-17T04:57:31.946946Z	  157 Query	SELECT @@session.transaction_isolation
2026-01-17T04:57:31.947895Z	  157 Query	SET SESSION TRANSACTION ISOLATION LEVEL SERIALIZABLE
2026-01-17T04:57:31.948912Z	  157 Query	SET autocommit=0
2026-01-17T04:57:31.950190Z	  157 Query	SELECT JOB_INSTANCE_ID, JOB_NAME
FROM BATCH_JOB_INSTANCE
WHERE JOB_NAME = 'paymentReportJob'
 AND JOB_KEY = 'b1a460e51cb6227ddeef8b5a1d45eb3a'
2026-01-17T04:57:31.952251Z	  157 Query	SELECT JOB_INSTANCE_ID, JOB_NAME
FROM BATCH_JOB_INSTANCE
WHERE JOB_NAME = 'paymentReportJob'
 AND JOB_KEY = 'b1a460e51cb6227ddeef8b5a1d45eb3a'
2026-01-17T04:57:31.954222Z	  158 Query	SET autocommit=0
2026-01-17T04:57:31.957566Z	  158 Query	update BATCH_JOB_SEQ set ID = last_insert_id(ID + 1) limit 1
2026-01-17T04:57:31.959398Z	  158 Query	select last_insert_id()
2026-01-17T04:57:31.960683Z	  158 Query	COMMIT
2026-01-17T04:57:31.963095Z	  158 Query	SET autocommit=1
2026-01-17T04:57:31.965061Z	  157 Query	INSERT INTO BATCH_JOB_INSTANCE(JOB_INSTANCE_ID, JOB_NAME, JOB_KEY, VERSION)
	VALUES (12, 'paymentReportJob', 'b1a460e51cb6227ddeef8b5a1d45eb3a', 0)
2026-01-17T04:57:31.966396Z	  158 Query	SET autocommit=0
2026-01-17T04:57:31.967630Z	  158 Query	update BATCH_JOB_EXECUTION_SEQ set ID = last_insert_id(ID + 1) limit 1
2026-01-17T04:57:31.968997Z	  158 Query	select last_insert_id()
2026-01-17T04:57:31.970211Z	  158 Query	COMMIT
2026-01-17T04:57:31.972580Z	  158 Query	SET autocommit=1
2026-01-17T04:57:31.978573Z	  157 Query	INSERT INTO BATCH_JOB_EXECUTION(JOB_EXECUTION_ID, JOB_INSTANCE_ID, START_TIME, END_TIME, STATUS, EXIT_CODE, EXIT_MESSAGE, VERSION, CREATE_TIME, LAST_UPDATED)
	VALUES (12, 12, null, null, 'STARTING', 'UNKNOWN', '', 0, '2026-01-17 13:57:31.965727', '2026-01-17 13:57:31.965746')
2026-01-17T04:57:31.981331Z	  157 Query	SELECT @@session.transaction_read_only
2026-01-17T04:57:31.982548Z	  157 Query	INSERT INTO BATCH_JOB_EXECUTION_PARAMS(JOB_EXECUTION_ID, PARAMETER_NAME, PARAMETER_TYPE, PARAMETER_VALUE, IDENTIFYING)
	VALUES (12, 'run.id', 'java.lang.Long', '9', 'Y')
2026-01-17T04:57:31.983685Z	  157 Query	INSERT INTO BATCH_JOB_EXECUTION_PARAMS(JOB_EXECUTION_ID, PARAMETER_NAME, PARAMETER_TYPE, PARAMETER_VALUE, IDENTIFYING)
	VALUES (12, '-job.name', 'java.lang.String', 'paymentReportJob', 'Y')
2026-01-17T04:57:31.985670Z	  157 Query	INSERT INTO BATCH_JOB_EXECUTION_CONTEXT (SHORT_CONTEXT, SERIALIZED_CONTEXT, JOB_EXECUTION_ID)
	VALUES('rO0ABXNyABFqYXZhLnV0aWwuSGFzaE1hcAUH2sHDFmDRAwACRgAKbG9hZEZhY3RvckkACXRocmVzaG9sZHhwP0AAAAAAAAB3CAAAABAAAAAAeA==', null, 12)
2026-01-17T04:57:31.987067Z	  157 Query	COMMIT
2026-01-17T04:57:31.989403Z	  157 Query	SET autocommit=1
2026-01-17T04:57:31.990602Z	  157 Query	SET SESSION TRANSACTION ISOLATION LEVEL REPEATABLE READ
2026-01-17T04:57:31.996345Z	  157 Query	SET autocommit=0
2026-01-17T04:57:31.998148Z	  157 Query	SELECT VERSION
FROM BATCH_JOB_EXECUTION
WHERE JOB_EXECUTION_ID=12
2026-01-17T04:57:32.000092Z	  157 Query	SELECT COUNT(*)
FROM BATCH_JOB_EXECUTION
WHERE JOB_EXECUTION_ID = 12
2026-01-17T04:57:32.001802Z	  157 Query	UPDATE BATCH_JOB_EXECUTION
SET START_TIME = '2026-01-17 13:57:31.995427', END_TIME = null,  STATUS = 'STARTED', EXIT_CODE = 'UNKNOWN', EXIT_MESSAGE = '', VERSION = VERSION + 1, CREATE_TIME = '2026-01-17 13:57:31.965727', LAST_UPDATED = '2026-01-17 13:57:31.997002'
WHERE JOB_EXECUTION_ID = 12 AND VERSION = 0
2026-01-17T04:57:32.002971Z	  157 Query	COMMIT
2026-01-17T04:57:32.005269Z	  157 Query	SET autocommit=1
2026-01-17T04:57:32.006638Z	  157 Query	SET autocommit=0
2026-01-17T04:57:32.008072Z	  157 Query	SELECT SE.STEP_EXECUTION_ID, SE.STEP_NAME, SE.START_TIME, SE.END_TIME, SE.STATUS, SE.COMMIT_COUNT, SE.READ_COUNT, SE.FILTER_COUNT, SE.WRITE_COUNT, SE.EXIT_CODE, SE.EXIT_MESSAGE, SE.READ_SKIP_COUNT, SE.WRITE_SKIP_COUNT, SE.PROCESS_SKIP_COUNT, SE.ROLLBACK_COUNT, SE.LAST_UPDATED, SE.VERSION, SE.CREATE_TIME, JE.JOB_EXECUTION_ID, JE.START_TIME, JE.END_TIME, JE.STATUS, JE.EXIT_CODE, JE.EXIT_MESSAGE, JE.CREATE_TIME, JE.LAST_UPDATED, JE.VERSION
FROM BATCH_JOB_EXECUTION JE
	JOIN BATCH_STEP_EXECUTION SE ON SE.JOB_EXECUTION_ID = JE.JOB_EXECUTION_ID
WHERE JE.JOB_INSTANCE_ID = 12 AND SE.STEP_NAME = 'paymentReportStep'
2026-01-17T04:57:32.009416Z	  157 Query	COMMIT
2026-01-17T04:57:32.010516Z	  157 Query	SET autocommit=1
2026-01-17T04:57:32.011775Z	  157 Query	SET autocommit=0
2026-01-17T04:57:32.012920Z	  157 Query	SELECT COUNT(*)
FROM BATCH_JOB_EXECUTION JE
	JOIN BATCH_STEP_EXECUTION SE ON SE.JOB_EXECUTION_ID = JE.JOB_EXECUTION_ID
WHERE JE.JOB_INSTANCE_ID = 12 AND SE.STEP_NAME = 'paymentReportStep'
2026-01-17T04:57:32.014512Z	  157 Query	COMMIT
2026-01-17T04:57:32.015514Z	  157 Query	SET autocommit=1
2026-01-17T04:57:32.016759Z	  157 Query	SET autocommit=0
2026-01-17T04:57:32.017976Z	  158 Query	SET autocommit=0
2026-01-17T04:57:32.019072Z	  158 Query	update BATCH_STEP_EXECUTION_SEQ set ID = last_insert_id(ID + 1) limit 1
2026-01-17T04:57:32.020332Z	  158 Query	select last_insert_id()
2026-01-17T04:57:32.021479Z	  158 Query	COMMIT
2026-01-17T04:57:32.023743Z	  158 Query	SET autocommit=1
2026-01-17T04:57:32.025447Z	  157 Query	INSERT INTO BATCH_STEP_EXECUTION(STEP_EXECUTION_ID, VERSION, STEP_NAME, JOB_EXECUTION_ID, START_TIME, END_TIME, STATUS, COMMIT_COUNT, READ_COUNT, FILTER_COUNT, WRITE_COUNT, EXIT_CODE, EXIT_MESSAGE, READ_SKIP_COUNT, WRITE_SKIP_COUNT, PROCESS_SKIP_COUNT, ROLLBACK_COUNT, LAST_UPDATED, CREATE_TIME)
	VALUES (12, 0, 'paymentReportStep', 12, null, null, 'STARTING', 0, 0, 0, 0, 'EXECUTING', '', 0, 0, 0, 0, '2026-01-17 13:57:32.017271', '2026-01-17 13:57:32.016')
2026-01-17T04:57:32.027008Z	  157 Query	INSERT INTO BATCH_STEP_EXECUTION_CONTEXT (SHORT_CONTEXT, SERIALIZED_CONTEXT, STEP_EXECUTION_ID)
	VALUES('rO0ABXNyABFqYXZhLnV0aWwuSGFzaE1hcAUH2sHDFmDRAwACRgAKbG9hZEZhY3RvckkACXRocmVzaG9sZHhwP0AAAAAAAAB3CAAAABAAAAAAeA==', null, 12)
2026-01-17T04:57:32.028373Z	  157 Query	COMMIT
2026-01-17T04:57:32.030299Z	  157 Query	SET autocommit=1
2026-01-17T04:57:32.032364Z	  157 Query	SET autocommit=0
2026-01-17T04:57:32.033836Z	  157 Query	UPDATE BATCH_STEP_EXECUTION
SET START_TIME = '2026-01-17 13:57:32.031068', END_TIME = null, STATUS = 'STARTED', COMMIT_COUNT = 0, READ_COUNT = 0, FILTER_COUNT = 0, WRITE_COUNT = 0, EXIT_CODE = 'EXECUTING', EXIT_MESSAGE = '', VERSION = VERSION + 1, READ_SKIP_COUNT = 0, PROCESS_SKIP_COUNT = 0, WRITE_SKIP_COUNT = 0, ROLLBACK_COUNT = 0, LAST_UPDATED = '2026-01-17 13:57:32.032853'
WHERE STEP_EXECUTION_ID = 12 AND VERSION = 0
2026-01-17T04:57:32.035335Z	  157 Query	SELECT VERSION
FROM BATCH_JOB_EXECUTION
WHERE JOB_EXECUTION_ID=12
2026-01-17T04:57:32.036784Z	  157 Query	COMMIT
2026-01-17T04:57:32.039650Z	  157 Query	SET autocommit=1
2026-01-17T04:57:32.042005Z	  157 Query	SET autocommit=0
2026-01-17T04:57:32.043414Z	  157 Query	UPDATE BATCH_STEP_EXECUTION_CONTEXT
SET SHORT_CONTEXT = 'rO0ABXNyABFqYXZhLnV0aWwuSGFzaE1hcAUH2sHDFmDRAwACRgAKbG9hZEZhY3RvckkACXRocmVzaG9sZHhwP0AAAAAAAAx3CAAAABAAAAAEdAAecGF5bWVudFJlcG9ydFJlYWRlci5yZWFkLmNvdW50c3IAEWphdmEubGFuZy5JbnRlZ2VyEuKgpPeBhzgCAAFJAAV2YWx1ZXhyABBqYXZhLmxhbmcuTnVtYmVyhqyVHQuU4IsCAAB4cAAAAAB0ABFiYXRjaC50YXNrbGV0VHlwZXQAPW9yZy5zcHJpbmdmcmFtZXdvcmsuYmF0Y2guY29yZS5zdGVwLml0ZW0uQ2h1bmtPcmllbnRlZFRhc2tsZXR0AA1iYXRjaC52ZXJzaW9udAAFNS4yLjR0AA5iYXRjaC5zdGVwVHlwZXQAN29yZy5zcHJpbmdmcmFtZXdvcmsuYmF0Y2guY29yZS5zdGVwLnRhc2tsZXQuVGFza2xldFN0ZXB4', SERIALIZED_CONTEXT = null
WHERE STEP_EXECUTION_ID = 12
2026-01-17T04:57:32.044636Z	  157 Query	COMMIT
2026-01-17T04:57:32.047040Z	  157 Query	SET autocommit=1
2026-01-17T04:57:32.049712Z	  157 Query	SET autocommit=0
2026-01-17T04:57:32.051543Z	  158 Query	SET autocommit=0
2026-01-17T04:57:32.165686Z	  158 Query	select ps1_0.id,ps1_0.discount_amount,ps1_0.final_amount,ps1_0.original_amount,ps1_0.partner_corp_name,ps1_0.payment_date from payment_source ps1_0 limit 0,10
2026-01-17T04:57:32.180377Z	  158 Query	COMMIT
2026-01-17T04:57:32.181595Z	  158 Query	SET autocommit=1
2026-01-17T04:57:32.185788Z	  157 Query	UPDATE BATCH_STEP_EXECUTION_CONTEXT
SET SHORT_CONTEXT = 'rO0ABXNyABFqYXZhLnV0aWwuSGFzaE1hcAUH2sHDFmDRAwACRgAKbG9hZEZhY3RvckkACXRocmVzaG9sZHhwP0AAAAAAAAx3CAAAABAAAAAEdAAecGF5bWVudFJlcG9ydFJlYWRlci5yZWFkLmNvdW50c3IAEWphdmEubGFuZy5JbnRlZ2VyEuKgpPeBhzgCAAFJAAV2YWx1ZXhyABBqYXZhLmxhbmcuTnVtYmVyhqyVHQuU4IsCAAB4cAAAAAp0ABFiYXRjaC50YXNrbGV0VHlwZXQAPW9yZy5zcHJpbmdmcmFtZXdvcmsuYmF0Y2guY29yZS5zdGVwLml0ZW0uQ2h1bmtPcmllbnRlZFRhc2tsZXR0AA1iYXRjaC52ZXJzaW9udAAFNS4yLjR0AA5iYXRjaC5zdGVwVHlwZXQAN29yZy5zcHJpbmdmcmFtZXdvcmsuYmF0Y2guY29yZS5zdGVwLnRhc2tsZXQuVGFza2xldFN0ZXB4', SERIALIZED_CONTEXT = null
WHERE STEP_EXECUTION_ID = 12
2026-01-17T04:57:32.187791Z	  157 Query	UPDATE BATCH_STEP_EXECUTION
SET START_TIME = '2026-01-17 13:57:32.031068', END_TIME = null, STATUS = 'STARTED', COMMIT_COUNT = 1, READ_COUNT = 10, FILTER_COUNT = 0, WRITE_COUNT = 10, EXIT_CODE = 'EXECUTING', EXIT_MESSAGE = '', VERSION = VERSION + 1, READ_SKIP_COUNT = 0, PROCESS_SKIP_COUNT = 0, WRITE_SKIP_COUNT = 0, ROLLBACK_COUNT = 0, LAST_UPDATED = '2026-01-17 13:57:32.186595'
WHERE STEP_EXECUTION_ID = 12 AND VERSION = 1
2026-01-17T04:57:32.189779Z	  157 Query	SELECT VERSION
FROM BATCH_JOB_EXECUTION
WHERE JOB_EXECUTION_ID=12
2026-01-17T04:57:32.190997Z	  157 Query	COMMIT
2026-01-17T04:57:32.193001Z	  157 Query	SET autocommit=1
2026-01-17T04:57:32.194554Z	  157 Query	SET autocommit=0
2026-01-17T04:57:32.195722Z	  158 Query	SET autocommit=0
2026-01-17T04:57:32.197964Z	  158 Query	select ps1_0.id,ps1_0.discount_amount,ps1_0.final_amount,ps1_0.original_amount,ps1_0.partner_corp_name,ps1_0.payment_date from payment_source ps1_0 limit 10,10
2026-01-17T04:57:32.201103Z	  158 Query	COMMIT
2026-01-17T04:57:32.202384Z	  158 Query	SET autocommit=1
2026-01-17T04:57:32.204908Z	  157 Query	UPDATE BATCH_STEP_EXECUTION_CONTEXT
SET SHORT_CONTEXT = 'rO0ABXNyABFqYXZhLnV0aWwuSGFzaE1hcAUH2sHDFmDRAwACRgAKbG9hZEZhY3RvckkACXRocmVzaG9sZHhwP0AAAAAAAAx3CAAAABAAAAAEdAAecGF5bWVudFJlcG9ydFJlYWRlci5yZWFkLmNvdW50c3IAEWphdmEubGFuZy5JbnRlZ2VyEuKgpPeBhzgCAAFJAAV2YWx1ZXhyABBqYXZhLmxhbmcuTnVtYmVyhqyVHQuU4IsCAAB4cAAAABR0ABFiYXRjaC50YXNrbGV0VHlwZXQAPW9yZy5zcHJpbmdmcmFtZXdvcmsuYmF0Y2guY29yZS5zdGVwLml0ZW0uQ2h1bmtPcmllbnRlZFRhc2tsZXR0AA1iYXRjaC52ZXJzaW9udAAFNS4yLjR0AA5iYXRjaC5zdGVwVHlwZXQAN29yZy5zcHJpbmdmcmFtZXdvcmsuYmF0Y2guY29yZS5zdGVwLnRhc2tsZXQuVGFza2xldFN0ZXB4', SERIALIZED_CONTEXT = null
WHERE STEP_EXECUTION_ID = 12
2026-01-17T04:57:32.206913Z	  157 Query	UPDATE BATCH_STEP_EXECUTION
SET START_TIME = '2026-01-17 13:57:32.031068', END_TIME = null, STATUS = 'STARTED', COMMIT_COUNT = 2, READ_COUNT = 20, FILTER_COUNT = 0, WRITE_COUNT = 20, EXIT_CODE = 'EXECUTING', EXIT_MESSAGE = '', VERSION = VERSION + 1, READ_SKIP_COUNT = 0, PROCESS_SKIP_COUNT = 0, WRITE_SKIP_COUNT = 0, ROLLBACK_COUNT = 0, LAST_UPDATED = '2026-01-17 13:57:32.205769'
WHERE STEP_EXECUTION_ID = 12 AND VERSION = 2
2026-01-17T04:57:32.208613Z	  157 Query	SELECT VERSION
FROM BATCH_JOB_EXECUTION
WHERE JOB_EXECUTION_ID=12
2026-01-17T04:57:32.210063Z	  157 Query	COMMIT
2026-01-17T04:57:32.213349Z	  157 Query	SET autocommit=1
2026-01-17T04:57:32.214624Z	  157 Query	SET autocommit=0
2026-01-17T04:57:32.215996Z	  158 Query	SET autocommit=0
2026-01-17T04:57:32.217887Z	  158 Query	select ps1_0.id,ps1_0.discount_amount,ps1_0.final_amount,ps1_0.original_amount,ps1_0.partner_corp_name,ps1_0.payment_date from payment_source ps1_0 limit 20,10
2026-01-17T04:57:32.220723Z	  158 Query	COMMIT
2026-01-17T04:57:32.221985Z	  158 Query	SET autocommit=1
2026-01-17T04:57:32.224769Z	  157 Query	UPDATE BATCH_STEP_EXECUTION_CONTEXT
SET SHORT_CONTEXT = 'rO0ABXNyABFqYXZhLnV0aWwuSGFzaE1hcAUH2sHDFmDRAwACRgAKbG9hZEZhY3RvckkACXRocmVzaG9sZHhwP0AAAAAAAAx3CAAAABAAAAAEdAAecGF5bWVudFJlcG9ydFJlYWRlci5yZWFkLmNvdW50c3IAEWphdmEubGFuZy5JbnRlZ2VyEuKgpPeBhzgCAAFJAAV2YWx1ZXhyABBqYXZhLmxhbmcuTnVtYmVyhqyVHQuU4IsCAAB4cAAAAB50ABFiYXRjaC50YXNrbGV0VHlwZXQAPW9yZy5zcHJpbmdmcmFtZXdvcmsuYmF0Y2guY29yZS5zdGVwLml0ZW0uQ2h1bmtPcmllbnRlZFRhc2tsZXR0AA1iYXRjaC52ZXJzaW9udAAFNS4yLjR0AA5iYXRjaC5zdGVwVHlwZXQAN29yZy5zcHJpbmdmcmFtZXdvcmsuYmF0Y2guY29yZS5zdGVwLnRhc2tsZXQuVGFza2xldFN0ZXB4', SERIALIZED_CONTEXT = null
WHERE STEP_EXECUTION_ID = 12
2026-01-17T04:57:32.226812Z	  157 Query	UPDATE BATCH_STEP_EXECUTION
SET START_TIME = '2026-01-17 13:57:32.031068', END_TIME = null, STATUS = 'STARTED', COMMIT_COUNT = 3, READ_COUNT = 30, FILTER_COUNT = 0, WRITE_COUNT = 30, EXIT_CODE = 'EXECUTING', EXIT_MESSAGE = '', VERSION = VERSION + 1, READ_SKIP_COUNT = 0, PROCESS_SKIP_COUNT = 0, WRITE_SKIP_COUNT = 0, ROLLBACK_COUNT = 0, LAST_UPDATED = '2026-01-17 13:57:32.225795'
WHERE STEP_EXECUTION_ID = 12 AND VERSION = 3
2026-01-17T04:57:32.228550Z	  157 Query	SELECT VERSION
FROM BATCH_JOB_EXECUTION
WHERE JOB_EXECUTION_ID=12
2026-01-17T04:57:32.230082Z	  157 Query	COMMIT
2026-01-17T04:57:32.232204Z	  157 Query	SET autocommit=1
2026-01-17T04:57:32.234229Z	  157 Query	SET autocommit=0
2026-01-17T04:57:32.235622Z	  158 Query	SET autocommit=0
2026-01-17T04:57:32.237764Z	  158 Query	select ps1_0.id,ps1_0.discount_amount,ps1_0.final_amount,ps1_0.original_amount,ps1_0.partner_corp_name,ps1_0.payment_date from payment_source ps1_0 limit 30,10
2026-01-17T04:57:32.240413Z	  158 Query	COMMIT
2026-01-17T04:57:32.241825Z	  158 Query	SET autocommit=1
2026-01-17T04:57:32.244373Z	  157 Query	UPDATE BATCH_STEP_EXECUTION_CONTEXT
SET SHORT_CONTEXT = 'rO0ABXNyABFqYXZhLnV0aWwuSGFzaE1hcAUH2sHDFmDRAwACRgAKbG9hZEZhY3RvckkACXRocmVzaG9sZHhwP0AAAAAAAAx3CAAAABAAAAAEdAAecGF5bWVudFJlcG9ydFJlYWRlci5yZWFkLmNvdW50c3IAEWphdmEubGFuZy5JbnRlZ2VyEuKgpPeBhzgCAAFJAAV2YWx1ZXhyABBqYXZhLmxhbmcuTnVtYmVyhqyVHQuU4IsCAAB4cAAAACh0ABFiYXRjaC50YXNrbGV0VHlwZXQAPW9yZy5zcHJpbmdmcmFtZXdvcmsuYmF0Y2guY29yZS5zdGVwLml0ZW0uQ2h1bmtPcmllbnRlZFRhc2tsZXR0AA1iYXRjaC52ZXJzaW9udAAFNS4yLjR0AA5iYXRjaC5zdGVwVHlwZXQAN29yZy5zcHJpbmdmcmFtZXdvcmsuYmF0Y2guY29yZS5zdGVwLnRhc2tsZXQuVGFza2xldFN0ZXB4', SERIALIZED_CONTEXT = null
WHERE STEP_EXECUTION_ID = 12
2026-01-17T04:57:32.246645Z	  157 Query	UPDATE BATCH_STEP_EXECUTION
SET START_TIME = '2026-01-17 13:57:32.031068', END_TIME = null, STATUS = 'STARTED', COMMIT_COUNT = 4, READ_COUNT = 40, FILTER_COUNT = 0, WRITE_COUNT = 40, EXIT_CODE = 'EXECUTING', EXIT_MESSAGE = '', VERSION = VERSION + 1, READ_SKIP_COUNT = 0, PROCESS_SKIP_COUNT = 0, WRITE_SKIP_COUNT = 0, ROLLBACK_COUNT = 0, LAST_UPDATED = '2026-01-17 13:57:32.245341'
WHERE STEP_EXECUTION_ID = 12 AND VERSION = 4
2026-01-17T04:57:32.248040Z	  157 Query	SELECT VERSION
FROM BATCH_JOB_EXECUTION
WHERE JOB_EXECUTION_ID=12
2026-01-17T04:57:32.249547Z	  157 Query	COMMIT
2026-01-17T04:57:32.252516Z	  157 Query	SET autocommit=1
2026-01-17T04:57:32.254030Z	  157 Query	SET autocommit=0
2026-01-17T04:57:32.255417Z	  158 Query	SET autocommit=0
2026-01-17T04:57:32.257137Z	  158 Query	select ps1_0.id,ps1_0.discount_amount,ps1_0.final_amount,ps1_0.original_amount,ps1_0.partner_corp_name,ps1_0.payment_date from payment_source ps1_0 limit 40,10
2026-01-17T04:57:32.258744Z	  158 Query	COMMIT
2026-01-17T04:57:32.259799Z	  158 Query	SET autocommit=1
2026-01-17T04:57:32.261379Z	  157 Query	UPDATE BATCH_STEP_EXECUTION_CONTEXT
SET SHORT_CONTEXT = 'rO0ABXNyABFqYXZhLnV0aWwuSGFzaE1hcAUH2sHDFmDRAwACRgAKbG9hZEZhY3RvckkACXRocmVzaG9sZHhwP0AAAAAAAAx3CAAAABAAAAAEdAAecGF5bWVudFJlcG9ydFJlYWRlci5yZWFkLmNvdW50c3IAEWphdmEubGFuZy5JbnRlZ2VyEuKgpPeBhzgCAAFJAAV2YWx1ZXhyABBqYXZhLmxhbmcuTnVtYmVyhqyVHQuU4IsCAAB4cAAAACl0ABFiYXRjaC50YXNrbGV0VHlwZXQAPW9yZy5zcHJpbmdmcmFtZXdvcmsuYmF0Y2guY29yZS5zdGVwLml0ZW0uQ2h1bmtPcmllbnRlZFRhc2tsZXR0AA1iYXRjaC52ZXJzaW9udAAFNS4yLjR0AA5iYXRjaC5zdGVwVHlwZXQAN29yZy5zcHJpbmdmcmFtZXdvcmsuYmF0Y2guY29yZS5zdGVwLnRhc2tsZXQuVGFza2xldFN0ZXB4', SERIALIZED_CONTEXT = null
WHERE STEP_EXECUTION_ID = 12
2026-01-17T04:57:32.263592Z	  157 Query	UPDATE BATCH_STEP_EXECUTION
SET START_TIME = '2026-01-17 13:57:32.031068', END_TIME = null, STATUS = 'STARTED', COMMIT_COUNT = 5, READ_COUNT = 40, FILTER_COUNT = 0, WRITE_COUNT = 40, EXIT_CODE = 'EXECUTING', EXIT_MESSAGE = '', VERSION = VERSION + 1, READ_SKIP_COUNT = 0, PROCESS_SKIP_COUNT = 0, WRITE_SKIP_COUNT = 0, ROLLBACK_COUNT = 0, LAST_UPDATED = '2026-01-17 13:57:32.262351'
WHERE STEP_EXECUTION_ID = 12 AND VERSION = 5
2026-01-17T04:57:32.265168Z	  157 Query	SELECT VERSION
FROM BATCH_JOB_EXECUTION
WHERE JOB_EXECUTION_ID=12
2026-01-17T04:57:32.266620Z	  157 Query	COMMIT
2026-01-17T04:57:32.269253Z	  157 Query	SET autocommit=1
2026-01-17T04:57:32.271956Z	  157 Query	SET autocommit=0
2026-01-17T04:57:32.273561Z	  157 Query	UPDATE BATCH_STEP_EXECUTION_CONTEXT
SET SHORT_CONTEXT = 'rO0ABXNyABFqYXZhLnV0aWwuSGFzaE1hcAUH2sHDFmDRAwACRgAKbG9hZEZhY3RvckkACXRocmVzaG9sZHhwP0AAAAAAAAx3CAAAABAAAAAEdAAecGF5bWVudFJlcG9ydFJlYWRlci5yZWFkLmNvdW50c3IAEWphdmEubGFuZy5JbnRlZ2VyEuKgpPeBhzgCAAFJAAV2YWx1ZXhyABBqYXZhLmxhbmcuTnVtYmVyhqyVHQuU4IsCAAB4cAAAACl0ABFiYXRjaC50YXNrbGV0VHlwZXQAPW9yZy5zcHJpbmdmcmFtZXdvcmsuYmF0Y2guY29yZS5zdGVwLml0ZW0uQ2h1bmtPcmllbnRlZFRhc2tsZXR0AA1iYXRjaC52ZXJzaW9udAAFNS4yLjR0AA5iYXRjaC5zdGVwVHlwZXQAN29yZy5zcHJpbmdmcmFtZXdvcmsuYmF0Y2guY29yZS5zdGVwLnRhc2tsZXQuVGFza2xldFN0ZXB4', SERIALIZED_CONTEXT = null
WHERE STEP_EXECUTION_ID = 12
2026-01-17T04:57:32.275697Z	  157 Query	COMMIT
2026-01-17T04:57:32.276664Z	  157 Query	SET autocommit=1
2026-01-17T04:57:32.278325Z	  157 Query	SET autocommit=0
2026-01-17T04:57:32.280302Z	  157 Query	UPDATE BATCH_STEP_EXECUTION
SET START_TIME = '2026-01-17 13:57:32.031068', END_TIME = '2026-01-17 13:57:32.270566', STATUS = 'COMPLETED', COMMIT_COUNT = 5, READ_COUNT = 40, FILTER_COUNT = 0, WRITE_COUNT = 40, EXIT_CODE = 'COMPLETED', EXIT_MESSAGE = '', VERSION = VERSION + 1, READ_SKIP_COUNT = 0, PROCESS_SKIP_COUNT = 0, WRITE_SKIP_COUNT = 0, ROLLBACK_COUNT = 0, LAST_UPDATED = '2026-01-17 13:57:32.279066'
WHERE STEP_EXECUTION_ID = 12 AND VERSION = 6
2026-01-17T04:57:32.282120Z	  157 Query	SELECT VERSION
FROM BATCH_JOB_EXECUTION
WHERE JOB_EXECUTION_ID=12
2026-01-17T04:57:32.283780Z	  157 Query	COMMIT
2026-01-17T04:57:32.286136Z	  157 Query	SET autocommit=1
2026-01-17T04:57:32.287878Z	  158 Query	SET autocommit=0
2026-01-17T04:57:32.289345Z	  158 Query	UPDATE BATCH_JOB_EXECUTION_CONTEXT
SET SHORT_CONTEXT = 'rO0ABXNyABFqYXZhLnV0aWwuSGFzaE1hcAUH2sHDFmDRAwACRgAKbG9hZEZhY3RvckkACXRocmVzaG9sZHhwP0AAAAAAAAx3CAAAABAAAAABdAANYmF0Y2gudmVyc2lvbnQABTUuMi40eA==', SERIALIZED_CONTEXT = null
WHERE JOB_EXECUTION_ID = 12
2026-01-17T04:57:32.290796Z	  158 Query	COMMIT
2026-01-17T04:57:32.293055Z	  158 Query	SET autocommit=1
2026-01-17T04:57:32.294855Z	  158 Query	SET autocommit=0
2026-01-17T04:57:32.296374Z	  158 Query	SELECT VERSION
FROM BATCH_JOB_EXECUTION
WHERE JOB_EXECUTION_ID=12
2026-01-17T04:57:32.297992Z	  158 Query	SELECT COUNT(*)
FROM BATCH_JOB_EXECUTION
WHERE JOB_EXECUTION_ID = 12
2026-01-17T04:57:32.299996Z	  158 Query	UPDATE BATCH_JOB_EXECUTION
SET START_TIME = '2026-01-17 13:57:31.995427', END_TIME = '2026-01-17 13:57:32.294045',  STATUS = 'COMPLETED', EXIT_CODE = 'COMPLETED', EXIT_MESSAGE = '', VERSION = VERSION + 1, CREATE_TIME = '2026-01-17 13:57:31.965727', LAST_UPDATED = '2026-01-17 13:57:32.295455'
WHERE JOB_EXECUTION_ID = 12 AND VERSION = 1
2026-01-17T04:57:32.301432Z	  158 Query	COMMIT
2026-01-17T04:57:32.304076Z	  158 Query	SET autocommit=1
2026-01-17T04:57:32.311979Z	  157 Quit	
2026-01-17T04:57:32.312851Z	  160 Quit	
2026-01-17T04:57:32.312889Z	  158 Quit	
2026-01-17T04:57:32.312909Z	  159 Quit	
2026-01-17T04:57:32.313133Z	  162 Quit	
2026-01-17T04:57:32.313153Z	  161 Quit	
2026-01-17T04:57:32.313207Z	  163 Quit	
2026-01-17T04:57:32.313243Z	  166 Quit	
2026-01-17T04:57:32.313253Z	  165 Quit	
2026-01-17T04:57:32.313265Z	  164 Quit	
2026-01-17T04:58:25.302400Z	  167 Connect	root@172.24.0.1 on spring_batch using TCP/IP
2026-01-17T04:58:25.314410Z	  167 Query	/* mysql-connector-j-9.5.0 (Revision: a7b3c94f50efbddb9f0dd69b3e0d1aaa25305cd6) */SELECT  @@session.auto_increment_increment AS auto_increment_increment, @@character_set_client AS character_set_client, @@character_set_connection AS character_set_connection, @@character_set_results AS character_set_results, @@character_set_server AS character_set_server, @@collation_server AS collation_server, @@collation_connection AS collation_connection, @@init_connect AS init_connect, @@interactive_timeout AS interactive_timeout, @@license AS license, @@lower_case_table_names AS lower_case_table_names, @@max_allowed_packet AS max_allowed_packet, @@net_write_timeout AS net_write_timeout, @@performance_schema AS performance_schema, @@sql_mode AS sql_mode, @@system_time_zone AS system_time_zone, @@time_zone AS time_zone, @@transaction_isolation AS transaction_isolation, @@wait_timeout AS wait_timeout
2026-01-17T04:58:25.320789Z	  167 Query	SET character_set_results = NULL
2026-01-17T04:58:25.322717Z	  167 Query	SET autocommit=1
2026-01-17T04:58:25.326053Z	  167 Query	SELECT @@session.transaction_read_only
2026-01-17T04:58:25.328392Z	  167 Query	SELECT @@session.transaction_isolation
2026-01-17T04:58:25.437602Z	  168 Connect	root@172.24.0.1 on spring_batch using TCP/IP
2026-01-17T04:58:25.441178Z	  168 Query	/* mysql-connector-j-9.5.0 (Revision: a7b3c94f50efbddb9f0dd69b3e0d1aaa25305cd6) */SELECT  @@session.auto_increment_increment AS auto_increment_increment, @@character_set_client AS character_set_client, @@character_set_connection AS character_set_connection, @@character_set_results AS character_set_results, @@character_set_server AS character_set_server, @@collation_server AS collation_server, @@collation_connection AS collation_connection, @@init_connect AS init_connect, @@interactive_timeout AS interactive_timeout, @@license AS license, @@lower_case_table_names AS lower_case_table_names, @@max_allowed_packet AS max_allowed_packet, @@net_write_timeout AS net_write_timeout, @@performance_schema AS performance_schema, @@sql_mode AS sql_mode, @@system_time_zone AS system_time_zone, @@time_zone AS time_zone, @@transaction_isolation AS transaction_isolation, @@wait_timeout AS wait_timeout
2026-01-17T04:58:25.454120Z	  168 Query	SET character_set_results = NULL
2026-01-17T04:58:25.457329Z	  168 Query	SET autocommit=1
2026-01-17T04:58:25.460313Z	  168 Query	SELECT @@session.transaction_read_only
2026-01-17T04:58:25.504712Z	  169 Connect	root@172.24.0.1 on spring_batch using TCP/IP
2026-01-17T04:58:25.506304Z	  169 Query	/* mysql-connector-j-9.5.0 (Revision: a7b3c94f50efbddb9f0dd69b3e0d1aaa25305cd6) */SELECT  @@session.auto_increment_increment AS auto_increment_increment, @@character_set_client AS character_set_client, @@character_set_connection AS character_set_connection, @@character_set_results AS character_set_results, @@character_set_server AS character_set_server, @@collation_server AS collation_server, @@collation_connection AS collation_connection, @@init_connect AS init_connect, @@interactive_timeout AS interactive_timeout, @@license AS license, @@lower_case_table_names AS lower_case_table_names, @@max_allowed_packet AS max_allowed_packet, @@net_write_timeout AS net_write_timeout, @@performance_schema AS performance_schema, @@sql_mode AS sql_mode, @@system_time_zone AS system_time_zone, @@time_zone AS time_zone, @@transaction_isolation AS transaction_isolation, @@wait_timeout AS wait_timeout
2026-01-17T04:58:25.507887Z	  169 Query	SET character_set_results = NULL
2026-01-17T04:58:25.509550Z	  169 Query	SET autocommit=1
2026-01-17T04:58:25.511305Z	  169 Query	SELECT @@session.transaction_read_only
2026-01-17T04:58:25.516680Z	  167 Query	SELECT WORD FROM INFORMATION_SCHEMA.KEYWORDS WHERE RESERVED = 1 ORDER BY WORD
2026-01-17T04:58:25.540602Z	  167 Query	SELECT @@character_set_database, @@sql_mode
2026-01-17T04:58:25.551794Z	  170 Connect	root@172.24.0.1 on spring_batch using TCP/IP
2026-01-17T04:58:25.553635Z	  170 Query	/* mysql-connector-j-9.5.0 (Revision: a7b3c94f50efbddb9f0dd69b3e0d1aaa25305cd6) */SELECT  @@session.auto_increment_increment AS auto_increment_increment, @@character_set_client AS character_set_client, @@character_set_connection AS character_set_connection, @@character_set_results AS character_set_results, @@character_set_server AS character_set_server, @@collation_server AS collation_server, @@collation_connection AS collation_connection, @@init_connect AS init_connect, @@interactive_timeout AS interactive_timeout, @@license AS license, @@lower_case_table_names AS lower_case_table_names, @@max_allowed_packet AS max_allowed_packet, @@net_write_timeout AS net_write_timeout, @@performance_schema AS performance_schema, @@sql_mode AS sql_mode, @@system_time_zone AS system_time_zone, @@time_zone AS time_zone, @@transaction_isolation AS transaction_isolation, @@wait_timeout AS wait_timeout
2026-01-17T04:58:25.555333Z	  170 Query	SET character_set_results = NULL
2026-01-17T04:58:25.556665Z	  170 Query	SET autocommit=1
2026-01-17T04:58:25.558136Z	  170 Query	SELECT @@session.transaction_read_only
2026-01-17T04:58:25.597286Z	  171 Connect	root@172.24.0.1 on spring_batch using TCP/IP
2026-01-17T04:58:25.601684Z	  171 Query	/* mysql-connector-j-9.5.0 (Revision: a7b3c94f50efbddb9f0dd69b3e0d1aaa25305cd6) */SELECT  @@session.auto_increment_increment AS auto_increment_increment, @@character_set_client AS character_set_client, @@character_set_connection AS character_set_connection, @@character_set_results AS character_set_results, @@character_set_server AS character_set_server, @@collation_server AS collation_server, @@collation_connection AS collation_connection, @@init_connect AS init_connect, @@interactive_timeout AS interactive_timeout, @@license AS license, @@lower_case_table_names AS lower_case_table_names, @@max_allowed_packet AS max_allowed_packet, @@net_write_timeout AS net_write_timeout, @@performance_schema AS performance_schema, @@sql_mode AS sql_mode, @@system_time_zone AS system_time_zone, @@time_zone AS time_zone, @@transaction_isolation AS transaction_isolation, @@wait_timeout AS wait_timeout
2026-01-17T04:58:25.605845Z	  171 Query	SET character_set_results = NULL
2026-01-17T04:58:25.607145Z	  171 Query	SET autocommit=1
2026-01-17T04:58:25.608321Z	  171 Query	SELECT @@session.transaction_read_only
2026-01-17T04:58:25.644755Z	  172 Connect	root@172.24.0.1 on spring_batch using TCP/IP
2026-01-17T04:58:25.654673Z	  172 Query	/* mysql-connector-j-9.5.0 (Revision: a7b3c94f50efbddb9f0dd69b3e0d1aaa25305cd6) */SELECT  @@session.auto_increment_increment AS auto_increment_increment, @@character_set_client AS character_set_client, @@character_set_connection AS character_set_connection, @@character_set_results AS character_set_results, @@character_set_server AS character_set_server, @@collation_server AS collation_server, @@collation_connection AS collation_connection, @@init_connect AS init_connect, @@interactive_timeout AS interactive_timeout, @@license AS license, @@lower_case_table_names AS lower_case_table_names, @@max_allowed_packet AS max_allowed_packet, @@net_write_timeout AS net_write_timeout, @@performance_schema AS performance_schema, @@sql_mode AS sql_mode, @@system_time_zone AS system_time_zone, @@time_zone AS time_zone, @@transaction_isolation AS transaction_isolation, @@wait_timeout AS wait_timeout
2026-01-17T04:58:25.658054Z	  172 Query	SET character_set_results = NULL
2026-01-17T04:58:25.660874Z	  172 Query	SET autocommit=1
2026-01-17T04:58:25.662248Z	  172 Query	SELECT @@session.transaction_read_only
2026-01-17T04:58:25.701815Z	  173 Connect	root@172.24.0.1 on spring_batch using TCP/IP
2026-01-17T04:58:25.707355Z	  173 Query	/* mysql-connector-j-9.5.0 (Revision: a7b3c94f50efbddb9f0dd69b3e0d1aaa25305cd6) */SELECT  @@session.auto_increment_increment AS auto_increment_increment, @@character_set_client AS character_set_client, @@character_set_connection AS character_set_connection, @@character_set_results AS character_set_results, @@character_set_server AS character_set_server, @@collation_server AS collation_server, @@collation_connection AS collation_connection, @@init_connect AS init_connect, @@interactive_timeout AS interactive_timeout, @@license AS license, @@lower_case_table_names AS lower_case_table_names, @@max_allowed_packet AS max_allowed_packet, @@net_write_timeout AS net_write_timeout, @@performance_schema AS performance_schema, @@sql_mode AS sql_mode, @@system_time_zone AS system_time_zone, @@time_zone AS time_zone, @@transaction_isolation AS transaction_isolation, @@wait_timeout AS wait_timeout
2026-01-17T04:58:25.710499Z	  173 Query	SET character_set_results = NULL
2026-01-17T04:58:25.715768Z	  173 Query	SET autocommit=1
2026-01-17T04:58:25.717135Z	  173 Query	SELECT @@session.transaction_read_only
2026-01-17T04:58:25.752061Z	  174 Connect	root@172.24.0.1 on spring_batch using TCP/IP
2026-01-17T04:58:25.755359Z	  174 Query	/* mysql-connector-j-9.5.0 (Revision: a7b3c94f50efbddb9f0dd69b3e0d1aaa25305cd6) */SELECT  @@session.auto_increment_increment AS auto_increment_increment, @@character_set_client AS character_set_client, @@character_set_connection AS character_set_connection, @@character_set_results AS character_set_results, @@character_set_server AS character_set_server, @@collation_server AS collation_server, @@collation_connection AS collation_connection, @@init_connect AS init_connect, @@interactive_timeout AS interactive_timeout, @@license AS license, @@lower_case_table_names AS lower_case_table_names, @@max_allowed_packet AS max_allowed_packet, @@net_write_timeout AS net_write_timeout, @@performance_schema AS performance_schema, @@sql_mode AS sql_mode, @@system_time_zone AS system_time_zone, @@time_zone AS time_zone, @@transaction_isolation AS transaction_isolation, @@wait_timeout AS wait_timeout
2026-01-17T04:58:25.759109Z	  174 Query	SET character_set_results = NULL
2026-01-17T04:58:25.761055Z	  174 Query	SET autocommit=1
2026-01-17T04:58:25.763347Z	  174 Query	SELECT @@session.transaction_read_only
2026-01-17T04:58:25.802738Z	  175 Connect	root@172.24.0.1 on spring_batch using TCP/IP
2026-01-17T04:58:25.808404Z	  175 Query	/* mysql-connector-j-9.5.0 (Revision: a7b3c94f50efbddb9f0dd69b3e0d1aaa25305cd6) */SELECT  @@session.auto_increment_increment AS auto_increment_increment, @@character_set_client AS character_set_client, @@character_set_connection AS character_set_connection, @@character_set_results AS character_set_results, @@character_set_server AS character_set_server, @@collation_server AS collation_server, @@collation_connection AS collation_connection, @@init_connect AS init_connect, @@interactive_timeout AS interactive_timeout, @@license AS license, @@lower_case_table_names AS lower_case_table_names, @@max_allowed_packet AS max_allowed_packet, @@net_write_timeout AS net_write_timeout, @@performance_schema AS performance_schema, @@sql_mode AS sql_mode, @@system_time_zone AS system_time_zone, @@time_zone AS time_zone, @@transaction_isolation AS transaction_isolation, @@wait_timeout AS wait_timeout
2026-01-17T04:58:25.812367Z	  175 Query	SET character_set_results = NULL
2026-01-17T04:58:25.819989Z	  175 Query	SET autocommit=1
2026-01-17T04:58:25.822183Z	  175 Query	SELECT @@session.transaction_read_only
2026-01-17T04:58:25.858689Z	  176 Connect	root@172.24.0.1 on spring_batch using TCP/IP
2026-01-17T04:58:25.861291Z	  176 Query	/* mysql-connector-j-9.5.0 (Revision: a7b3c94f50efbddb9f0dd69b3e0d1aaa25305cd6) */SELECT  @@session.auto_increment_increment AS auto_increment_increment, @@character_set_client AS character_set_client, @@character_set_connection AS character_set_connection, @@character_set_results AS character_set_results, @@character_set_server AS character_set_server, @@collation_server AS collation_server, @@collation_connection AS collation_connection, @@init_connect AS init_connect, @@interactive_timeout AS interactive_timeout, @@license AS license, @@lower_case_table_names AS lower_case_table_names, @@max_allowed_packet AS max_allowed_packet, @@net_write_timeout AS net_write_timeout, @@performance_schema AS performance_schema, @@sql_mode AS sql_mode, @@system_time_zone AS system_time_zone, @@time_zone AS time_zone, @@transaction_isolation AS transaction_isolation, @@wait_timeout AS wait_timeout
2026-01-17T04:58:25.864722Z	  176 Query	SET character_set_results = NULL
2026-01-17T04:58:25.866084Z	  176 Query	SET autocommit=1
2026-01-17T04:58:25.867278Z	  176 Query	SELECT @@session.transaction_read_only
2026-01-17T04:58:25.896323Z	  167 Query	SELECT TABLE_SCHEMA AS TABLE_CAT, NULL AS TABLE_SCHEM, TABLE_NAME, CASE WHEN TABLE_TYPE = 'BASE TABLE' THEN CASE WHEN TABLE_SCHEMA = 'mysql' OR TABLE_SCHEMA = 'performance_schema' OR TABLE_SCHEMA = 'sys' THEN 'SYSTEM TABLE' ELSE 'TABLE' END WHEN TABLE_TYPE = 'TEMPORARY' THEN 'LOCAL_TEMPORARY' ELSE TABLE_TYPE END AS TABLE_TYPE, TABLE_COMMENT AS REMARKS, NULL AS TYPE_CAT, NULL AS TYPE_SCHEM, NULL AS TYPE_NAME, NULL AS SELF_REFERENCING_COL_NAME, NULL AS REF_GENERATION FROM INFORMATION_SCHEMA.TABLES WHERE TABLE_SCHEMA = 'spring_batch' AND TABLE_NAME LIKE '%' HAVING TABLE_TYPE IN ('TABLE','VIEW',null,null,null) ORDER BY TABLE_TYPE, TABLE_SCHEMA, TABLE_NAME
2026-01-17T04:58:25.903247Z	  167 Query	SELECT DEFAULT_COLLATION_NAME FROM INFORMATION_SCHEMA.SCHEMATA WHERE SCHEMA_NAME = 'information_schema'
2026-01-17T04:58:25.907347Z	  167 Query	SELECT TABLE_SCHEMA, NULL, TABLE_NAME, COLUMN_NAME, CASE WHEN UPPER(DATA_TYPE) = 'DECIMAL' THEN 3 WHEN UPPER(DATA_TYPE) = 'DECIMAL UNSIGNED' THEN 3 WHEN UPPER(DATA_TYPE) = 'TINYINT' THEN IF(LOCATE('ZEROFILL', UPPER(COLUMN_TYPE)) = 0 AND LOCATE('UNSIGNED', UPPER(COLUMN_TYPE)) = 0 AND LOCATE('(1)', COLUMN_TYPE) != 0, -7, -6) WHEN UPPER(DATA_TYPE) = 'TINYINT UNSIGNED' THEN IF(LOCATE('ZEROFILL', UPPER(COLUMN_TYPE)) = 0 AND LOCATE('UNSIGNED', UPPER(COLUMN_TYPE)) = 0 AND LOCATE('(1)', COLUMN_TYPE) != 0, -7, -6) WHEN UPPER(DATA_TYPE) = 'BOOLEAN' THEN 16 WHEN UPPER(DATA_TYPE) = 'SMALLINT' THEN 5 WHEN UPPER(DATA_TYPE) = 'SMALLINT UNSIGNED' THEN 5 WHEN UPPER(DATA_TYPE) = 'INT' THEN 4 WHEN UPPER(DATA_TYPE) = 'INT UNSIGNED' THEN 4 WHEN UPPER(DATA_TYPE) = 'FLOAT' THEN 7 WHEN UPPER(DATA_TYPE) = 'FLOAT UNSIGNED' THEN 7 WHEN UPPER(DATA_TYPE) = 'DOUBLE' THEN 8 WHEN UPPER(DATA_TYPE) = 'DOUBLE UNSIGNED' THEN 8 WHEN UPPER(DATA_TYPE) = 'NULL' THEN 0 WHEN UPPER(DATA_TYPE) = 'TIMESTAMP' THEN 93 WHEN UPPER(DATA_TYPE) = 'BIGINT' THEN -5 WHEN UPPER(DATA_TYPE) = 'BIGINT UNSIGNED' THEN -5 WHEN UPPER(DATA_TYPE) = 'MEDIUMINT' THEN 4 WHEN UPPER(DATA_TYPE) = 'MEDIUMINT UNSIGNED' THEN 4 WHEN UPPER(DATA_TYPE) = 'DATE' THEN 91 WHEN UPPER(DATA_TYPE) = 'TIME' THEN 92 WHEN UPPER(DATA_TYPE) = 'DATETIME' THEN 93 WHEN UPPER(DATA_TYPE) = 'YEAR' THEN 91 WHEN UPPER(DATA_TYPE) = 'VARCHAR' THEN 12 WHEN UPPER(DATA_TYPE) = 'VARBINARY' THEN -3 WHEN UPPER(DATA_TYPE) = 'BIT' THEN -7 WHEN UPPER(DATA_TYPE) = 'JSON' THEN -1 WHEN UPPER(DATA_TYPE) = 'ENUM' THEN 1 WHEN UPPER(DATA_TYPE) = 'SET' THEN 1 WHEN UPPER(DATA_TYPE) = 'TINYBLOB' THEN -3 WHEN UPPER(DATA_TYPE) = 'TINYTEXT' THEN 12 WHEN UPPER(DATA_TYPE) = 'MEDIUMBLOB' THEN -4 WHEN UPPER(DATA_TYPE) = 'MEDIUMTEXT' THEN -1 WHEN UPPER(DATA_TYPE) = 'LONGBLOB' THEN -4 WHEN UPPER(DATA_TYPE) = 'LONGTEXT' THEN -1 WHEN UPPER(DATA_TYPE) = 'BLOB' THEN -4 WHEN UPPER(DATA_TYPE) = 'TEXT' THEN -1 WHEN UPPER(DATA_TYPE) = 'CHAR' THEN 1 WHEN UPPER(DATA_TYPE) = 'BINARY' THEN -2 WHEN UPPER(DATA_TYPE) = 'GEOMETRY' THEN -2 WHEN UPPER(DATA_TYPE) = 'VECTOR' THEN -4 WHEN UPPER(DATA_TYPE) = 'UNKNOWN' THEN 1111 WHEN UPPER(DATA_TYPE) = 'POINT' THEN -2 WHEN UPPER(DATA_TYPE) = 'LINESTRING' THEN -2 WHEN UPPER(DATA_TYPE) = 'POLYGON' THEN -2 WHEN UPPER(DATA_TYPE) = 'MULTIPOINT' THEN -2 WHEN UPPER(DATA_TYPE) = 'MULTILINESTRING' THEN -2 WHEN UPPER(DATA_TYPE) = 'MULTIPOLYGON' THEN -2 WHEN UPPER(DATA_TYPE) = 'GEOMETRYCOLLECTION' THEN -2 WHEN UPPER(DATA_TYPE) = 'GEOMCOLLECTION' THEN -2 ELSE 1111 END AS DATA_TYPE, UPPER(CASE WHEN UPPER(DATA_TYPE) = 'TINYINT' THEN CASE WHEN LOCATE('ZEROFILL', UPPER(COLUMN_TYPE)) = 0 AND LOCATE('UNSIGNED', UPPER(COLUMN_TYPE)) = 0 AND LOCATE('(1)', COLUMN_TYPE) != 0 THEN 'BIT' WHEN LOCATE('UNSIGNED', UPPER(COLUMN_TYPE)) != 0 AND LOCATE('UNSIGNED', UPPER(DATA_TYPE)) = 0 THEN 'TINYINT UNSIGNED' ELSE DATA_TYPE END WHEN LOCATE('UNSIGNED', UPPER(COLUMN_TYPE)) != 0 AND LOCATE('UNSIGNED', UPPER(DATA_TYPE)) = 0 AND LOCATE('SET', UPPER(DATA_TYPE)) <> 1 AND LOCATE('ENUM', UPPER(DATA_TYPE)) <> 1 THEN CONCAT(DATA_TYPE, ' UNSIGNED') WHEN UPPER(DATA_TYPE) = 'POINT' THEN 'GEOMETRY' WHEN UPPER(DATA_TYPE) = 'LINESTRING' THEN 'GEOMETRY' WHEN UPPER(DATA_TYPE) = 'POLYGON' THEN 'GEOMETRY' WHEN UPPER(DATA_TYPE) = 'MULTIPOINT' THEN 'GEOMETRY' WHEN UPPER(DATA_TYPE) = 'MULTILINESTRING' THEN 'GEOMETRY' WHEN UPPER(DATA_TYPE) = 'MULTIPOLYGON' THEN 'GEOMETRY' WHEN UPPER(DATA_TYPE) = 'GEOMETRYCOLLECTION' THEN 'GEOMETRY' WHEN UPPER(DATA_TYPE) = 'GEOMCOLLECTION' THEN 'GEOMETRY' ELSE UPPER(DATA_TYPE) END) AS TYPE_NAME, UPPER(CASE WHEN UPPER(DATA_TYPE) = 'YEAR' THEN 4 WHEN UPPER(DATA_TYPE) = 'DATE' THEN 10 WHEN UPPER(DATA_TYPE) = 'DATETIME' OR UPPER(DATA_TYPE) = 'TIMESTAMP' THEN 19 + IF(DATETIME_PRECISION > 0, DATETIME_PRECISION + 1, DATETIME_PRECISION) WHEN UPPER(DATA_TYPE) = 'TIME' THEN 8 + IF(DATETIME_PRECISION > 0, DATETIME_PRECISION + 1, DATETIME_PRECISION) WHEN UPPER(DATA_TYPE) = 'TINYINT' AND LOCATE('ZEROFILL', UPPER(COLUMN_TYPE)) = 0 AND LOCATE('UNSIGNED', UPPER(COLUMN_TYPE)) = 0 AND LOCATE('(1)', COLUMN_TYPE) != 0 THEN 1 WHEN UPPER(DATA_TYPE) = 'MEDIUMINT' AND LOCATE('UNSIGNED', UPPER(COLUMN_TYPE)) != 0 THEN 8 WHEN UPPER(DATA_TYPE) = 'JSON' THEN 1073741824 WHEN UPPER(DATA_TYPE) = 'GEOMETRY' THEN 65535 WHEN UPPER(DATA_TYPE) = 'POINT' THEN 65535 WHEN UPPER(DATA_TYPE) = 'LINESTRING' THEN 65535 WHEN UPPER(DATA_TYPE) = 'POLYGON' THEN 65535 WHEN UPPER(DATA_TYPE) = 'MULTIPOINT' THEN 65535 WHEN UPPER(DATA_TYPE) = 'MULTILINESTRING' THEN 65535 WHEN UPPER(DATA_TYPE) = 'MULTIPOLYGON' THEN 65535 WHEN UPPER(DATA_TYPE) = 'GEOMETRYCOLLECTION' THEN 65535 WHEN UPPER(DATA_TYPE) = 'GEOMCOLLECTION' THEN 65535 WHEN CHARACTER_MAXIMUM_LENGTH IS NULL THEN NUMERIC_PRECISION WHEN CHARACTER_MAXIMUM_LENGTH > 2147483647 THEN 2147483647 ELSE CHARACTER_MAXIMUM_LENGTH END) AS COLUMN_SIZE, 65535 AS BUFFER_LENGTH, UPPER(CASE WHEN UPPER(DATA_TYPE) = 'DECIMAL' THEN NUMERIC_SCALE WHEN UPPER(DATA_TYPE) = 'FLOAT' OR UPPER(DATA_TYPE) = 'DOUBLE' THEN IF(NUMERIC_SCALE IS NULL, 0, NUMERIC_SCALE) ELSE NULL END) AS DECIMAL_DIGITS, 10 AS NUM_PREC_RADIX, CASE WHEN IS_NULLABLE COLLATE utf8mb3_general_ci= 'NO' THEN 0 ELSE CASE WHEN IS_NULLABLE COLLATE utf8mb3_general_ci= 'YES' THEN 1 ELSE 2 END END AS NULLABLE, COLUMN_COMMENT AS REMARKS, COLUMN_DEFAULT AS COLUMN_DEF, 0 AS SQL_DATA_TYPE, 0 AS SQL_DATETIME_SUB, CASE WHEN CHARACTER_OCTET_LENGTH > 2147483647 THEN 2147483647 ELSE CHARACTER_OCTET_LENGTH END AS CHAR_OCTET_LENGTH, ORDINAL_POSITION, IS_NULLABLE, NULL AS SCOPE_CATALOG, NULL AS SCOPE_SCHEMA, NULL AS SCOPE_TABLE, NULL AS SOURCE_DATA_TYPE, IF (EXTRA COLLATE utf8mb3_general_ci LIKE '%auto_increment%','YES','NO') AS IS_AUTOINCREMENT, IF (EXTRA COLLATE utf8mb3_general_ci LIKE  '%GENERATED%','YES','NO') AS IS_GENERATEDCOLUMN FROM INFORMATION_SCHEMA.COLUMNS WHERE TABLE_SCHEMA = 'spring_batch' AND COLUMN_NAME LIKE '%' ORDER BY TABLE_SCHEMA, TABLE_NAME, ORDINAL_POSITION
2026-01-17T04:58:26.084340Z	  167 Query	SET autocommit=0
2026-01-17T04:58:26.091515Z	  167 Query	SELECT JOB_INSTANCE_ID, JOB_NAME
FROM BATCH_JOB_INSTANCE
WHERE JOB_NAME = 'paymentReportJob'
 AND JOB_KEY = 'd41d8cd98f00b204e9800998ecf8427e'
2026-01-17T04:58:26.098527Z	  167 Query	COMMIT
2026-01-17T04:58:26.101177Z	  167 Query	SET autocommit=1
2026-01-17T04:58:26.104809Z	  167 Query	SELECT JOB_INSTANCE_ID, JOB_NAME
FROM BATCH_JOB_INSTANCE I1
WHERE I1.JOB_NAME = 'paymentReportJob' AND I1.JOB_INSTANCE_ID = (SELECT MAX(I2.JOB_INSTANCE_ID) FROM BATCH_JOB_INSTANCE I2 WHERE I2.JOB_NAME = 'paymentReportJob')
2026-01-17T04:58:26.107829Z	  167 Query	SELECT JOB_EXECUTION_ID, START_TIME, END_TIME, STATUS, EXIT_CODE, EXIT_MESSAGE, CREATE_TIME, LAST_UPDATED, VERSION
FROM BATCH_JOB_EXECUTION
 WHERE JOB_INSTANCE_ID = 12 AND JOB_EXECUTION_ID IN (SELECT MAX(JOB_EXECUTION_ID) FROM BATCH_JOB_EXECUTION E2 WHERE E2.JOB_INSTANCE_ID = 12)
2026-01-17T04:58:26.109926Z	  167 Query	SELECT JOB_EXECUTION_ID, PARAMETER_NAME, PARAMETER_TYPE, PARAMETER_VALUE, IDENTIFYING
FROM BATCH_JOB_EXECUTION_PARAMS
WHERE JOB_EXECUTION_ID = 12
2026-01-17T04:58:26.113187Z	  167 Query	SELECT JI.JOB_INSTANCE_ID, JOB_NAME, JOB_KEY, JI.VERSION
FROM BATCH_JOB_INSTANCE JI, BATCH_JOB_EXECUTION JE
WHERE JOB_EXECUTION_ID = 12 AND JI.JOB_INSTANCE_ID = JE.JOB_INSTANCE_ID
2026-01-17T04:58:26.115243Z	  167 Query	SELECT STEP_EXECUTION_ID, STEP_NAME, START_TIME, END_TIME, STATUS, COMMIT_COUNT, READ_COUNT, FILTER_COUNT, WRITE_COUNT, EXIT_CODE, EXIT_MESSAGE, READ_SKIP_COUNT, WRITE_SKIP_COUNT, PROCESS_SKIP_COUNT, ROLLBACK_COUNT, LAST_UPDATED, VERSION, CREATE_TIME
FROM BATCH_STEP_EXECUTION
 WHERE JOB_EXECUTION_ID = 12 ORDER BY STEP_EXECUTION_ID
2026-01-17T04:58:26.117316Z	  167 Query	SELECT SHORT_CONTEXT, SERIALIZED_CONTEXT
FROM BATCH_JOB_EXECUTION_CONTEXT
WHERE JOB_EXECUTION_ID = 12
2026-01-17T04:58:26.119731Z	  167 Query	SELECT SHORT_CONTEXT, SERIALIZED_CONTEXT
FROM BATCH_STEP_EXECUTION_CONTEXT
WHERE STEP_EXECUTION_ID = 12
2026-01-17T04:58:26.121759Z	  167 Query	SELECT @@session.transaction_isolation
2026-01-17T04:58:26.123005Z	  167 Query	SET SESSION TRANSACTION ISOLATION LEVEL SERIALIZABLE
2026-01-17T04:58:26.124081Z	  167 Query	SET autocommit=0
2026-01-17T04:58:26.126262Z	  167 Query	SELECT JOB_INSTANCE_ID, JOB_NAME
FROM BATCH_JOB_INSTANCE
WHERE JOB_NAME = 'paymentReportJob'
 AND JOB_KEY = '5861b62114f8abfeda11caf57fd4c086'
2026-01-17T04:58:26.127505Z	  167 Query	COMMIT
2026-01-17T04:58:26.128570Z	  167 Query	SET autocommit=1
2026-01-17T04:58:26.129692Z	  167 Query	SET SESSION TRANSACTION ISOLATION LEVEL REPEATABLE READ
2026-01-17T04:58:26.131382Z	  167 Query	SELECT @@session.transaction_isolation
2026-01-17T04:58:26.132486Z	  167 Query	SET SESSION TRANSACTION ISOLATION LEVEL SERIALIZABLE
2026-01-17T04:58:26.133466Z	  167 Query	SET autocommit=0
2026-01-17T04:58:26.134699Z	  167 Query	SELECT JOB_INSTANCE_ID, JOB_NAME
FROM BATCH_JOB_INSTANCE
WHERE JOB_NAME = 'paymentReportJob'
 AND JOB_KEY = '5861b62114f8abfeda11caf57fd4c086'
2026-01-17T04:58:26.135912Z	  167 Query	SELECT JOB_INSTANCE_ID, JOB_NAME
FROM BATCH_JOB_INSTANCE
WHERE JOB_NAME = 'paymentReportJob'
 AND JOB_KEY = '5861b62114f8abfeda11caf57fd4c086'
2026-01-17T04:58:26.137470Z	  168 Query	SET autocommit=0
2026-01-17T04:58:26.139872Z	  168 Query	update BATCH_JOB_SEQ set ID = last_insert_id(ID + 1) limit 1
2026-01-17T04:58:26.141416Z	  168 Query	select last_insert_id()
2026-01-17T04:58:26.142548Z	  168 Query	COMMIT
2026-01-17T04:58:26.144815Z	  168 Query	SET autocommit=1
2026-01-17T04:58:26.146786Z	  167 Query	INSERT INTO BATCH_JOB_INSTANCE(JOB_INSTANCE_ID, JOB_NAME, JOB_KEY, VERSION)
	VALUES (13, 'paymentReportJob', '5861b62114f8abfeda11caf57fd4c086', 0)
2026-01-17T04:58:26.148097Z	  168 Query	SET autocommit=0
2026-01-17T04:58:26.149236Z	  168 Query	update BATCH_JOB_EXECUTION_SEQ set ID = last_insert_id(ID + 1) limit 1
2026-01-17T04:58:26.150386Z	  168 Query	select last_insert_id()
2026-01-17T04:58:26.151434Z	  168 Query	COMMIT
2026-01-17T04:58:26.153466Z	  168 Query	SET autocommit=1
2026-01-17T04:58:26.159297Z	  167 Query	INSERT INTO BATCH_JOB_EXECUTION(JOB_EXECUTION_ID, JOB_INSTANCE_ID, START_TIME, END_TIME, STATUS, EXIT_CODE, EXIT_MESSAGE, VERSION, CREATE_TIME, LAST_UPDATED)
	VALUES (13, 13, null, null, 'STARTING', 'UNKNOWN', '', 0, '2026-01-17 13:58:26.147889', '2026-01-17 13:58:26.147907')
2026-01-17T04:58:26.161869Z	  167 Query	SELECT @@session.transaction_read_only
2026-01-17T04:58:26.163048Z	  167 Query	INSERT INTO BATCH_JOB_EXECUTION_PARAMS(JOB_EXECUTION_ID, PARAMETER_NAME, PARAMETER_TYPE, PARAMETER_VALUE, IDENTIFYING)
	VALUES (13, 'run.id', 'java.lang.Long', '10', 'Y')
2026-01-17T04:58:26.164340Z	  167 Query	INSERT INTO BATCH_JOB_EXECUTION_PARAMS(JOB_EXECUTION_ID, PARAMETER_NAME, PARAMETER_TYPE, PARAMETER_VALUE, IDENTIFYING)
	VALUES (13, '-job.name', 'java.lang.String', 'paymentReportJob', 'Y')
2026-01-17T04:58:26.166236Z	  167 Query	INSERT INTO BATCH_JOB_EXECUTION_CONTEXT (SHORT_CONTEXT, SERIALIZED_CONTEXT, JOB_EXECUTION_ID)
	VALUES('rO0ABXNyABFqYXZhLnV0aWwuSGFzaE1hcAUH2sHDFmDRAwACRgAKbG9hZEZhY3RvckkACXRocmVzaG9sZHhwP0AAAAAAAAB3CAAAABAAAAAAeA==', null, 13)
2026-01-17T04:58:26.167391Z	  167 Query	COMMIT
2026-01-17T04:58:26.169192Z	  167 Query	SET autocommit=1
2026-01-17T04:58:26.170343Z	  167 Query	SET SESSION TRANSACTION ISOLATION LEVEL REPEATABLE READ
2026-01-17T04:58:26.175719Z	  167 Query	SET autocommit=0
2026-01-17T04:58:26.177338Z	  167 Query	SELECT VERSION
FROM BATCH_JOB_EXECUTION
WHERE JOB_EXECUTION_ID=13
2026-01-17T04:58:26.179170Z	  167 Query	SELECT COUNT(*)
FROM BATCH_JOB_EXECUTION
WHERE JOB_EXECUTION_ID = 13
2026-01-17T04:58:26.180904Z	  167 Query	UPDATE BATCH_JOB_EXECUTION
SET START_TIME = '2026-01-17 13:58:26.175365', END_TIME = null,  STATUS = 'STARTED', EXIT_CODE = 'UNKNOWN', EXIT_MESSAGE = '', VERSION = VERSION + 1, CREATE_TIME = '2026-01-17 13:58:26.147889', LAST_UPDATED = '2026-01-17 13:58:26.176778'
WHERE JOB_EXECUTION_ID = 13 AND VERSION = 0
2026-01-17T04:58:26.182217Z	  167 Query	COMMIT
2026-01-17T04:58:26.185018Z	  167 Query	SET autocommit=1
2026-01-17T04:58:26.186162Z	  167 Query	SET autocommit=0
2026-01-17T04:58:26.187645Z	  167 Query	SELECT SE.STEP_EXECUTION_ID, SE.STEP_NAME, SE.START_TIME, SE.END_TIME, SE.STATUS, SE.COMMIT_COUNT, SE.READ_COUNT, SE.FILTER_COUNT, SE.WRITE_COUNT, SE.EXIT_CODE, SE.EXIT_MESSAGE, SE.READ_SKIP_COUNT, SE.WRITE_SKIP_COUNT, SE.PROCESS_SKIP_COUNT, SE.ROLLBACK_COUNT, SE.LAST_UPDATED, SE.VERSION, SE.CREATE_TIME, JE.JOB_EXECUTION_ID, JE.START_TIME, JE.END_TIME, JE.STATUS, JE.EXIT_CODE, JE.EXIT_MESSAGE, JE.CREATE_TIME, JE.LAST_UPDATED, JE.VERSION
FROM BATCH_JOB_EXECUTION JE
	JOIN BATCH_STEP_EXECUTION SE ON SE.JOB_EXECUTION_ID = JE.JOB_EXECUTION_ID
WHERE JE.JOB_INSTANCE_ID = 13 AND SE.STEP_NAME = 'paymentReportStep'
2026-01-17T04:58:26.189610Z	  167 Query	COMMIT
2026-01-17T04:58:26.190639Z	  167 Query	SET autocommit=1
2026-01-17T04:58:26.191729Z	  167 Query	SET autocommit=0
2026-01-17T04:58:26.192918Z	  167 Query	SELECT COUNT(*)
FROM BATCH_JOB_EXECUTION JE
	JOIN BATCH_STEP_EXECUTION SE ON SE.JOB_EXECUTION_ID = JE.JOB_EXECUTION_ID
WHERE JE.JOB_INSTANCE_ID = 13 AND SE.STEP_NAME = 'paymentReportStep'
2026-01-17T04:58:26.194238Z	  167 Query	COMMIT
2026-01-17T04:58:26.195417Z	  167 Query	SET autocommit=1
2026-01-17T04:58:26.196587Z	  167 Query	SET autocommit=0
2026-01-17T04:58:26.197672Z	  168 Query	SET autocommit=0
2026-01-17T04:58:26.198759Z	  168 Query	update BATCH_STEP_EXECUTION_SEQ set ID = last_insert_id(ID + 1) limit 1
2026-01-17T04:58:26.200064Z	  168 Query	select last_insert_id()
2026-01-17T04:58:26.201125Z	  168 Query	COMMIT
2026-01-17T04:58:26.203411Z	  168 Query	SET autocommit=1
2026-01-17T04:58:26.204804Z	  167 Query	INSERT INTO BATCH_STEP_EXECUTION(STEP_EXECUTION_ID, VERSION, STEP_NAME, JOB_EXECUTION_ID, START_TIME, END_TIME, STATUS, COMMIT_COUNT, READ_COUNT, FILTER_COUNT, WRITE_COUNT, EXIT_CODE, EXIT_MESSAGE, READ_SKIP_COUNT, WRITE_SKIP_COUNT, PROCESS_SKIP_COUNT, ROLLBACK_COUNT, LAST_UPDATED, CREATE_TIME)
	VALUES (13, 0, 'paymentReportStep', 13, null, null, 'STARTING', 0, 0, 0, 0, 'EXECUTING', '', 0, 0, 0, 0, '2026-01-17 13:58:26.197569', '2026-01-17 13:58:26.196441')
2026-01-17T04:58:26.206334Z	  167 Query	INSERT INTO BATCH_STEP_EXECUTION_CONTEXT (SHORT_CONTEXT, SERIALIZED_CONTEXT, STEP_EXECUTION_ID)
	VALUES('rO0ABXNyABFqYXZhLnV0aWwuSGFzaE1hcAUH2sHDFmDRAwACRgAKbG9hZEZhY3RvckkACXRocmVzaG9sZHhwP0AAAAAAAAB3CAAAABAAAAAAeA==', null, 13)
2026-01-17T04:58:26.207704Z	  167 Query	COMMIT
2026-01-17T04:58:26.210288Z	  167 Query	SET autocommit=1
2026-01-17T04:58:26.212231Z	  167 Query	SET autocommit=0
2026-01-17T04:58:26.213819Z	  167 Query	UPDATE BATCH_STEP_EXECUTION
SET START_TIME = '2026-01-17 13:58:26.211584', END_TIME = null, STATUS = 'STARTED', COMMIT_COUNT = 0, READ_COUNT = 0, FILTER_COUNT = 0, WRITE_COUNT = 0, EXIT_CODE = 'EXECUTING', EXIT_MESSAGE = '', VERSION = VERSION + 1, READ_SKIP_COUNT = 0, PROCESS_SKIP_COUNT = 0, WRITE_SKIP_COUNT = 0, ROLLBACK_COUNT = 0, LAST_UPDATED = '2026-01-17 13:58:26.213343'
WHERE STEP_EXECUTION_ID = 13 AND VERSION = 0
2026-01-17T04:58:26.215125Z	  167 Query	SELECT VERSION
FROM BATCH_JOB_EXECUTION
WHERE JOB_EXECUTION_ID=13
2026-01-17T04:58:26.216295Z	  167 Query	COMMIT
2026-01-17T04:58:26.218742Z	  167 Query	SET autocommit=1
2026-01-17T04:58:26.221365Z	  167 Query	SET autocommit=0
2026-01-17T04:58:26.222710Z	  167 Query	UPDATE BATCH_STEP_EXECUTION_CONTEXT
SET SHORT_CONTEXT = 'rO0ABXNyABFqYXZhLnV0aWwuSGFzaE1hcAUH2sHDFmDRAwACRgAKbG9hZEZhY3RvckkACXRocmVzaG9sZHhwP0AAAAAAAAx3CAAAABAAAAAEdAAecGF5bWVudFJlcG9ydFJlYWRlci5yZWFkLmNvdW50c3IAEWphdmEubGFuZy5JbnRlZ2VyEuKgpPeBhzgCAAFJAAV2YWx1ZXhyABBqYXZhLmxhbmcuTnVtYmVyhqyVHQuU4IsCAAB4cAAAAAB0ABFiYXRjaC50YXNrbGV0VHlwZXQAPW9yZy5zcHJpbmdmcmFtZXdvcmsuYmF0Y2guY29yZS5zdGVwLml0ZW0uQ2h1bmtPcmllbnRlZFRhc2tsZXR0AA1iYXRjaC52ZXJzaW9udAAFNS4yLjR0AA5iYXRjaC5zdGVwVHlwZXQAN29yZy5zcHJpbmdmcmFtZXdvcmsuYmF0Y2guY29yZS5zdGVwLnRhc2tsZXQuVGFza2xldFN0ZXB4', SERIALIZED_CONTEXT = null
WHERE STEP_EXECUTION_ID = 13
2026-01-17T04:58:26.223884Z	  167 Query	COMMIT
2026-01-17T04:58:26.226539Z	  167 Query	SET autocommit=1
2026-01-17T04:58:26.228778Z	  167 Query	SET autocommit=0
2026-01-17T04:58:26.230460Z	  168 Query	SET autocommit=0
2026-01-17T04:58:26.338379Z	  168 Query	select ps1_0.id,ps1_0.discount_amount,ps1_0.final_amount,ps1_0.original_amount,ps1_0.partner_corp_name,ps1_0.payment_date from payment_source ps1_0 limit 0,10
2026-01-17T04:58:26.360090Z	  168 Query	COMMIT
2026-01-17T04:58:26.361452Z	  168 Query	SET autocommit=1
2026-01-17T04:58:26.365625Z	  167 Query	UPDATE BATCH_STEP_EXECUTION_CONTEXT
SET SHORT_CONTEXT = 'rO0ABXNyABFqYXZhLnV0aWwuSGFzaE1hcAUH2sHDFmDRAwACRgAKbG9hZEZhY3RvckkACXRocmVzaG9sZHhwP0AAAAAAAAx3CAAAABAAAAAEdAAecGF5bWVudFJlcG9ydFJlYWRlci5yZWFkLmNvdW50c3IAEWphdmEubGFuZy5JbnRlZ2VyEuKgpPeBhzgCAAFJAAV2YWx1ZXhyABBqYXZhLmxhbmcuTnVtYmVyhqyVHQuU4IsCAAB4cAAAAAp0ABFiYXRjaC50YXNrbGV0VHlwZXQAPW9yZy5zcHJpbmdmcmFtZXdvcmsuYmF0Y2guY29yZS5zdGVwLml0ZW0uQ2h1bmtPcmllbnRlZFRhc2tsZXR0AA1iYXRjaC52ZXJzaW9udAAFNS4yLjR0AA5iYXRjaC5zdGVwVHlwZXQAN29yZy5zcHJpbmdmcmFtZXdvcmsuYmF0Y2guY29yZS5zdGVwLnRhc2tsZXQuVGFza2xldFN0ZXB4', SERIALIZED_CONTEXT = null
WHERE STEP_EXECUTION_ID = 13
2026-01-17T04:58:26.368057Z	  167 Query	UPDATE BATCH_STEP_EXECUTION
SET START_TIME = '2026-01-17 13:58:26.211584', END_TIME = null, STATUS = 'STARTED', COMMIT_COUNT = 1, READ_COUNT = 10, FILTER_COUNT = 0, WRITE_COUNT = 10, EXIT_CODE = 'EXECUTING', EXIT_MESSAGE = '', VERSION = VERSION + 1, READ_SKIP_COUNT = 0, PROCESS_SKIP_COUNT = 0, WRITE_SKIP_COUNT = 0, ROLLBACK_COUNT = 0, LAST_UPDATED = '2026-01-17 13:58:26.367441'
WHERE STEP_EXECUTION_ID = 13 AND VERSION = 1
2026-01-17T04:58:26.369493Z	  167 Query	SELECT VERSION
FROM BATCH_JOB_EXECUTION
WHERE JOB_EXECUTION_ID=13
2026-01-17T04:58:26.370798Z	  167 Query	COMMIT
2026-01-17T04:58:26.373410Z	  167 Query	SET autocommit=1
2026-01-17T04:58:26.374585Z	  167 Query	SET autocommit=0
2026-01-17T04:58:26.375830Z	  168 Query	SET autocommit=0
2026-01-17T04:58:26.378097Z	  168 Query	select ps1_0.id,ps1_0.discount_amount,ps1_0.final_amount,ps1_0.original_amount,ps1_0.partner_corp_name,ps1_0.payment_date from payment_source ps1_0 limit 10,10
2026-01-17T04:58:26.380747Z	  168 Query	COMMIT
2026-01-17T04:58:26.382025Z	  168 Query	SET autocommit=1
2026-01-17T04:58:26.384528Z	  167 Query	UPDATE BATCH_STEP_EXECUTION_CONTEXT
SET SHORT_CONTEXT = 'rO0ABXNyABFqYXZhLnV0aWwuSGFzaE1hcAUH2sHDFmDRAwACRgAKbG9hZEZhY3RvckkACXRocmVzaG9sZHhwP0AAAAAAAAx3CAAAABAAAAAEdAAecGF5bWVudFJlcG9ydFJlYWRlci5yZWFkLmNvdW50c3IAEWphdmEubGFuZy5JbnRlZ2VyEuKgpPeBhzgCAAFJAAV2YWx1ZXhyABBqYXZhLmxhbmcuTnVtYmVyhqyVHQuU4IsCAAB4cAAAABR0ABFiYXRjaC50YXNrbGV0VHlwZXQAPW9yZy5zcHJpbmdmcmFtZXdvcmsuYmF0Y2guY29yZS5zdGVwLml0ZW0uQ2h1bmtPcmllbnRlZFRhc2tsZXR0AA1iYXRjaC52ZXJzaW9udAAFNS4yLjR0AA5iYXRjaC5zdGVwVHlwZXQAN29yZy5zcHJpbmdmcmFtZXdvcmsuYmF0Y2guY29yZS5zdGVwLnRhc2tsZXQuVGFza2xldFN0ZXB4', SERIALIZED_CONTEXT = null
WHERE STEP_EXECUTION_ID = 13
2026-01-17T04:58:26.386284Z	  167 Query	UPDATE BATCH_STEP_EXECUTION
SET START_TIME = '2026-01-17 13:58:26.211584', END_TIME = null, STATUS = 'STARTED', COMMIT_COUNT = 2, READ_COUNT = 20, FILTER_COUNT = 0, WRITE_COUNT = 20, EXIT_CODE = 'EXECUTING', EXIT_MESSAGE = '', VERSION = VERSION + 1, READ_SKIP_COUNT = 0, PROCESS_SKIP_COUNT = 0, WRITE_SKIP_COUNT = 0, ROLLBACK_COUNT = 0, LAST_UPDATED = '2026-01-17 13:58:26.385846'
WHERE STEP_EXECUTION_ID = 13 AND VERSION = 2
2026-01-17T04:58:26.387752Z	  167 Query	SELECT VERSION
FROM BATCH_JOB_EXECUTION
WHERE JOB_EXECUTION_ID=13
2026-01-17T04:58:26.389250Z	  167 Query	COMMIT
2026-01-17T04:58:26.392148Z	  167 Query	SET autocommit=1
2026-01-17T04:58:26.393489Z	  167 Query	SET autocommit=0
2026-01-17T04:58:26.394610Z	  168 Query	SET autocommit=0
2026-01-17T04:58:26.396576Z	  168 Query	select ps1_0.id,ps1_0.discount_amount,ps1_0.final_amount,ps1_0.original_amount,ps1_0.partner_corp_name,ps1_0.payment_date from payment_source ps1_0 limit 20,10
2026-01-17T04:58:26.399278Z	  168 Query	COMMIT
2026-01-17T04:58:26.400454Z	  168 Query	SET autocommit=1
2026-01-17T04:58:26.402847Z	  167 Query	UPDATE BATCH_STEP_EXECUTION_CONTEXT
SET SHORT_CONTEXT = 'rO0ABXNyABFqYXZhLnV0aWwuSGFzaE1hcAUH2sHDFmDRAwACRgAKbG9hZEZhY3RvckkACXRocmVzaG9sZHhwP0AAAAAAAAx3CAAAABAAAAAEdAAecGF5bWVudFJlcG9ydFJlYWRlci5yZWFkLmNvdW50c3IAEWphdmEubGFuZy5JbnRlZ2VyEuKgpPeBhzgCAAFJAAV2YWx1ZXhyABBqYXZhLmxhbmcuTnVtYmVyhqyVHQuU4IsCAAB4cAAAAB50ABFiYXRjaC50YXNrbGV0VHlwZXQAPW9yZy5zcHJpbmdmcmFtZXdvcmsuYmF0Y2guY29yZS5zdGVwLml0ZW0uQ2h1bmtPcmllbnRlZFRhc2tsZXR0AA1iYXRjaC52ZXJzaW9udAAFNS4yLjR0AA5iYXRjaC5zdGVwVHlwZXQAN29yZy5zcHJpbmdmcmFtZXdvcmsuYmF0Y2guY29yZS5zdGVwLnRhc2tsZXQuVGFza2xldFN0ZXB4', SERIALIZED_CONTEXT = null
WHERE STEP_EXECUTION_ID = 13
2026-01-17T04:58:26.405003Z	  167 Query	UPDATE BATCH_STEP_EXECUTION
SET START_TIME = '2026-01-17 13:58:26.211584', END_TIME = null, STATUS = 'STARTED', COMMIT_COUNT = 3, READ_COUNT = 30, FILTER_COUNT = 0, WRITE_COUNT = 30, EXIT_CODE = 'EXECUTING', EXIT_MESSAGE = '', VERSION = VERSION + 1, READ_SKIP_COUNT = 0, PROCESS_SKIP_COUNT = 0, WRITE_SKIP_COUNT = 0, ROLLBACK_COUNT = 0, LAST_UPDATED = '2026-01-17 13:58:26.404294'
WHERE STEP_EXECUTION_ID = 13 AND VERSION = 3
2026-01-17T04:58:26.406922Z	  167 Query	SELECT VERSION
FROM BATCH_JOB_EXECUTION
WHERE JOB_EXECUTION_ID=13
2026-01-17T04:58:26.408168Z	  167 Query	COMMIT
2026-01-17T04:58:26.410434Z	  167 Query	SET autocommit=1
2026-01-17T04:58:26.411841Z	  167 Query	SET autocommit=0
2026-01-17T04:58:26.413185Z	  168 Query	SET autocommit=0
2026-01-17T04:58:26.415190Z	  168 Query	select ps1_0.id,ps1_0.discount_amount,ps1_0.final_amount,ps1_0.original_amount,ps1_0.partner_corp_name,ps1_0.payment_date from payment_source ps1_0 limit 30,10
2026-01-17T04:58:26.417858Z	  168 Query	COMMIT
2026-01-17T04:58:26.419007Z	  168 Query	SET autocommit=1
2026-01-17T04:58:26.421422Z	  167 Query	UPDATE BATCH_STEP_EXECUTION_CONTEXT
SET SHORT_CONTEXT = 'rO0ABXNyABFqYXZhLnV0aWwuSGFzaE1hcAUH2sHDFmDRAwACRgAKbG9hZEZhY3RvckkACXRocmVzaG9sZHhwP0AAAAAAAAx3CAAAABAAAAAEdAAecGF5bWVudFJlcG9ydFJlYWRlci5yZWFkLmNvdW50c3IAEWphdmEubGFuZy5JbnRlZ2VyEuKgpPeBhzgCAAFJAAV2YWx1ZXhyABBqYXZhLmxhbmcuTnVtYmVyhqyVHQuU4IsCAAB4cAAAACh0ABFiYXRjaC50YXNrbGV0VHlwZXQAPW9yZy5zcHJpbmdmcmFtZXdvcmsuYmF0Y2guY29yZS5zdGVwLml0ZW0uQ2h1bmtPcmllbnRlZFRhc2tsZXR0AA1iYXRjaC52ZXJzaW9udAAFNS4yLjR0AA5iYXRjaC5zdGVwVHlwZXQAN29yZy5zcHJpbmdmcmFtZXdvcmsuYmF0Y2guY29yZS5zdGVwLnRhc2tsZXQuVGFza2xldFN0ZXB4', SERIALIZED_CONTEXT = null
WHERE STEP_EXECUTION_ID = 13
2026-01-17T04:58:26.423242Z	  167 Query	UPDATE BATCH_STEP_EXECUTION
SET START_TIME = '2026-01-17 13:58:26.211584', END_TIME = null, STATUS = 'STARTED', COMMIT_COUNT = 4, READ_COUNT = 40, FILTER_COUNT = 0, WRITE_COUNT = 40, EXIT_CODE = 'EXECUTING', EXIT_MESSAGE = '', VERSION = VERSION + 1, READ_SKIP_COUNT = 0, PROCESS_SKIP_COUNT = 0, WRITE_SKIP_COUNT = 0, ROLLBACK_COUNT = 0, LAST_UPDATED = '2026-01-17 13:58:26.422795'
WHERE STEP_EXECUTION_ID = 13 AND VERSION = 4
2026-01-17T04:58:26.424715Z	  167 Query	SELECT VERSION
FROM BATCH_JOB_EXECUTION
WHERE JOB_EXECUTION_ID=13
2026-01-17T04:58:26.426008Z	  167 Query	COMMIT
2026-01-17T04:58:26.428690Z	  167 Query	SET autocommit=1
2026-01-17T04:58:26.430230Z	  167 Query	SET autocommit=0
2026-01-17T04:58:26.431461Z	  168 Query	SET autocommit=0
2026-01-17T04:58:26.433300Z	  168 Query	select ps1_0.id,ps1_0.discount_amount,ps1_0.final_amount,ps1_0.original_amount,ps1_0.partner_corp_name,ps1_0.payment_date from payment_source ps1_0 limit 40,10
2026-01-17T04:58:26.434768Z	  168 Query	COMMIT
2026-01-17T04:58:26.435870Z	  168 Query	SET autocommit=1
2026-01-17T04:58:26.437350Z	  167 Query	UPDATE BATCH_STEP_EXECUTION_CONTEXT
SET SHORT_CONTEXT = 'rO0ABXNyABFqYXZhLnV0aWwuSGFzaE1hcAUH2sHDFmDRAwACRgAKbG9hZEZhY3RvckkACXRocmVzaG9sZHhwP0AAAAAAAAx3CAAAABAAAAAEdAAecGF5bWVudFJlcG9ydFJlYWRlci5yZWFkLmNvdW50c3IAEWphdmEubGFuZy5JbnRlZ2VyEuKgpPeBhzgCAAFJAAV2YWx1ZXhyABBqYXZhLmxhbmcuTnVtYmVyhqyVHQuU4IsCAAB4cAAAACl0ABFiYXRjaC50YXNrbGV0VHlwZXQAPW9yZy5zcHJpbmdmcmFtZXdvcmsuYmF0Y2guY29yZS5zdGVwLml0ZW0uQ2h1bmtPcmllbnRlZFRhc2tsZXR0AA1iYXRjaC52ZXJzaW9udAAFNS4yLjR0AA5iYXRjaC5zdGVwVHlwZXQAN29yZy5zcHJpbmdmcmFtZXdvcmsuYmF0Y2guY29yZS5zdGVwLnRhc2tsZXQuVGFza2xldFN0ZXB4', SERIALIZED_CONTEXT = null
WHERE STEP_EXECUTION_ID = 13
2026-01-17T04:58:26.439587Z	  167 Query	UPDATE BATCH_STEP_EXECUTION
SET START_TIME = '2026-01-17 13:58:26.211584', END_TIME = null, STATUS = 'STARTED', COMMIT_COUNT = 5, READ_COUNT = 40, FILTER_COUNT = 0, WRITE_COUNT = 40, EXIT_CODE = 'EXECUTING', EXIT_MESSAGE = '', VERSION = VERSION + 1, READ_SKIP_COUNT = 0, PROCESS_SKIP_COUNT = 0, WRITE_SKIP_COUNT = 0, ROLLBACK_COUNT = 0, LAST_UPDATED = '2026-01-17 13:58:26.438641'
WHERE STEP_EXECUTION_ID = 13 AND VERSION = 5
2026-01-17T04:58:26.441046Z	  167 Query	SELECT VERSION
FROM BATCH_JOB_EXECUTION
WHERE JOB_EXECUTION_ID=13
2026-01-17T04:58:26.442440Z	  167 Query	COMMIT
2026-01-17T04:58:26.445694Z	  167 Query	SET autocommit=1
2026-01-17T04:58:26.447869Z	  167 Query	SET autocommit=0
2026-01-17T04:58:26.449329Z	  167 Query	UPDATE BATCH_STEP_EXECUTION_CONTEXT
SET SHORT_CONTEXT = 'rO0ABXNyABFqYXZhLnV0aWwuSGFzaE1hcAUH2sHDFmDRAwACRgAKbG9hZEZhY3RvckkACXRocmVzaG9sZHhwP0AAAAAAAAx3CAAAABAAAAAEdAAecGF5bWVudFJlcG9ydFJlYWRlci5yZWFkLmNvdW50c3IAEWphdmEubGFuZy5JbnRlZ2VyEuKgpPeBhzgCAAFJAAV2YWx1ZXhyABBqYXZhLmxhbmcuTnVtYmVyhqyVHQuU4IsCAAB4cAAAACl0ABFiYXRjaC50YXNrbGV0VHlwZXQAPW9yZy5zcHJpbmdmcmFtZXdvcmsuYmF0Y2guY29yZS5zdGVwLml0ZW0uQ2h1bmtPcmllbnRlZFRhc2tsZXR0AA1iYXRjaC52ZXJzaW9udAAFNS4yLjR0AA5iYXRjaC5zdGVwVHlwZXQAN29yZy5zcHJpbmdmcmFtZXdvcmsuYmF0Y2guY29yZS5zdGVwLnRhc2tsZXQuVGFza2xldFN0ZXB4', SERIALIZED_CONTEXT = null
WHERE STEP_EXECUTION_ID = 13
2026-01-17T04:58:26.451201Z	  167 Query	COMMIT
2026-01-17T04:58:26.452522Z	  167 Query	SET autocommit=1
2026-01-17T04:58:26.453916Z	  167 Query	SET autocommit=0
2026-01-17T04:58:26.455680Z	  167 Query	UPDATE BATCH_STEP_EXECUTION
SET START_TIME = '2026-01-17 13:58:26.211584', END_TIME = '2026-01-17 13:58:26.447194', STATUS = 'COMPLETED', COMMIT_COUNT = 5, READ_COUNT = 40, FILTER_COUNT = 0, WRITE_COUNT = 40, EXIT_CODE = 'COMPLETED', EXIT_MESSAGE = '', VERSION = VERSION + 1, READ_SKIP_COUNT = 0, PROCESS_SKIP_COUNT = 0, WRITE_SKIP_COUNT = 0, ROLLBACK_COUNT = 0, LAST_UPDATED = '2026-01-17 13:58:26.455116'
WHERE STEP_EXECUTION_ID = 13 AND VERSION = 6
2026-01-17T04:58:26.457070Z	  167 Query	SELECT VERSION
FROM BATCH_JOB_EXECUTION
WHERE JOB_EXECUTION_ID=13
2026-01-17T04:58:26.458588Z	  167 Query	COMMIT
2026-01-17T04:58:26.461252Z	  167 Query	SET autocommit=1
2026-01-17T04:58:26.462671Z	  168 Query	SET autocommit=0
2026-01-17T04:58:26.464164Z	  168 Query	UPDATE BATCH_JOB_EXECUTION_CONTEXT
SET SHORT_CONTEXT = 'rO0ABXNyABFqYXZhLnV0aWwuSGFzaE1hcAUH2sHDFmDRAwACRgAKbG9hZEZhY3RvckkACXRocmVzaG9sZHhwP0AAAAAAAAx3CAAAABAAAAABdAANYmF0Y2gudmVyc2lvbnQABTUuMi40eA==', SERIALIZED_CONTEXT = null
WHERE JOB_EXECUTION_ID = 13
2026-01-17T04:58:26.465451Z	  168 Query	COMMIT
2026-01-17T04:58:26.467704Z	  168 Query	SET autocommit=1
2026-01-17T04:58:26.469216Z	  168 Query	SET autocommit=0
2026-01-17T04:58:26.470349Z	  168 Query	SELECT VERSION
FROM BATCH_JOB_EXECUTION
WHERE JOB_EXECUTION_ID=13
2026-01-17T04:58:26.471685Z	  168 Query	SELECT COUNT(*)
FROM BATCH_JOB_EXECUTION
WHERE JOB_EXECUTION_ID = 13
2026-01-17T04:58:26.473392Z	  168 Query	UPDATE BATCH_JOB_EXECUTION
SET START_TIME = '2026-01-17 13:58:26.175365', END_TIME = '2026-01-17 13:58:26.469058',  STATUS = 'COMPLETED', EXIT_CODE = 'COMPLETED', EXIT_MESSAGE = '', VERSION = VERSION + 1, CREATE_TIME = '2026-01-17 13:58:26.147889', LAST_UPDATED = '2026-01-17 13:58:26.470149'
WHERE JOB_EXECUTION_ID = 13 AND VERSION = 1
2026-01-17T04:58:26.474834Z	  168 Query	COMMIT
2026-01-17T04:58:26.477674Z	  168 Query	SET autocommit=1
2026-01-17T04:58:26.486378Z	  167 Quit	
2026-01-17T04:58:26.487483Z	  168 Quit	
2026-01-17T04:58:26.487687Z	  173 Quit	
2026-01-17T04:58:26.487689Z	  175 Quit	
2026-01-17T04:58:26.487701Z	  172 Quit	
2026-01-17T04:58:26.487721Z	  174 Quit	
2026-01-17T04:58:26.487729Z	  169 Quit	
2026-01-17T04:58:26.487735Z	  171 Quit	
2026-01-17T04:58:26.487746Z	  176 Quit	
2026-01-17T04:58:26.487754Z	  170 Quit	
2026-01-17T05:03:57.721859Z	  177 Connect	root@172.24.0.1 on spring_batch using TCP/IP
2026-01-17T05:03:57.730932Z	  177 Query	/* mysql-connector-j-9.5.0 (Revision: a7b3c94f50efbddb9f0dd69b3e0d1aaa25305cd6) */SELECT  @@session.auto_increment_increment AS auto_increment_increment, @@character_set_client AS character_set_client, @@character_set_connection AS character_set_connection, @@character_set_results AS character_set_results, @@character_set_server AS character_set_server, @@collation_server AS collation_server, @@collation_connection AS collation_connection, @@init_connect AS init_connect, @@interactive_timeout AS interactive_timeout, @@license AS license, @@lower_case_table_names AS lower_case_table_names, @@max_allowed_packet AS max_allowed_packet, @@net_write_timeout AS net_write_timeout, @@performance_schema AS performance_schema, @@sql_mode AS sql_mode, @@system_time_zone AS system_time_zone, @@time_zone AS time_zone, @@transaction_isolation AS transaction_isolation, @@wait_timeout AS wait_timeout
2026-01-17T05:03:57.741427Z	  177 Query	SET character_set_results = NULL
2026-01-17T05:03:57.743587Z	  177 Query	SET autocommit=1
2026-01-17T05:03:57.746833Z	  177 Query	SELECT @@session.transaction_read_only
2026-01-17T05:03:57.748882Z	  177 Query	SELECT @@session.transaction_isolation
2026-01-17T05:03:57.856159Z	  178 Connect	root@172.24.0.1 on spring_batch using TCP/IP
2026-01-17T05:03:57.860727Z	  178 Query	/* mysql-connector-j-9.5.0 (Revision: a7b3c94f50efbddb9f0dd69b3e0d1aaa25305cd6) */SELECT  @@session.auto_increment_increment AS auto_increment_increment, @@character_set_client AS character_set_client, @@character_set_connection AS character_set_connection, @@character_set_results AS character_set_results, @@character_set_server AS character_set_server, @@collation_server AS collation_server, @@collation_connection AS collation_connection, @@init_connect AS init_connect, @@interactive_timeout AS interactive_timeout, @@license AS license, @@lower_case_table_names AS lower_case_table_names, @@max_allowed_packet AS max_allowed_packet, @@net_write_timeout AS net_write_timeout, @@performance_schema AS performance_schema, @@sql_mode AS sql_mode, @@system_time_zone AS system_time_zone, @@time_zone AS time_zone, @@transaction_isolation AS transaction_isolation, @@wait_timeout AS wait_timeout
2026-01-17T05:03:57.864220Z	  178 Query	SET character_set_results = NULL
2026-01-17T05:03:57.868965Z	  178 Query	SET autocommit=1
2026-01-17T05:03:57.871015Z	  178 Query	SELECT @@session.transaction_read_only
2026-01-17T05:03:57.909800Z	  179 Connect	root@172.24.0.1 on spring_batch using TCP/IP
2026-01-17T05:03:57.911211Z	  179 Query	/* mysql-connector-j-9.5.0 (Revision: a7b3c94f50efbddb9f0dd69b3e0d1aaa25305cd6) */SELECT  @@session.auto_increment_increment AS auto_increment_increment, @@character_set_client AS character_set_client, @@character_set_connection AS character_set_connection, @@character_set_results AS character_set_results, @@character_set_server AS character_set_server, @@collation_server AS collation_server, @@collation_connection AS collation_connection, @@init_connect AS init_connect, @@interactive_timeout AS interactive_timeout, @@license AS license, @@lower_case_table_names AS lower_case_table_names, @@max_allowed_packet AS max_allowed_packet, @@net_write_timeout AS net_write_timeout, @@performance_schema AS performance_schema, @@sql_mode AS sql_mode, @@system_time_zone AS system_time_zone, @@time_zone AS time_zone, @@transaction_isolation AS transaction_isolation, @@wait_timeout AS wait_timeout
2026-01-17T05:03:57.912673Z	  179 Query	SET character_set_results = NULL
2026-01-17T05:03:57.913869Z	  179 Query	SET autocommit=1
2026-01-17T05:03:57.915096Z	  179 Query	SELECT @@session.transaction_read_only
2026-01-17T05:03:57.925881Z	  177 Query	SELECT WORD FROM INFORMATION_SCHEMA.KEYWORDS WHERE RESERVED = 1 ORDER BY WORD
2026-01-17T05:03:57.951469Z	  177 Query	SELECT @@character_set_database, @@sql_mode
2026-01-17T05:03:57.955076Z	  180 Connect	root@172.24.0.1 on spring_batch using TCP/IP
2026-01-17T05:03:57.956621Z	  180 Query	/* mysql-connector-j-9.5.0 (Revision: a7b3c94f50efbddb9f0dd69b3e0d1aaa25305cd6) */SELECT  @@session.auto_increment_increment AS auto_increment_increment, @@character_set_client AS character_set_client, @@character_set_connection AS character_set_connection, @@character_set_results AS character_set_results, @@character_set_server AS character_set_server, @@collation_server AS collation_server, @@collation_connection AS collation_connection, @@init_connect AS init_connect, @@interactive_timeout AS interactive_timeout, @@license AS license, @@lower_case_table_names AS lower_case_table_names, @@max_allowed_packet AS max_allowed_packet, @@net_write_timeout AS net_write_timeout, @@performance_schema AS performance_schema, @@sql_mode AS sql_mode, @@system_time_zone AS system_time_zone, @@time_zone AS time_zone, @@transaction_isolation AS transaction_isolation, @@wait_timeout AS wait_timeout
2026-01-17T05:03:57.958153Z	  180 Query	SET character_set_results = NULL
2026-01-17T05:03:57.959537Z	  180 Query	SET autocommit=1
2026-01-17T05:03:57.961351Z	  180 Query	SELECT @@session.transaction_read_only
2026-01-17T05:03:57.996604Z	  181 Connect	root@172.24.0.1 on spring_batch using TCP/IP
2026-01-17T05:03:58.002030Z	  181 Query	/* mysql-connector-j-9.5.0 (Revision: a7b3c94f50efbddb9f0dd69b3e0d1aaa25305cd6) */SELECT  @@session.auto_increment_increment AS auto_increment_increment, @@character_set_client AS character_set_client, @@character_set_connection AS character_set_connection, @@character_set_results AS character_set_results, @@character_set_server AS character_set_server, @@collation_server AS collation_server, @@collation_connection AS collation_connection, @@init_connect AS init_connect, @@interactive_timeout AS interactive_timeout, @@license AS license, @@lower_case_table_names AS lower_case_table_names, @@max_allowed_packet AS max_allowed_packet, @@net_write_timeout AS net_write_timeout, @@performance_schema AS performance_schema, @@sql_mode AS sql_mode, @@system_time_zone AS system_time_zone, @@time_zone AS time_zone, @@transaction_isolation AS transaction_isolation, @@wait_timeout AS wait_timeout
2026-01-17T05:03:58.004002Z	  181 Query	SET character_set_results = NULL
2026-01-17T05:03:58.005365Z	  181 Query	SET autocommit=1
2026-01-17T05:03:58.006718Z	  181 Query	SELECT @@session.transaction_read_only
2026-01-17T05:03:58.049289Z	  182 Connect	root@172.24.0.1 on spring_batch using TCP/IP
2026-01-17T05:03:58.052630Z	  182 Query	/* mysql-connector-j-9.5.0 (Revision: a7b3c94f50efbddb9f0dd69b3e0d1aaa25305cd6) */SELECT  @@session.auto_increment_increment AS auto_increment_increment, @@character_set_client AS character_set_client, @@character_set_connection AS character_set_connection, @@character_set_results AS character_set_results, @@character_set_server AS character_set_server, @@collation_server AS collation_server, @@collation_connection AS collation_connection, @@init_connect AS init_connect, @@interactive_timeout AS interactive_timeout, @@license AS license, @@lower_case_table_names AS lower_case_table_names, @@max_allowed_packet AS max_allowed_packet, @@net_write_timeout AS net_write_timeout, @@performance_schema AS performance_schema, @@sql_mode AS sql_mode, @@system_time_zone AS system_time_zone, @@time_zone AS time_zone, @@transaction_isolation AS transaction_isolation, @@wait_timeout AS wait_timeout
2026-01-17T05:03:58.054543Z	  182 Query	SET character_set_results = NULL
2026-01-17T05:03:58.056010Z	  182 Query	SET autocommit=1
2026-01-17T05:03:58.057538Z	  182 Query	SELECT @@session.transaction_read_only
2026-01-17T05:03:58.097035Z	  183 Connect	root@172.24.0.1 on spring_batch using TCP/IP
2026-01-17T05:03:58.101354Z	  183 Query	/* mysql-connector-j-9.5.0 (Revision: a7b3c94f50efbddb9f0dd69b3e0d1aaa25305cd6) */SELECT  @@session.auto_increment_increment AS auto_increment_increment, @@character_set_client AS character_set_client, @@character_set_connection AS character_set_connection, @@character_set_results AS character_set_results, @@character_set_server AS character_set_server, @@collation_server AS collation_server, @@collation_connection AS collation_connection, @@init_connect AS init_connect, @@interactive_timeout AS interactive_timeout, @@license AS license, @@lower_case_table_names AS lower_case_table_names, @@max_allowed_packet AS max_allowed_packet, @@net_write_timeout AS net_write_timeout, @@performance_schema AS performance_schema, @@sql_mode AS sql_mode, @@system_time_zone AS system_time_zone, @@time_zone AS time_zone, @@transaction_isolation AS transaction_isolation, @@wait_timeout AS wait_timeout
2026-01-17T05:03:58.104304Z	  183 Query	SET character_set_results = NULL
2026-01-17T05:03:58.105767Z	  183 Query	SET autocommit=1
2026-01-17T05:03:58.107113Z	  183 Query	SELECT @@session.transaction_read_only
2026-01-17T05:03:58.148169Z	  184 Connect	root@172.24.0.1 on spring_batch using TCP/IP
2026-01-17T05:03:58.154448Z	  184 Query	/* mysql-connector-j-9.5.0 (Revision: a7b3c94f50efbddb9f0dd69b3e0d1aaa25305cd6) */SELECT  @@session.auto_increment_increment AS auto_increment_increment, @@character_set_client AS character_set_client, @@character_set_connection AS character_set_connection, @@character_set_results AS character_set_results, @@character_set_server AS character_set_server, @@collation_server AS collation_server, @@collation_connection AS collation_connection, @@init_connect AS init_connect, @@interactive_timeout AS interactive_timeout, @@license AS license, @@lower_case_table_names AS lower_case_table_names, @@max_allowed_packet AS max_allowed_packet, @@net_write_timeout AS net_write_timeout, @@performance_schema AS performance_schema, @@sql_mode AS sql_mode, @@system_time_zone AS system_time_zone, @@time_zone AS time_zone, @@transaction_isolation AS transaction_isolation, @@wait_timeout AS wait_timeout
2026-01-17T05:03:58.156816Z	  184 Query	SET character_set_results = NULL
2026-01-17T05:03:58.157959Z	  184 Query	SET autocommit=1
2026-01-17T05:03:58.159116Z	  184 Query	SELECT @@session.transaction_read_only
2026-01-17T05:03:58.199239Z	  185 Connect	root@172.24.0.1 on spring_batch using TCP/IP
2026-01-17T05:03:58.205441Z	  185 Query	/* mysql-connector-j-9.5.0 (Revision: a7b3c94f50efbddb9f0dd69b3e0d1aaa25305cd6) */SELECT  @@session.auto_increment_increment AS auto_increment_increment, @@character_set_client AS character_set_client, @@character_set_connection AS character_set_connection, @@character_set_results AS character_set_results, @@character_set_server AS character_set_server, @@collation_server AS collation_server, @@collation_connection AS collation_connection, @@init_connect AS init_connect, @@interactive_timeout AS interactive_timeout, @@license AS license, @@lower_case_table_names AS lower_case_table_names, @@max_allowed_packet AS max_allowed_packet, @@net_write_timeout AS net_write_timeout, @@performance_schema AS performance_schema, @@sql_mode AS sql_mode, @@system_time_zone AS system_time_zone, @@time_zone AS time_zone, @@transaction_isolation AS transaction_isolation, @@wait_timeout AS wait_timeout
2026-01-17T05:03:58.208232Z	  185 Query	SET character_set_results = NULL
2026-01-17T05:03:58.212528Z	  185 Query	SET autocommit=1
2026-01-17T05:03:58.214661Z	  185 Query	SELECT @@session.transaction_read_only
2026-01-17T05:03:58.252843Z	  186 Connect	root@172.24.0.1 on spring_batch using TCP/IP
2026-01-17T05:03:58.255328Z	  186 Query	/* mysql-connector-j-9.5.0 (Revision: a7b3c94f50efbddb9f0dd69b3e0d1aaa25305cd6) */SELECT  @@session.auto_increment_increment AS auto_increment_increment, @@character_set_client AS character_set_client, @@character_set_connection AS character_set_connection, @@character_set_results AS character_set_results, @@character_set_server AS character_set_server, @@collation_server AS collation_server, @@collation_connection AS collation_connection, @@init_connect AS init_connect, @@interactive_timeout AS interactive_timeout, @@license AS license, @@lower_case_table_names AS lower_case_table_names, @@max_allowed_packet AS max_allowed_packet, @@net_write_timeout AS net_write_timeout, @@performance_schema AS performance_schema, @@sql_mode AS sql_mode, @@system_time_zone AS system_time_zone, @@time_zone AS time_zone, @@transaction_isolation AS transaction_isolation, @@wait_timeout AS wait_timeout
2026-01-17T05:03:58.257576Z	  186 Query	SET character_set_results = NULL
2026-01-17T05:03:58.259040Z	  186 Query	SET autocommit=1
2026-01-17T05:03:58.260312Z	  186 Query	SELECT @@session.transaction_read_only
2026-01-17T05:03:58.299414Z	  177 Query	SELECT TABLE_SCHEMA AS TABLE_CAT, NULL AS TABLE_SCHEM, TABLE_NAME, CASE WHEN TABLE_TYPE = 'BASE TABLE' THEN CASE WHEN TABLE_SCHEMA = 'mysql' OR TABLE_SCHEMA = 'performance_schema' OR TABLE_SCHEMA = 'sys' THEN 'SYSTEM TABLE' ELSE 'TABLE' END WHEN TABLE_TYPE = 'TEMPORARY' THEN 'LOCAL_TEMPORARY' ELSE TABLE_TYPE END AS TABLE_TYPE, TABLE_COMMENT AS REMARKS, NULL AS TYPE_CAT, NULL AS TYPE_SCHEM, NULL AS TYPE_NAME, NULL AS SELF_REFERENCING_COL_NAME, NULL AS REF_GENERATION FROM INFORMATION_SCHEMA.TABLES WHERE TABLE_SCHEMA = 'spring_batch' AND TABLE_NAME LIKE '%' HAVING TABLE_TYPE IN ('TABLE','VIEW',null,null,null) ORDER BY TABLE_TYPE, TABLE_SCHEMA, TABLE_NAME
2026-01-17T05:03:58.309010Z	  177 Query	SELECT DEFAULT_COLLATION_NAME FROM INFORMATION_SCHEMA.SCHEMATA WHERE SCHEMA_NAME = 'information_schema'
2026-01-17T05:03:58.314900Z	  177 Query	SELECT TABLE_SCHEMA, NULL, TABLE_NAME, COLUMN_NAME, CASE WHEN UPPER(DATA_TYPE) = 'DECIMAL' THEN 3 WHEN UPPER(DATA_TYPE) = 'DECIMAL UNSIGNED' THEN 3 WHEN UPPER(DATA_TYPE) = 'TINYINT' THEN IF(LOCATE('ZEROFILL', UPPER(COLUMN_TYPE)) = 0 AND LOCATE('UNSIGNED', UPPER(COLUMN_TYPE)) = 0 AND LOCATE('(1)', COLUMN_TYPE) != 0, -7, -6) WHEN UPPER(DATA_TYPE) = 'TINYINT UNSIGNED' THEN IF(LOCATE('ZEROFILL', UPPER(COLUMN_TYPE)) = 0 AND LOCATE('UNSIGNED', UPPER(COLUMN_TYPE)) = 0 AND LOCATE('(1)', COLUMN_TYPE) != 0, -7, -6) WHEN UPPER(DATA_TYPE) = 'BOOLEAN' THEN 16 WHEN UPPER(DATA_TYPE) = 'SMALLINT' THEN 5 WHEN UPPER(DATA_TYPE) = 'SMALLINT UNSIGNED' THEN 5 WHEN UPPER(DATA_TYPE) = 'INT' THEN 4 WHEN UPPER(DATA_TYPE) = 'INT UNSIGNED' THEN 4 WHEN UPPER(DATA_TYPE) = 'FLOAT' THEN 7 WHEN UPPER(DATA_TYPE) = 'FLOAT UNSIGNED' THEN 7 WHEN UPPER(DATA_TYPE) = 'DOUBLE' THEN 8 WHEN UPPER(DATA_TYPE) = 'DOUBLE UNSIGNED' THEN 8 WHEN UPPER(DATA_TYPE) = 'NULL' THEN 0 WHEN UPPER(DATA_TYPE) = 'TIMESTAMP' THEN 93 WHEN UPPER(DATA_TYPE) = 'BIGINT' THEN -5 WHEN UPPER(DATA_TYPE) = 'BIGINT UNSIGNED' THEN -5 WHEN UPPER(DATA_TYPE) = 'MEDIUMINT' THEN 4 WHEN UPPER(DATA_TYPE) = 'MEDIUMINT UNSIGNED' THEN 4 WHEN UPPER(DATA_TYPE) = 'DATE' THEN 91 WHEN UPPER(DATA_TYPE) = 'TIME' THEN 92 WHEN UPPER(DATA_TYPE) = 'DATETIME' THEN 93 WHEN UPPER(DATA_TYPE) = 'YEAR' THEN 91 WHEN UPPER(DATA_TYPE) = 'VARCHAR' THEN 12 WHEN UPPER(DATA_TYPE) = 'VARBINARY' THEN -3 WHEN UPPER(DATA_TYPE) = 'BIT' THEN -7 WHEN UPPER(DATA_TYPE) = 'JSON' THEN -1 WHEN UPPER(DATA_TYPE) = 'ENUM' THEN 1 WHEN UPPER(DATA_TYPE) = 'SET' THEN 1 WHEN UPPER(DATA_TYPE) = 'TINYBLOB' THEN -3 WHEN UPPER(DATA_TYPE) = 'TINYTEXT' THEN 12 WHEN UPPER(DATA_TYPE) = 'MEDIUMBLOB' THEN -4 WHEN UPPER(DATA_TYPE) = 'MEDIUMTEXT' THEN -1 WHEN UPPER(DATA_TYPE) = 'LONGBLOB' THEN -4 WHEN UPPER(DATA_TYPE) = 'LONGTEXT' THEN -1 WHEN UPPER(DATA_TYPE) = 'BLOB' THEN -4 WHEN UPPER(DATA_TYPE) = 'TEXT' THEN -1 WHEN UPPER(DATA_TYPE) = 'CHAR' THEN 1 WHEN UPPER(DATA_TYPE) = 'BINARY' THEN -2 WHEN UPPER(DATA_TYPE) = 'GEOMETRY' THEN -2 WHEN UPPER(DATA_TYPE) = 'VECTOR' THEN -4 WHEN UPPER(DATA_TYPE) = 'UNKNOWN' THEN 1111 WHEN UPPER(DATA_TYPE) = 'POINT' THEN -2 WHEN UPPER(DATA_TYPE) = 'LINESTRING' THEN -2 WHEN UPPER(DATA_TYPE) = 'POLYGON' THEN -2 WHEN UPPER(DATA_TYPE) = 'MULTIPOINT' THEN -2 WHEN UPPER(DATA_TYPE) = 'MULTILINESTRING' THEN -2 WHEN UPPER(DATA_TYPE) = 'MULTIPOLYGON' THEN -2 WHEN UPPER(DATA_TYPE) = 'GEOMETRYCOLLECTION' THEN -2 WHEN UPPER(DATA_TYPE) = 'GEOMCOLLECTION' THEN -2 ELSE 1111 END AS DATA_TYPE, UPPER(CASE WHEN UPPER(DATA_TYPE) = 'TINYINT' THEN CASE WHEN LOCATE('ZEROFILL', UPPER(COLUMN_TYPE)) = 0 AND LOCATE('UNSIGNED', UPPER(COLUMN_TYPE)) = 0 AND LOCATE('(1)', COLUMN_TYPE) != 0 THEN 'BIT' WHEN LOCATE('UNSIGNED', UPPER(COLUMN_TYPE)) != 0 AND LOCATE('UNSIGNED', UPPER(DATA_TYPE)) = 0 THEN 'TINYINT UNSIGNED' ELSE DATA_TYPE END WHEN LOCATE('UNSIGNED', UPPER(COLUMN_TYPE)) != 0 AND LOCATE('UNSIGNED', UPPER(DATA_TYPE)) = 0 AND LOCATE('SET', UPPER(DATA_TYPE)) <> 1 AND LOCATE('ENUM', UPPER(DATA_TYPE)) <> 1 THEN CONCAT(DATA_TYPE, ' UNSIGNED') WHEN UPPER(DATA_TYPE) = 'POINT' THEN 'GEOMETRY' WHEN UPPER(DATA_TYPE) = 'LINESTRING' THEN 'GEOMETRY' WHEN UPPER(DATA_TYPE) = 'POLYGON' THEN 'GEOMETRY' WHEN UPPER(DATA_TYPE) = 'MULTIPOINT' THEN 'GEOMETRY' WHEN UPPER(DATA_TYPE) = 'MULTILINESTRING' THEN 'GEOMETRY' WHEN UPPER(DATA_TYPE) = 'MULTIPOLYGON' THEN 'GEOMETRY' WHEN UPPER(DATA_TYPE) = 'GEOMETRYCOLLECTION' THEN 'GEOMETRY' WHEN UPPER(DATA_TYPE) = 'GEOMCOLLECTION' THEN 'GEOMETRY' ELSE UPPER(DATA_TYPE) END) AS TYPE_NAME, UPPER(CASE WHEN UPPER(DATA_TYPE) = 'YEAR' THEN 4 WHEN UPPER(DATA_TYPE) = 'DATE' THEN 10 WHEN UPPER(DATA_TYPE) = 'DATETIME' OR UPPER(DATA_TYPE) = 'TIMESTAMP' THEN 19 + IF(DATETIME_PRECISION > 0, DATETIME_PRECISION + 1, DATETIME_PRECISION) WHEN UPPER(DATA_TYPE) = 'TIME' THEN 8 + IF(DATETIME_PRECISION > 0, DATETIME_PRECISION + 1, DATETIME_PRECISION) WHEN UPPER(DATA_TYPE) = 'TINYINT' AND LOCATE('ZEROFILL', UPPER(COLUMN_TYPE)) = 0 AND LOCATE('UNSIGNED', UPPER(COLUMN_TYPE)) = 0 AND LOCATE('(1)', COLUMN_TYPE) != 0 THEN 1 WHEN UPPER(DATA_TYPE) = 'MEDIUMINT' AND LOCATE('UNSIGNED', UPPER(COLUMN_TYPE)) != 0 THEN 8 WHEN UPPER(DATA_TYPE) = 'JSON' THEN 1073741824 WHEN UPPER(DATA_TYPE) = 'GEOMETRY' THEN 65535 WHEN UPPER(DATA_TYPE) = 'POINT' THEN 65535 WHEN UPPER(DATA_TYPE) = 'LINESTRING' THEN 65535 WHEN UPPER(DATA_TYPE) = 'POLYGON' THEN 65535 WHEN UPPER(DATA_TYPE) = 'MULTIPOINT' THEN 65535 WHEN UPPER(DATA_TYPE) = 'MULTILINESTRING' THEN 65535 WHEN UPPER(DATA_TYPE) = 'MULTIPOLYGON' THEN 65535 WHEN UPPER(DATA_TYPE) = 'GEOMETRYCOLLECTION' THEN 65535 WHEN UPPER(DATA_TYPE) = 'GEOMCOLLECTION' THEN 65535 WHEN CHARACTER_MAXIMUM_LENGTH IS NULL THEN NUMERIC_PRECISION WHEN CHARACTER_MAXIMUM_LENGTH > 2147483647 THEN 2147483647 ELSE CHARACTER_MAXIMUM_LENGTH END) AS COLUMN_SIZE, 65535 AS BUFFER_LENGTH, UPPER(CASE WHEN UPPER(DATA_TYPE) = 'DECIMAL' THEN NUMERIC_SCALE WHEN UPPER(DATA_TYPE) = 'FLOAT' OR UPPER(DATA_TYPE) = 'DOUBLE' THEN IF(NUMERIC_SCALE IS NULL, 0, NUMERIC_SCALE) ELSE NULL END) AS DECIMAL_DIGITS, 10 AS NUM_PREC_RADIX, CASE WHEN IS_NULLABLE COLLATE utf8mb3_general_ci= 'NO' THEN 0 ELSE CASE WHEN IS_NULLABLE COLLATE utf8mb3_general_ci= 'YES' THEN 1 ELSE 2 END END AS NULLABLE, COLUMN_COMMENT AS REMARKS, COLUMN_DEFAULT AS COLUMN_DEF, 0 AS SQL_DATA_TYPE, 0 AS SQL_DATETIME_SUB, CASE WHEN CHARACTER_OCTET_LENGTH > 2147483647 THEN 2147483647 ELSE CHARACTER_OCTET_LENGTH END AS CHAR_OCTET_LENGTH, ORDINAL_POSITION, IS_NULLABLE, NULL AS SCOPE_CATALOG, NULL AS SCOPE_SCHEMA, NULL AS SCOPE_TABLE, NULL AS SOURCE_DATA_TYPE, IF (EXTRA COLLATE utf8mb3_general_ci LIKE '%auto_increment%','YES','NO') AS IS_AUTOINCREMENT, IF (EXTRA COLLATE utf8mb3_general_ci LIKE  '%GENERATED%','YES','NO') AS IS_GENERATEDCOLUMN FROM INFORMATION_SCHEMA.COLUMNS WHERE TABLE_SCHEMA = 'spring_batch' AND COLUMN_NAME LIKE '%' ORDER BY TABLE_SCHEMA, TABLE_NAME, ORDINAL_POSITION
2026-01-17T05:03:58.505923Z	  177 Query	SET autocommit=0
2026-01-17T05:03:58.513503Z	  177 Query	SELECT JOB_INSTANCE_ID, JOB_NAME
FROM BATCH_JOB_INSTANCE
WHERE JOB_NAME = 'paymentReportJob'
 AND JOB_KEY = '6159d2f242e348f98d4a2efc813c83ea'
2026-01-17T05:03:58.519537Z	  177 Query	COMMIT
2026-01-17T05:03:58.522179Z	  177 Query	SET autocommit=1
2026-01-17T05:03:58.525759Z	  177 Query	SELECT JOB_INSTANCE_ID, JOB_NAME
FROM BATCH_JOB_INSTANCE I1
WHERE I1.JOB_NAME = 'paymentReportJob' AND I1.JOB_INSTANCE_ID = (SELECT MAX(I2.JOB_INSTANCE_ID) FROM BATCH_JOB_INSTANCE I2 WHERE I2.JOB_NAME = 'paymentReportJob')
2026-01-17T05:03:58.530977Z	  177 Query	SELECT JOB_EXECUTION_ID, START_TIME, END_TIME, STATUS, EXIT_CODE, EXIT_MESSAGE, CREATE_TIME, LAST_UPDATED, VERSION
FROM BATCH_JOB_EXECUTION
 WHERE JOB_INSTANCE_ID = 13 AND JOB_EXECUTION_ID IN (SELECT MAX(JOB_EXECUTION_ID) FROM BATCH_JOB_EXECUTION E2 WHERE E2.JOB_INSTANCE_ID = 13)
2026-01-17T05:03:58.536248Z	  177 Query	SELECT JOB_EXECUTION_ID, PARAMETER_NAME, PARAMETER_TYPE, PARAMETER_VALUE, IDENTIFYING
FROM BATCH_JOB_EXECUTION_PARAMS
WHERE JOB_EXECUTION_ID = 13
2026-01-17T05:03:58.539361Z	  177 Query	SELECT JI.JOB_INSTANCE_ID, JOB_NAME, JOB_KEY, JI.VERSION
FROM BATCH_JOB_INSTANCE JI, BATCH_JOB_EXECUTION JE
WHERE JOB_EXECUTION_ID = 13 AND JI.JOB_INSTANCE_ID = JE.JOB_INSTANCE_ID
2026-01-17T05:03:58.541145Z	  177 Query	SELECT STEP_EXECUTION_ID, STEP_NAME, START_TIME, END_TIME, STATUS, COMMIT_COUNT, READ_COUNT, FILTER_COUNT, WRITE_COUNT, EXIT_CODE, EXIT_MESSAGE, READ_SKIP_COUNT, WRITE_SKIP_COUNT, PROCESS_SKIP_COUNT, ROLLBACK_COUNT, LAST_UPDATED, VERSION, CREATE_TIME
FROM BATCH_STEP_EXECUTION
 WHERE JOB_EXECUTION_ID = 13 ORDER BY STEP_EXECUTION_ID
2026-01-17T05:03:58.543016Z	  177 Query	SELECT SHORT_CONTEXT, SERIALIZED_CONTEXT
FROM BATCH_JOB_EXECUTION_CONTEXT
WHERE JOB_EXECUTION_ID = 13
2026-01-17T05:03:58.545086Z	  177 Query	SELECT SHORT_CONTEXT, SERIALIZED_CONTEXT
FROM BATCH_STEP_EXECUTION_CONTEXT
WHERE STEP_EXECUTION_ID = 13
2026-01-17T05:03:58.547008Z	  177 Query	SELECT @@session.transaction_isolation
2026-01-17T05:03:58.548225Z	  177 Query	SET SESSION TRANSACTION ISOLATION LEVEL SERIALIZABLE
2026-01-17T05:03:58.549509Z	  177 Query	SET autocommit=0
2026-01-17T05:03:58.550727Z	  177 Query	SELECT JOB_INSTANCE_ID, JOB_NAME
FROM BATCH_JOB_INSTANCE
WHERE JOB_NAME = 'paymentReportJob'
 AND JOB_KEY = '22405922645f75fb4c85c209b0771b09'
2026-01-17T05:03:58.551866Z	  177 Query	COMMIT
2026-01-17T05:03:58.552856Z	  177 Query	SET autocommit=1
2026-01-17T05:03:58.553914Z	  177 Query	SET SESSION TRANSACTION ISOLATION LEVEL REPEATABLE READ
2026-01-17T05:03:58.555082Z	  177 Query	SELECT @@session.transaction_isolation
2026-01-17T05:03:58.556118Z	  177 Query	SET SESSION TRANSACTION ISOLATION LEVEL SERIALIZABLE
2026-01-17T05:03:58.556968Z	  177 Query	SET autocommit=0
2026-01-17T05:03:58.558032Z	  177 Query	SELECT JOB_INSTANCE_ID, JOB_NAME
FROM BATCH_JOB_INSTANCE
WHERE JOB_NAME = 'paymentReportJob'
 AND JOB_KEY = '22405922645f75fb4c85c209b0771b09'
2026-01-17T05:03:58.559222Z	  177 Query	SELECT JOB_INSTANCE_ID, JOB_NAME
FROM BATCH_JOB_INSTANCE
WHERE JOB_NAME = 'paymentReportJob'
 AND JOB_KEY = '22405922645f75fb4c85c209b0771b09'
2026-01-17T05:03:58.560746Z	  178 Query	SET autocommit=0
2026-01-17T05:03:58.562972Z	  178 Query	update BATCH_JOB_SEQ set ID = last_insert_id(ID + 1) limit 1
2026-01-17T05:03:58.564088Z	  178 Query	select last_insert_id()
2026-01-17T05:03:58.565021Z	  178 Query	COMMIT
2026-01-17T05:03:58.567100Z	  178 Query	SET autocommit=1
2026-01-17T05:03:58.568962Z	  177 Query	INSERT INTO BATCH_JOB_INSTANCE(JOB_INSTANCE_ID, JOB_NAME, JOB_KEY, VERSION)
	VALUES (14, 'paymentReportJob', '22405922645f75fb4c85c209b0771b09', 0)
2026-01-17T05:03:58.570120Z	  178 Query	SET autocommit=0
2026-01-17T05:03:58.571156Z	  178 Query	update BATCH_JOB_EXECUTION_SEQ set ID = last_insert_id(ID + 1) limit 1
2026-01-17T05:03:58.572207Z	  178 Query	select last_insert_id()
2026-01-17T05:03:58.573247Z	  178 Query	COMMIT
2026-01-17T05:03:58.575206Z	  178 Query	SET autocommit=1
2026-01-17T05:03:58.580944Z	  177 Query	INSERT INTO BATCH_JOB_EXECUTION(JOB_EXECUTION_ID, JOB_INSTANCE_ID, START_TIME, END_TIME, STATUS, EXIT_CODE, EXIT_MESSAGE, VERSION, CREATE_TIME, LAST_UPDATED)
	VALUES (14, 14, null, null, 'STARTING', 'UNKNOWN', '', 0, '2026-01-17 14:03:58.569632', '2026-01-17 14:03:58.569646')
2026-01-17T05:03:58.583520Z	  177 Query	SELECT @@session.transaction_read_only
2026-01-17T05:03:58.584658Z	  177 Query	INSERT INTO BATCH_JOB_EXECUTION_PARAMS(JOB_EXECUTION_ID, PARAMETER_NAME, PARAMETER_TYPE, PARAMETER_VALUE, IDENTIFYING)
	VALUES (14, 'paymentDate', 'java.lang.String', '2025-05-02', 'Y')
2026-01-17T05:03:58.585976Z	  177 Query	INSERT INTO BATCH_JOB_EXECUTION_PARAMS(JOB_EXECUTION_ID, PARAMETER_NAME, PARAMETER_TYPE, PARAMETER_VALUE, IDENTIFYING)
	VALUES (14, 'run.id', 'java.lang.Long', '11', 'Y')
2026-01-17T05:03:58.587303Z	  177 Query	INSERT INTO BATCH_JOB_EXECUTION_PARAMS(JOB_EXECUTION_ID, PARAMETER_NAME, PARAMETER_TYPE, PARAMETER_VALUE, IDENTIFYING)
	VALUES (14, '-job.name', 'java.lang.String', 'paymentReportJob', 'Y')
2026-01-17T05:03:58.589164Z	  177 Query	INSERT INTO BATCH_JOB_EXECUTION_CONTEXT (SHORT_CONTEXT, SERIALIZED_CONTEXT, JOB_EXECUTION_ID)
	VALUES('rO0ABXNyABFqYXZhLnV0aWwuSGFzaE1hcAUH2sHDFmDRAwACRgAKbG9hZEZhY3RvckkACXRocmVzaG9sZHhwP0AAAAAAAAB3CAAAABAAAAAAeA==', null, 14)
2026-01-17T05:03:58.590566Z	  177 Query	COMMIT
2026-01-17T05:03:58.593237Z	  177 Query	SET autocommit=1
2026-01-17T05:03:58.594171Z	  177 Query	SET SESSION TRANSACTION ISOLATION LEVEL REPEATABLE READ
2026-01-17T05:03:58.599631Z	  177 Query	SET autocommit=0
2026-01-17T05:03:58.601092Z	  177 Query	SELECT VERSION
FROM BATCH_JOB_EXECUTION
WHERE JOB_EXECUTION_ID=14
2026-01-17T05:03:58.602816Z	  177 Query	SELECT COUNT(*)
FROM BATCH_JOB_EXECUTION
WHERE JOB_EXECUTION_ID = 14
2026-01-17T05:03:58.604426Z	  177 Query	UPDATE BATCH_JOB_EXECUTION
SET START_TIME = '2026-01-17 14:03:58.598926', END_TIME = null,  STATUS = 'STARTED', EXIT_CODE = 'UNKNOWN', EXIT_MESSAGE = '', VERSION = VERSION + 1, CREATE_TIME = '2026-01-17 14:03:58.569632', LAST_UPDATED = '2026-01-17 14:03:58.600237'
WHERE JOB_EXECUTION_ID = 14 AND VERSION = 0
2026-01-17T05:03:58.605977Z	  177 Query	COMMIT
2026-01-17T05:03:58.608293Z	  177 Query	SET autocommit=1
2026-01-17T05:03:58.609506Z	  177 Query	SET autocommit=0
2026-01-17T05:03:58.610962Z	  177 Query	SELECT SE.STEP_EXECUTION_ID, SE.STEP_NAME, SE.START_TIME, SE.END_TIME, SE.STATUS, SE.COMMIT_COUNT, SE.READ_COUNT, SE.FILTER_COUNT, SE.WRITE_COUNT, SE.EXIT_CODE, SE.EXIT_MESSAGE, SE.READ_SKIP_COUNT, SE.WRITE_SKIP_COUNT, SE.PROCESS_SKIP_COUNT, SE.ROLLBACK_COUNT, SE.LAST_UPDATED, SE.VERSION, SE.CREATE_TIME, JE.JOB_EXECUTION_ID, JE.START_TIME, JE.END_TIME, JE.STATUS, JE.EXIT_CODE, JE.EXIT_MESSAGE, JE.CREATE_TIME, JE.LAST_UPDATED, JE.VERSION
FROM BATCH_JOB_EXECUTION JE
	JOIN BATCH_STEP_EXECUTION SE ON SE.JOB_EXECUTION_ID = JE.JOB_EXECUTION_ID
WHERE JE.JOB_INSTANCE_ID = 14 AND SE.STEP_NAME = 'paymentReportStep'
2026-01-17T05:03:58.612278Z	  177 Query	COMMIT
2026-01-17T05:03:58.613283Z	  177 Query	SET autocommit=1
2026-01-17T05:03:58.614448Z	  177 Query	SET autocommit=0
2026-01-17T05:03:58.615692Z	  177 Query	SELECT COUNT(*)
FROM BATCH_JOB_EXECUTION JE
	JOIN BATCH_STEP_EXECUTION SE ON SE.JOB_EXECUTION_ID = JE.JOB_EXECUTION_ID
WHERE JE.JOB_INSTANCE_ID = 14 AND SE.STEP_NAME = 'paymentReportStep'
2026-01-17T05:03:58.616916Z	  177 Query	COMMIT
2026-01-17T05:03:58.617917Z	  177 Query	SET autocommit=1
2026-01-17T05:03:58.619056Z	  177 Query	SET autocommit=0
2026-01-17T05:03:58.620217Z	  178 Query	SET autocommit=0
2026-01-17T05:03:58.621418Z	  178 Query	update BATCH_STEP_EXECUTION_SEQ set ID = last_insert_id(ID + 1) limit 1
2026-01-17T05:03:58.622655Z	  178 Query	select last_insert_id()
2026-01-17T05:03:58.623825Z	  178 Query	COMMIT
2026-01-17T05:03:58.626083Z	  178 Query	SET autocommit=1
2026-01-17T05:03:58.627588Z	  177 Query	INSERT INTO BATCH_STEP_EXECUTION(STEP_EXECUTION_ID, VERSION, STEP_NAME, JOB_EXECUTION_ID, START_TIME, END_TIME, STATUS, COMMIT_COUNT, READ_COUNT, FILTER_COUNT, WRITE_COUNT, EXIT_CODE, EXIT_MESSAGE, READ_SKIP_COUNT, WRITE_SKIP_COUNT, PROCESS_SKIP_COUNT, ROLLBACK_COUNT, LAST_UPDATED, CREATE_TIME)
	VALUES (14, 0, 'paymentReportStep', 14, null, null, 'STARTING', 0, 0, 0, 0, 'EXECUTING', '', 0, 0, 0, 0, '2026-01-17 14:03:58.619724', '2026-01-17 14:03:58.618452')
2026-01-17T05:03:58.628949Z	  177 Query	INSERT INTO BATCH_STEP_EXECUTION_CONTEXT (SHORT_CONTEXT, SERIALIZED_CONTEXT, STEP_EXECUTION_ID)
	VALUES('rO0ABXNyABFqYXZhLnV0aWwuSGFzaE1hcAUH2sHDFmDRAwACRgAKbG9hZEZhY3RvckkACXRocmVzaG9sZHhwP0AAAAAAAAB3CAAAABAAAAAAeA==', null, 14)
2026-01-17T05:03:58.630039Z	  177 Query	COMMIT
2026-01-17T05:03:58.632030Z	  177 Query	SET autocommit=1
2026-01-17T05:03:58.634039Z	  177 Query	SET autocommit=0
2026-01-17T05:03:58.635571Z	  177 Query	UPDATE BATCH_STEP_EXECUTION
SET START_TIME = '2026-01-17 14:03:58.633034', END_TIME = null, STATUS = 'STARTED', COMMIT_COUNT = 0, READ_COUNT = 0, FILTER_COUNT = 0, WRITE_COUNT = 0, EXIT_CODE = 'EXECUTING', EXIT_MESSAGE = '', VERSION = VERSION + 1, READ_SKIP_COUNT = 0, PROCESS_SKIP_COUNT = 0, WRITE_SKIP_COUNT = 0, ROLLBACK_COUNT = 0, LAST_UPDATED = '2026-01-17 14:03:58.634671'
WHERE STEP_EXECUTION_ID = 14 AND VERSION = 0
2026-01-17T05:03:58.636842Z	  177 Query	SELECT VERSION
FROM BATCH_JOB_EXECUTION
WHERE JOB_EXECUTION_ID=14
2026-01-17T05:03:58.637957Z	  177 Query	COMMIT
2026-01-17T05:03:58.639848Z	  177 Query	SET autocommit=1
2026-01-17T05:03:58.658291Z	  177 Query	SET autocommit=0
2026-01-17T05:03:58.659737Z	  177 Query	UPDATE BATCH_STEP_EXECUTION_CONTEXT
SET SHORT_CONTEXT = 'rO0ABXNyABFqYXZhLnV0aWwuSGFzaE1hcAUH2sHDFmDRAwACRgAKbG9hZEZhY3RvckkACXRocmVzaG9sZHhwP0AAAAAAAAx3CAAAABAAAAAEdAAecGF5bWVudFJlcG9ydFJlYWRlci5yZWFkLmNvdW50c3IAEWphdmEubGFuZy5JbnRlZ2VyEuKgpPeBhzgCAAFJAAV2YWx1ZXhyABBqYXZhLmxhbmcuTnVtYmVyhqyVHQuU4IsCAAB4cAAAAAB0ABFiYXRjaC50YXNrbGV0VHlwZXQAPW9yZy5zcHJpbmdmcmFtZXdvcmsuYmF0Y2guY29yZS5zdGVwLml0ZW0uQ2h1bmtPcmllbnRlZFRhc2tsZXR0AA1iYXRjaC52ZXJzaW9udAAFNS4yLjR0AA5iYXRjaC5zdGVwVHlwZXQAN29yZy5zcHJpbmdmcmFtZXdvcmsuYmF0Y2guY29yZS5zdGVwLnRhc2tsZXQuVGFza2xldFN0ZXB4', SERIALIZED_CONTEXT = null
WHERE STEP_EXECUTION_ID = 14
2026-01-17T05:03:58.660889Z	  177 Query	COMMIT
2026-01-17T05:03:58.663804Z	  177 Query	SET autocommit=1
2026-01-17T05:03:58.666451Z	  177 Query	SET autocommit=0
2026-01-17T05:03:58.668216Z	  178 Query	SET autocommit=0
2026-01-17T05:03:58.795168Z	  178 Query	select ps1_0.id,ps1_0.discount_amount,ps1_0.final_amount,ps1_0.original_amount,ps1_0.partner_corp_name,ps1_0.payment_date from payment_source ps1_0 where ps1_0.payment_date='2025-05-02' limit 0,10
2026-01-17T05:03:58.813887Z	  178 Query	COMMIT
2026-01-17T05:03:58.823038Z	  178 Query	SET autocommit=1
2026-01-17T05:03:58.829167Z	  177 Query	UPDATE BATCH_STEP_EXECUTION_CONTEXT
SET SHORT_CONTEXT = 'rO0ABXNyABFqYXZhLnV0aWwuSGFzaE1hcAUH2sHDFmDRAwACRgAKbG9hZEZhY3RvckkACXRocmVzaG9sZHhwP0AAAAAAAAx3CAAAABAAAAAEdAAecGF5bWVudFJlcG9ydFJlYWRlci5yZWFkLmNvdW50c3IAEWphdmEubGFuZy5JbnRlZ2VyEuKgpPeBhzgCAAFJAAV2YWx1ZXhyABBqYXZhLmxhbmcuTnVtYmVyhqyVHQuU4IsCAAB4cAAAAAp0ABFiYXRjaC50YXNrbGV0VHlwZXQAPW9yZy5zcHJpbmdmcmFtZXdvcmsuYmF0Y2guY29yZS5zdGVwLml0ZW0uQ2h1bmtPcmllbnRlZFRhc2tsZXR0AA1iYXRjaC52ZXJzaW9udAAFNS4yLjR0AA5iYXRjaC5zdGVwVHlwZXQAN29yZy5zcHJpbmdmcmFtZXdvcmsuYmF0Y2guY29yZS5zdGVwLnRhc2tsZXQuVGFza2xldFN0ZXB4', SERIALIZED_CONTEXT = null
WHERE STEP_EXECUTION_ID = 14
2026-01-17T05:03:58.832587Z	  177 Query	UPDATE BATCH_STEP_EXECUTION
SET START_TIME = '2026-01-17 14:03:58.633034', END_TIME = null, STATUS = 'STARTED', COMMIT_COUNT = 1, READ_COUNT = 10, FILTER_COUNT = 0, WRITE_COUNT = 10, EXIT_CODE = 'EXECUTING', EXIT_MESSAGE = '', VERSION = VERSION + 1, READ_SKIP_COUNT = 0, PROCESS_SKIP_COUNT = 0, WRITE_SKIP_COUNT = 0, ROLLBACK_COUNT = 0, LAST_UPDATED = '2026-01-17 14:03:58.831458'
WHERE STEP_EXECUTION_ID = 14 AND VERSION = 1
2026-01-17T05:03:58.835410Z	  177 Query	SELECT VERSION
FROM BATCH_JOB_EXECUTION
WHERE JOB_EXECUTION_ID=14
2026-01-17T05:03:58.837301Z	  177 Query	COMMIT
2026-01-17T05:03:58.839786Z	  177 Query	SET autocommit=1
2026-01-17T05:03:58.840903Z	  177 Query	SET autocommit=0
2026-01-17T05:03:58.841954Z	  178 Query	SET autocommit=0
2026-01-17T05:03:58.844192Z	  178 Query	select ps1_0.id,ps1_0.discount_amount,ps1_0.final_amount,ps1_0.original_amount,ps1_0.partner_corp_name,ps1_0.payment_date from payment_source ps1_0 where ps1_0.payment_date='2025-05-02' limit 10,10
2026-01-17T05:03:58.847048Z	  178 Query	COMMIT
2026-01-17T05:03:58.848244Z	  178 Query	SET autocommit=1
2026-01-17T05:03:58.851163Z	  177 Query	UPDATE BATCH_STEP_EXECUTION_CONTEXT
SET SHORT_CONTEXT = 'rO0ABXNyABFqYXZhLnV0aWwuSGFzaE1hcAUH2sHDFmDRAwACRgAKbG9hZEZhY3RvckkACXRocmVzaG9sZHhwP0AAAAAAAAx3CAAAABAAAAAEdAAecGF5bWVudFJlcG9ydFJlYWRlci5yZWFkLmNvdW50c3IAEWphdmEubGFuZy5JbnRlZ2VyEuKgpPeBhzgCAAFJAAV2YWx1ZXhyABBqYXZhLmxhbmcuTnVtYmVyhqyVHQuU4IsCAAB4cAAAABR0ABFiYXRjaC50YXNrbGV0VHlwZXQAPW9yZy5zcHJpbmdmcmFtZXdvcmsuYmF0Y2guY29yZS5zdGVwLml0ZW0uQ2h1bmtPcmllbnRlZFRhc2tsZXR0AA1iYXRjaC52ZXJzaW9udAAFNS4yLjR0AA5iYXRjaC5zdGVwVHlwZXQAN29yZy5zcHJpbmdmcmFtZXdvcmsuYmF0Y2guY29yZS5zdGVwLnRhc2tsZXQuVGFza2xldFN0ZXB4', SERIALIZED_CONTEXT = null
WHERE STEP_EXECUTION_ID = 14
2026-01-17T05:03:58.852904Z	  177 Query	UPDATE BATCH_STEP_EXECUTION
SET START_TIME = '2026-01-17 14:03:58.633034', END_TIME = null, STATUS = 'STARTED', COMMIT_COUNT = 2, READ_COUNT = 20, FILTER_COUNT = 0, WRITE_COUNT = 20, EXIT_CODE = 'EXECUTING', EXIT_MESSAGE = '', VERSION = VERSION + 1, READ_SKIP_COUNT = 0, PROCESS_SKIP_COUNT = 0, WRITE_SKIP_COUNT = 0, ROLLBACK_COUNT = 0, LAST_UPDATED = '2026-01-17 14:03:58.852046'
WHERE STEP_EXECUTION_ID = 14 AND VERSION = 2
2026-01-17T05:03:58.854411Z	  177 Query	SELECT VERSION
FROM BATCH_JOB_EXECUTION
WHERE JOB_EXECUTION_ID=14
2026-01-17T05:03:58.855739Z	  177 Query	COMMIT
2026-01-17T05:03:58.857715Z	  177 Query	SET autocommit=1
2026-01-17T05:03:58.858944Z	  177 Query	SET autocommit=0
2026-01-17T05:03:58.860055Z	  178 Query	SET autocommit=0
2026-01-17T05:03:58.861995Z	  178 Query	select ps1_0.id,ps1_0.discount_amount,ps1_0.final_amount,ps1_0.original_amount,ps1_0.partner_corp_name,ps1_0.payment_date from payment_source ps1_0 where ps1_0.payment_date='2025-05-02' limit 20,10
2026-01-17T05:03:58.863304Z	  178 Query	COMMIT
2026-01-17T05:03:58.864324Z	  178 Query	SET autocommit=1
2026-01-17T05:03:58.865564Z	  177 Query	UPDATE BATCH_STEP_EXECUTION_CONTEXT
SET SHORT_CONTEXT = 'rO0ABXNyABFqYXZhLnV0aWwuSGFzaE1hcAUH2sHDFmDRAwACRgAKbG9hZEZhY3RvckkACXRocmVzaG9sZHhwP0AAAAAAAAx3CAAAABAAAAAEdAAecGF5bWVudFJlcG9ydFJlYWRlci5yZWFkLmNvdW50c3IAEWphdmEubGFuZy5JbnRlZ2VyEuKgpPeBhzgCAAFJAAV2YWx1ZXhyABBqYXZhLmxhbmcuTnVtYmVyhqyVHQuU4IsCAAB4cAAAABV0ABFiYXRjaC50YXNrbGV0VHlwZXQAPW9yZy5zcHJpbmdmcmFtZXdvcmsuYmF0Y2guY29yZS5zdGVwLml0ZW0uQ2h1bmtPcmllbnRlZFRhc2tsZXR0AA1iYXRjaC52ZXJzaW9udAAFNS4yLjR0AA5iYXRjaC5zdGVwVHlwZXQAN29yZy5zcHJpbmdmcmFtZXdvcmsuYmF0Y2guY29yZS5zdGVwLnRhc2tsZXQuVGFza2xldFN0ZXB4', SERIALIZED_CONTEXT = null
WHERE STEP_EXECUTION_ID = 14
2026-01-17T05:03:58.867675Z	  177 Query	UPDATE BATCH_STEP_EXECUTION
SET START_TIME = '2026-01-17 14:03:58.633034', END_TIME = null, STATUS = 'STARTED', COMMIT_COUNT = 3, READ_COUNT = 20, FILTER_COUNT = 0, WRITE_COUNT = 20, EXIT_CODE = 'EXECUTING', EXIT_MESSAGE = '', VERSION = VERSION + 1, READ_SKIP_COUNT = 0, PROCESS_SKIP_COUNT = 0, WRITE_SKIP_COUNT = 0, ROLLBACK_COUNT = 0, LAST_UPDATED = '2026-01-17 14:03:58.866795'
WHERE STEP_EXECUTION_ID = 14 AND VERSION = 3
2026-01-17T05:03:58.869100Z	  177 Query	SELECT VERSION
FROM BATCH_JOB_EXECUTION
WHERE JOB_EXECUTION_ID=14
2026-01-17T05:03:58.870217Z	  177 Query	COMMIT
2026-01-17T05:03:58.872738Z	  177 Query	SET autocommit=1
2026-01-17T05:03:58.874714Z	  177 Query	SET autocommit=0
2026-01-17T05:03:58.875902Z	  177 Query	UPDATE BATCH_STEP_EXECUTION_CONTEXT
SET SHORT_CONTEXT = 'rO0ABXNyABFqYXZhLnV0aWwuSGFzaE1hcAUH2sHDFmDRAwACRgAKbG9hZEZhY3RvckkACXRocmVzaG9sZHhwP0AAAAAAAAx3CAAAABAAAAAEdAAecGF5bWVudFJlcG9ydFJlYWRlci5yZWFkLmNvdW50c3IAEWphdmEubGFuZy5JbnRlZ2VyEuKgpPeBhzgCAAFJAAV2YWx1ZXhyABBqYXZhLmxhbmcuTnVtYmVyhqyVHQuU4IsCAAB4cAAAABV0ABFiYXRjaC50YXNrbGV0VHlwZXQAPW9yZy5zcHJpbmdmcmFtZXdvcmsuYmF0Y2guY29yZS5zdGVwLml0ZW0uQ2h1bmtPcmllbnRlZFRhc2tsZXR0AA1iYXRjaC52ZXJzaW9udAAFNS4yLjR0AA5iYXRjaC5zdGVwVHlwZXQAN29yZy5zcHJpbmdmcmFtZXdvcmsuYmF0Y2guY29yZS5zdGVwLnRhc2tsZXQuVGFza2xldFN0ZXB4', SERIALIZED_CONTEXT = null
WHERE STEP_EXECUTION_ID = 14
2026-01-17T05:03:58.877088Z	  177 Query	COMMIT
2026-01-17T05:03:58.878118Z	  177 Query	SET autocommit=1
2026-01-17T05:03:58.879426Z	  177 Query	SET autocommit=0
2026-01-17T05:03:58.880880Z	  177 Query	UPDATE BATCH_STEP_EXECUTION
SET START_TIME = '2026-01-17 14:03:58.633034', END_TIME = '2026-01-17 14:03:58.873714', STATUS = 'COMPLETED', COMMIT_COUNT = 3, READ_COUNT = 20, FILTER_COUNT = 0, WRITE_COUNT = 20, EXIT_CODE = 'COMPLETED', EXIT_MESSAGE = '', VERSION = VERSION + 1, READ_SKIP_COUNT = 0, PROCESS_SKIP_COUNT = 0, WRITE_SKIP_COUNT = 0, ROLLBACK_COUNT = 0, LAST_UPDATED = '2026-01-17 14:03:58.88'
WHERE STEP_EXECUTION_ID = 14 AND VERSION = 4
2026-01-17T05:03:58.882240Z	  177 Query	SELECT VERSION
FROM BATCH_JOB_EXECUTION
WHERE JOB_EXECUTION_ID=14
2026-01-17T05:03:58.883430Z	  177 Query	COMMIT
2026-01-17T05:03:58.885943Z	  177 Query	SET autocommit=1
2026-01-17T05:03:58.887501Z	  178 Query	SET autocommit=0
2026-01-17T05:03:58.888757Z	  178 Query	UPDATE BATCH_JOB_EXECUTION_CONTEXT
SET SHORT_CONTEXT = 'rO0ABXNyABFqYXZhLnV0aWwuSGFzaE1hcAUH2sHDFmDRAwACRgAKbG9hZEZhY3RvckkACXRocmVzaG9sZHhwP0AAAAAAAAx3CAAAABAAAAABdAANYmF0Y2gudmVyc2lvbnQABTUuMi40eA==', SERIALIZED_CONTEXT = null
WHERE JOB_EXECUTION_ID = 14
2026-01-17T05:03:58.890047Z	  178 Query	COMMIT
2026-01-17T05:03:58.892076Z	  178 Query	SET autocommit=1
2026-01-17T05:03:58.893536Z	  178 Query	SET autocommit=0
2026-01-17T05:03:58.894724Z	  178 Query	SELECT VERSION
FROM BATCH_JOB_EXECUTION
WHERE JOB_EXECUTION_ID=14
2026-01-17T05:03:58.895954Z	  178 Query	SELECT COUNT(*)
FROM BATCH_JOB_EXECUTION
WHERE JOB_EXECUTION_ID = 14
2026-01-17T05:03:58.897379Z	  178 Query	UPDATE BATCH_JOB_EXECUTION
SET START_TIME = '2026-01-17 14:03:58.598926', END_TIME = '2026-01-17 14:03:58.892929',  STATUS = 'COMPLETED', EXIT_CODE = 'COMPLETED', EXIT_MESSAGE = '', VERSION = VERSION + 1, CREATE_TIME = '2026-01-17 14:03:58.569632', LAST_UPDATED = '2026-01-17 14:03:58.894111'
WHERE JOB_EXECUTION_ID = 14 AND VERSION = 1
2026-01-17T05:03:58.898557Z	  178 Query	COMMIT
2026-01-17T05:03:58.901297Z	  178 Query	SET autocommit=1
2026-01-17T05:03:58.910120Z	  177 Quit	
2026-01-17T05:03:58.910916Z	  178 Quit	
2026-01-17T05:03:58.911340Z	  181 Quit	
2026-01-17T05:03:58.911345Z	  185 Quit	
2026-01-17T05:03:58.911348Z	  179 Quit	
2026-01-17T05:03:58.911355Z	  180 Quit	
2026-01-17T05:03:58.911363Z	  186 Quit	
2026-01-17T05:03:58.911376Z	  182 Quit	
2026-01-17T05:03:58.911386Z	  184 Quit	
2026-01-17T05:03:58.911407Z	  183 Quit	
2026-01-17T05:04:30.886802Z	  187 Connect	root@172.24.0.1 on spring_batch using TCP/IP
2026-01-17T05:04:30.911068Z	  187 Query	/* mysql-connector-j-9.5.0 (Revision: a7b3c94f50efbddb9f0dd69b3e0d1aaa25305cd6) */SELECT  @@session.auto_increment_increment AS auto_increment_increment, @@character_set_client AS character_set_client, @@character_set_connection AS character_set_connection, @@character_set_results AS character_set_results, @@character_set_server AS character_set_server, @@collation_server AS collation_server, @@collation_connection AS collation_connection, @@init_connect AS init_connect, @@interactive_timeout AS interactive_timeout, @@license AS license, @@lower_case_table_names AS lower_case_table_names, @@max_allowed_packet AS max_allowed_packet, @@net_write_timeout AS net_write_timeout, @@performance_schema AS performance_schema, @@sql_mode AS sql_mode, @@system_time_zone AS system_time_zone, @@time_zone AS time_zone, @@transaction_isolation AS transaction_isolation, @@wait_timeout AS wait_timeout
2026-01-17T05:04:30.916707Z	  187 Query	SET character_set_results = NULL
2026-01-17T05:04:30.919177Z	  187 Query	SET autocommit=1
2026-01-17T05:04:30.922186Z	  187 Query	SELECT @@session.transaction_read_only
2026-01-17T05:04:30.924511Z	  187 Query	SELECT @@session.transaction_isolation
2026-01-17T05:04:31.050633Z	  188 Connect	root@172.24.0.1 on spring_batch using TCP/IP
2026-01-17T05:04:31.061146Z	  188 Query	/* mysql-connector-j-9.5.0 (Revision: a7b3c94f50efbddb9f0dd69b3e0d1aaa25305cd6) */SELECT  @@session.auto_increment_increment AS auto_increment_increment, @@character_set_client AS character_set_client, @@character_set_connection AS character_set_connection, @@character_set_results AS character_set_results, @@character_set_server AS character_set_server, @@collation_server AS collation_server, @@collation_connection AS collation_connection, @@init_connect AS init_connect, @@interactive_timeout AS interactive_timeout, @@license AS license, @@lower_case_table_names AS lower_case_table_names, @@max_allowed_packet AS max_allowed_packet, @@net_write_timeout AS net_write_timeout, @@performance_schema AS performance_schema, @@sql_mode AS sql_mode, @@system_time_zone AS system_time_zone, @@time_zone AS time_zone, @@transaction_isolation AS transaction_isolation, @@wait_timeout AS wait_timeout
2026-01-17T05:04:31.074659Z	  188 Query	SET character_set_results = NULL
2026-01-17T05:04:31.076095Z	  188 Query	SET autocommit=1
2026-01-17T05:04:31.077482Z	  188 Query	SELECT @@session.transaction_read_only
2026-01-17T05:04:31.105100Z	  187 Query	SELECT WORD FROM INFORMATION_SCHEMA.KEYWORDS WHERE RESERVED = 1 ORDER BY WORD
2026-01-17T05:04:31.115850Z	  189 Connect	root@172.24.0.1 on spring_batch using TCP/IP
2026-01-17T05:04:31.117618Z	  189 Query	/* mysql-connector-j-9.5.0 (Revision: a7b3c94f50efbddb9f0dd69b3e0d1aaa25305cd6) */SELECT  @@session.auto_increment_increment AS auto_increment_increment, @@character_set_client AS character_set_client, @@character_set_connection AS character_set_connection, @@character_set_results AS character_set_results, @@character_set_server AS character_set_server, @@collation_server AS collation_server, @@collation_connection AS collation_connection, @@init_connect AS init_connect, @@interactive_timeout AS interactive_timeout, @@license AS license, @@lower_case_table_names AS lower_case_table_names, @@max_allowed_packet AS max_allowed_packet, @@net_write_timeout AS net_write_timeout, @@performance_schema AS performance_schema, @@sql_mode AS sql_mode, @@system_time_zone AS system_time_zone, @@time_zone AS time_zone, @@transaction_isolation AS transaction_isolation, @@wait_timeout AS wait_timeout
2026-01-17T05:04:31.119603Z	  189 Query	SET character_set_results = NULL
2026-01-17T05:04:31.121599Z	  189 Query	SET autocommit=1
2026-01-17T05:04:31.123068Z	  189 Query	SELECT @@session.transaction_read_only
2026-01-17T05:04:31.136148Z	  187 Query	SELECT @@character_set_database, @@sql_mode
2026-01-17T05:04:31.160101Z	  190 Connect	root@172.24.0.1 on spring_batch using TCP/IP
2026-01-17T05:04:31.162206Z	  190 Query	/* mysql-connector-j-9.5.0 (Revision: a7b3c94f50efbddb9f0dd69b3e0d1aaa25305cd6) */SELECT  @@session.auto_increment_increment AS auto_increment_increment, @@character_set_client AS character_set_client, @@character_set_connection AS character_set_connection, @@character_set_results AS character_set_results, @@character_set_server AS character_set_server, @@collation_server AS collation_server, @@collation_connection AS collation_connection, @@init_connect AS init_connect, @@interactive_timeout AS interactive_timeout, @@license AS license, @@lower_case_table_names AS lower_case_table_names, @@max_allowed_packet AS max_allowed_packet, @@net_write_timeout AS net_write_timeout, @@performance_schema AS performance_schema, @@sql_mode AS sql_mode, @@system_time_zone AS system_time_zone, @@time_zone AS time_zone, @@transaction_isolation AS transaction_isolation, @@wait_timeout AS wait_timeout
2026-01-17T05:04:31.164430Z	  190 Query	SET character_set_results = NULL
2026-01-17T05:04:31.166172Z	  190 Query	SET autocommit=1
2026-01-17T05:04:31.167633Z	  190 Query	SELECT @@session.transaction_read_only
2026-01-17T05:04:31.207371Z	  191 Connect	root@172.24.0.1 on spring_batch using TCP/IP
2026-01-17T05:04:31.210382Z	  191 Query	/* mysql-connector-j-9.5.0 (Revision: a7b3c94f50efbddb9f0dd69b3e0d1aaa25305cd6) */SELECT  @@session.auto_increment_increment AS auto_increment_increment, @@character_set_client AS character_set_client, @@character_set_connection AS character_set_connection, @@character_set_results AS character_set_results, @@character_set_server AS character_set_server, @@collation_server AS collation_server, @@collation_connection AS collation_connection, @@init_connect AS init_connect, @@interactive_timeout AS interactive_timeout, @@license AS license, @@lower_case_table_names AS lower_case_table_names, @@max_allowed_packet AS max_allowed_packet, @@net_write_timeout AS net_write_timeout, @@performance_schema AS performance_schema, @@sql_mode AS sql_mode, @@system_time_zone AS system_time_zone, @@time_zone AS time_zone, @@transaction_isolation AS transaction_isolation, @@wait_timeout AS wait_timeout
2026-01-17T05:04:31.212820Z	  191 Query	SET character_set_results = NULL
2026-01-17T05:04:31.215476Z	  191 Query	SET autocommit=1
2026-01-17T05:04:31.216948Z	  191 Query	SELECT @@session.transaction_read_only
2026-01-17T05:04:31.256374Z	  192 Connect	root@172.24.0.1 on spring_batch using TCP/IP
2026-01-17T05:04:31.259549Z	  192 Query	/* mysql-connector-j-9.5.0 (Revision: a7b3c94f50efbddb9f0dd69b3e0d1aaa25305cd6) */SELECT  @@session.auto_increment_increment AS auto_increment_increment, @@character_set_client AS character_set_client, @@character_set_connection AS character_set_connection, @@character_set_results AS character_set_results, @@character_set_server AS character_set_server, @@collation_server AS collation_server, @@collation_connection AS collation_connection, @@init_connect AS init_connect, @@interactive_timeout AS interactive_timeout, @@license AS license, @@lower_case_table_names AS lower_case_table_names, @@max_allowed_packet AS max_allowed_packet, @@net_write_timeout AS net_write_timeout, @@performance_schema AS performance_schema, @@sql_mode AS sql_mode, @@system_time_zone AS system_time_zone, @@time_zone AS time_zone, @@transaction_isolation AS transaction_isolation, @@wait_timeout AS wait_timeout
2026-01-17T05:04:31.262082Z	  192 Query	SET character_set_results = NULL
2026-01-17T05:04:31.263700Z	  192 Query	SET autocommit=1
2026-01-17T05:04:31.265138Z	  192 Query	SELECT @@session.transaction_read_only
2026-01-17T05:04:31.303737Z	  193 Connect	root@172.24.0.1 on spring_batch using TCP/IP
2026-01-17T05:04:31.307127Z	  193 Query	/* mysql-connector-j-9.5.0 (Revision: a7b3c94f50efbddb9f0dd69b3e0d1aaa25305cd6) */SELECT  @@session.auto_increment_increment AS auto_increment_increment, @@character_set_client AS character_set_client, @@character_set_connection AS character_set_connection, @@character_set_results AS character_set_results, @@character_set_server AS character_set_server, @@collation_server AS collation_server, @@collation_connection AS collation_connection, @@init_connect AS init_connect, @@interactive_timeout AS interactive_timeout, @@license AS license, @@lower_case_table_names AS lower_case_table_names, @@max_allowed_packet AS max_allowed_packet, @@net_write_timeout AS net_write_timeout, @@performance_schema AS performance_schema, @@sql_mode AS sql_mode, @@system_time_zone AS system_time_zone, @@time_zone AS time_zone, @@transaction_isolation AS transaction_isolation, @@wait_timeout AS wait_timeout
2026-01-17T05:04:31.310526Z	  193 Query	SET character_set_results = NULL
2026-01-17T05:04:31.313154Z	  193 Query	SET autocommit=1
2026-01-17T05:04:31.314615Z	  193 Query	SELECT @@session.transaction_read_only
2026-01-17T05:04:31.355189Z	  194 Connect	root@172.24.0.1 on spring_batch using TCP/IP
2026-01-17T05:04:31.359294Z	  194 Query	/* mysql-connector-j-9.5.0 (Revision: a7b3c94f50efbddb9f0dd69b3e0d1aaa25305cd6) */SELECT  @@session.auto_increment_increment AS auto_increment_increment, @@character_set_client AS character_set_client, @@character_set_connection AS character_set_connection, @@character_set_results AS character_set_results, @@character_set_server AS character_set_server, @@collation_server AS collation_server, @@collation_connection AS collation_connection, @@init_connect AS init_connect, @@interactive_timeout AS interactive_timeout, @@license AS license, @@lower_case_table_names AS lower_case_table_names, @@max_allowed_packet AS max_allowed_packet, @@net_write_timeout AS net_write_timeout, @@performance_schema AS performance_schema, @@sql_mode AS sql_mode, @@system_time_zone AS system_time_zone, @@time_zone AS time_zone, @@transaction_isolation AS transaction_isolation, @@wait_timeout AS wait_timeout
2026-01-17T05:04:31.362501Z	  194 Query	SET character_set_results = NULL
2026-01-17T05:04:31.368871Z	  194 Query	SET autocommit=1
2026-01-17T05:04:31.370576Z	  194 Query	SELECT @@session.transaction_read_only
2026-01-17T05:04:31.410900Z	  195 Connect	root@172.24.0.1 on spring_batch using TCP/IP
2026-01-17T05:04:31.414039Z	  195 Query	/* mysql-connector-j-9.5.0 (Revision: a7b3c94f50efbddb9f0dd69b3e0d1aaa25305cd6) */SELECT  @@session.auto_increment_increment AS auto_increment_increment, @@character_set_client AS character_set_client, @@character_set_connection AS character_set_connection, @@character_set_results AS character_set_results, @@character_set_server AS character_set_server, @@collation_server AS collation_server, @@collation_connection AS collation_connection, @@init_connect AS init_connect, @@interactive_timeout AS interactive_timeout, @@license AS license, @@lower_case_table_names AS lower_case_table_names, @@max_allowed_packet AS max_allowed_packet, @@net_write_timeout AS net_write_timeout, @@performance_schema AS performance_schema, @@sql_mode AS sql_mode, @@system_time_zone AS system_time_zone, @@time_zone AS time_zone, @@transaction_isolation AS transaction_isolation, @@wait_timeout AS wait_timeout
2026-01-17T05:04:31.419889Z	  195 Query	SET character_set_results = NULL
2026-01-17T05:04:31.421245Z	  195 Query	SET autocommit=1
2026-01-17T05:04:31.422803Z	  195 Query	SELECT @@session.transaction_read_only
2026-01-17T05:04:31.462847Z	  196 Connect	root@172.24.0.1 on spring_batch using TCP/IP
2026-01-17T05:04:31.470726Z	  196 Query	/* mysql-connector-j-9.5.0 (Revision: a7b3c94f50efbddb9f0dd69b3e0d1aaa25305cd6) */SELECT  @@session.auto_increment_increment AS auto_increment_increment, @@character_set_client AS character_set_client, @@character_set_connection AS character_set_connection, @@character_set_results AS character_set_results, @@character_set_server AS character_set_server, @@collation_server AS collation_server, @@collation_connection AS collation_connection, @@init_connect AS init_connect, @@interactive_timeout AS interactive_timeout, @@license AS license, @@lower_case_table_names AS lower_case_table_names, @@max_allowed_packet AS max_allowed_packet, @@net_write_timeout AS net_write_timeout, @@performance_schema AS performance_schema, @@sql_mode AS sql_mode, @@system_time_zone AS system_time_zone, @@time_zone AS time_zone, @@transaction_isolation AS transaction_isolation, @@wait_timeout AS wait_timeout
2026-01-17T05:04:31.476928Z	  196 Query	SET character_set_results = NULL
2026-01-17T05:04:31.478981Z	  196 Query	SET autocommit=1
2026-01-17T05:04:31.480366Z	  196 Query	SELECT @@session.transaction_read_only
2026-01-17T05:04:31.491605Z	  187 Query	SELECT TABLE_SCHEMA AS TABLE_CAT, NULL AS TABLE_SCHEM, TABLE_NAME, CASE WHEN TABLE_TYPE = 'BASE TABLE' THEN CASE WHEN TABLE_SCHEMA = 'mysql' OR TABLE_SCHEMA = 'performance_schema' OR TABLE_SCHEMA = 'sys' THEN 'SYSTEM TABLE' ELSE 'TABLE' END WHEN TABLE_TYPE = 'TEMPORARY' THEN 'LOCAL_TEMPORARY' ELSE TABLE_TYPE END AS TABLE_TYPE, TABLE_COMMENT AS REMARKS, NULL AS TYPE_CAT, NULL AS TYPE_SCHEM, NULL AS TYPE_NAME, NULL AS SELF_REFERENCING_COL_NAME, NULL AS REF_GENERATION FROM INFORMATION_SCHEMA.TABLES WHERE TABLE_SCHEMA = 'spring_batch' AND TABLE_NAME LIKE '%' HAVING TABLE_TYPE IN ('TABLE','VIEW',null,null,null) ORDER BY TABLE_TYPE, TABLE_SCHEMA, TABLE_NAME
2026-01-17T05:04:31.495131Z	  187 Query	SELECT DEFAULT_COLLATION_NAME FROM INFORMATION_SCHEMA.SCHEMATA WHERE SCHEMA_NAME = 'information_schema'
2026-01-17T05:04:31.498615Z	  187 Query	SELECT TABLE_SCHEMA, NULL, TABLE_NAME, COLUMN_NAME, CASE WHEN UPPER(DATA_TYPE) = 'DECIMAL' THEN 3 WHEN UPPER(DATA_TYPE) = 'DECIMAL UNSIGNED' THEN 3 WHEN UPPER(DATA_TYPE) = 'TINYINT' THEN IF(LOCATE('ZEROFILL', UPPER(COLUMN_TYPE)) = 0 AND LOCATE('UNSIGNED', UPPER(COLUMN_TYPE)) = 0 AND LOCATE('(1)', COLUMN_TYPE) != 0, -7, -6) WHEN UPPER(DATA_TYPE) = 'TINYINT UNSIGNED' THEN IF(LOCATE('ZEROFILL', UPPER(COLUMN_TYPE)) = 0 AND LOCATE('UNSIGNED', UPPER(COLUMN_TYPE)) = 0 AND LOCATE('(1)', COLUMN_TYPE) != 0, -7, -6) WHEN UPPER(DATA_TYPE) = 'BOOLEAN' THEN 16 WHEN UPPER(DATA_TYPE) = 'SMALLINT' THEN 5 WHEN UPPER(DATA_TYPE) = 'SMALLINT UNSIGNED' THEN 5 WHEN UPPER(DATA_TYPE) = 'INT' THEN 4 WHEN UPPER(DATA_TYPE) = 'INT UNSIGNED' THEN 4 WHEN UPPER(DATA_TYPE) = 'FLOAT' THEN 7 WHEN UPPER(DATA_TYPE) = 'FLOAT UNSIGNED' THEN 7 WHEN UPPER(DATA_TYPE) = 'DOUBLE' THEN 8 WHEN UPPER(DATA_TYPE) = 'DOUBLE UNSIGNED' THEN 8 WHEN UPPER(DATA_TYPE) = 'NULL' THEN 0 WHEN UPPER(DATA_TYPE) = 'TIMESTAMP' THEN 93 WHEN UPPER(DATA_TYPE) = 'BIGINT' THEN -5 WHEN UPPER(DATA_TYPE) = 'BIGINT UNSIGNED' THEN -5 WHEN UPPER(DATA_TYPE) = 'MEDIUMINT' THEN 4 WHEN UPPER(DATA_TYPE) = 'MEDIUMINT UNSIGNED' THEN 4 WHEN UPPER(DATA_TYPE) = 'DATE' THEN 91 WHEN UPPER(DATA_TYPE) = 'TIME' THEN 92 WHEN UPPER(DATA_TYPE) = 'DATETIME' THEN 93 WHEN UPPER(DATA_TYPE) = 'YEAR' THEN 91 WHEN UPPER(DATA_TYPE) = 'VARCHAR' THEN 12 WHEN UPPER(DATA_TYPE) = 'VARBINARY' THEN -3 WHEN UPPER(DATA_TYPE) = 'BIT' THEN -7 WHEN UPPER(DATA_TYPE) = 'JSON' THEN -1 WHEN UPPER(DATA_TYPE) = 'ENUM' THEN 1 WHEN UPPER(DATA_TYPE) = 'SET' THEN 1 WHEN UPPER(DATA_TYPE) = 'TINYBLOB' THEN -3 WHEN UPPER(DATA_TYPE) = 'TINYTEXT' THEN 12 WHEN UPPER(DATA_TYPE) = 'MEDIUMBLOB' THEN -4 WHEN UPPER(DATA_TYPE) = 'MEDIUMTEXT' THEN -1 WHEN UPPER(DATA_TYPE) = 'LONGBLOB' THEN -4 WHEN UPPER(DATA_TYPE) = 'LONGTEXT' THEN -1 WHEN UPPER(DATA_TYPE) = 'BLOB' THEN -4 WHEN UPPER(DATA_TYPE) = 'TEXT' THEN -1 WHEN UPPER(DATA_TYPE) = 'CHAR' THEN 1 WHEN UPPER(DATA_TYPE) = 'BINARY' THEN -2 WHEN UPPER(DATA_TYPE) = 'GEOMETRY' THEN -2 WHEN UPPER(DATA_TYPE) = 'VECTOR' THEN -4 WHEN UPPER(DATA_TYPE) = 'UNKNOWN' THEN 1111 WHEN UPPER(DATA_TYPE) = 'POINT' THEN -2 WHEN UPPER(DATA_TYPE) = 'LINESTRING' THEN -2 WHEN UPPER(DATA_TYPE) = 'POLYGON' THEN -2 WHEN UPPER(DATA_TYPE) = 'MULTIPOINT' THEN -2 WHEN UPPER(DATA_TYPE) = 'MULTILINESTRING' THEN -2 WHEN UPPER(DATA_TYPE) = 'MULTIPOLYGON' THEN -2 WHEN UPPER(DATA_TYPE) = 'GEOMETRYCOLLECTION' THEN -2 WHEN UPPER(DATA_TYPE) = 'GEOMCOLLECTION' THEN -2 ELSE 1111 END AS DATA_TYPE, UPPER(CASE WHEN UPPER(DATA_TYPE) = 'TINYINT' THEN CASE WHEN LOCATE('ZEROFILL', UPPER(COLUMN_TYPE)) = 0 AND LOCATE('UNSIGNED', UPPER(COLUMN_TYPE)) = 0 AND LOCATE('(1)', COLUMN_TYPE) != 0 THEN 'BIT' WHEN LOCATE('UNSIGNED', UPPER(COLUMN_TYPE)) != 0 AND LOCATE('UNSIGNED', UPPER(DATA_TYPE)) = 0 THEN 'TINYINT UNSIGNED' ELSE DATA_TYPE END WHEN LOCATE('UNSIGNED', UPPER(COLUMN_TYPE)) != 0 AND LOCATE('UNSIGNED', UPPER(DATA_TYPE)) = 0 AND LOCATE('SET', UPPER(DATA_TYPE)) <> 1 AND LOCATE('ENUM', UPPER(DATA_TYPE)) <> 1 THEN CONCAT(DATA_TYPE, ' UNSIGNED') WHEN UPPER(DATA_TYPE) = 'POINT' THEN 'GEOMETRY' WHEN UPPER(DATA_TYPE) = 'LINESTRING' THEN 'GEOMETRY' WHEN UPPER(DATA_TYPE) = 'POLYGON' THEN 'GEOMETRY' WHEN UPPER(DATA_TYPE) = 'MULTIPOINT' THEN 'GEOMETRY' WHEN UPPER(DATA_TYPE) = 'MULTILINESTRING' THEN 'GEOMETRY' WHEN UPPER(DATA_TYPE) = 'MULTIPOLYGON' THEN 'GEOMETRY' WHEN UPPER(DATA_TYPE) = 'GEOMETRYCOLLECTION' THEN 'GEOMETRY' WHEN UPPER(DATA_TYPE) = 'GEOMCOLLECTION' THEN 'GEOMETRY' ELSE UPPER(DATA_TYPE) END) AS TYPE_NAME, UPPER(CASE WHEN UPPER(DATA_TYPE) = 'YEAR' THEN 4 WHEN UPPER(DATA_TYPE) = 'DATE' THEN 10 WHEN UPPER(DATA_TYPE) = 'DATETIME' OR UPPER(DATA_TYPE) = 'TIMESTAMP' THEN 19 + IF(DATETIME_PRECISION > 0, DATETIME_PRECISION + 1, DATETIME_PRECISION) WHEN UPPER(DATA_TYPE) = 'TIME' THEN 8 + IF(DATETIME_PRECISION > 0, DATETIME_PRECISION + 1, DATETIME_PRECISION) WHEN UPPER(DATA_TYPE) = 'TINYINT' AND LOCATE('ZEROFILL', UPPER(COLUMN_TYPE)) = 0 AND LOCATE('UNSIGNED', UPPER(COLUMN_TYPE)) = 0 AND LOCATE('(1)', COLUMN_TYPE) != 0 THEN 1 WHEN UPPER(DATA_TYPE) = 'MEDIUMINT' AND LOCATE('UNSIGNED', UPPER(COLUMN_TYPE)) != 0 THEN 8 WHEN UPPER(DATA_TYPE) = 'JSON' THEN 1073741824 WHEN UPPER(DATA_TYPE) = 'GEOMETRY' THEN 65535 WHEN UPPER(DATA_TYPE) = 'POINT' THEN 65535 WHEN UPPER(DATA_TYPE) = 'LINESTRING' THEN 65535 WHEN UPPER(DATA_TYPE) = 'POLYGON' THEN 65535 WHEN UPPER(DATA_TYPE) = 'MULTIPOINT' THEN 65535 WHEN UPPER(DATA_TYPE) = 'MULTILINESTRING' THEN 65535 WHEN UPPER(DATA_TYPE) = 'MULTIPOLYGON' THEN 65535 WHEN UPPER(DATA_TYPE) = 'GEOMETRYCOLLECTION' THEN 65535 WHEN UPPER(DATA_TYPE) = 'GEOMCOLLECTION' THEN 65535 WHEN CHARACTER_MAXIMUM_LENGTH IS NULL THEN NUMERIC_PRECISION WHEN CHARACTER_MAXIMUM_LENGTH > 2147483647 THEN 2147483647 ELSE CHARACTER_MAXIMUM_LENGTH END) AS COLUMN_SIZE, 65535 AS BUFFER_LENGTH, UPPER(CASE WHEN UPPER(DATA_TYPE) = 'DECIMAL' THEN NUMERIC_SCALE WHEN UPPER(DATA_TYPE) = 'FLOAT' OR UPPER(DATA_TYPE) = 'DOUBLE' THEN IF(NUMERIC_SCALE IS NULL, 0, NUMERIC_SCALE) ELSE NULL END) AS DECIMAL_DIGITS, 10 AS NUM_PREC_RADIX, CASE WHEN IS_NULLABLE COLLATE utf8mb3_general_ci= 'NO' THEN 0 ELSE CASE WHEN IS_NULLABLE COLLATE utf8mb3_general_ci= 'YES' THEN 1 ELSE 2 END END AS NULLABLE, COLUMN_COMMENT AS REMARKS, COLUMN_DEFAULT AS COLUMN_DEF, 0 AS SQL_DATA_TYPE, 0 AS SQL_DATETIME_SUB, CASE WHEN CHARACTER_OCTET_LENGTH > 2147483647 THEN 2147483647 ELSE CHARACTER_OCTET_LENGTH END AS CHAR_OCTET_LENGTH, ORDINAL_POSITION, IS_NULLABLE, NULL AS SCOPE_CATALOG, NULL AS SCOPE_SCHEMA, NULL AS SCOPE_TABLE, NULL AS SOURCE_DATA_TYPE, IF (EXTRA COLLATE utf8mb3_general_ci LIKE '%auto_increment%','YES','NO') AS IS_AUTOINCREMENT, IF (EXTRA COLLATE utf8mb3_general_ci LIKE  '%GENERATED%','YES','NO') AS IS_GENERATEDCOLUMN FROM INFORMATION_SCHEMA.COLUMNS WHERE TABLE_SCHEMA = 'spring_batch' AND COLUMN_NAME LIKE '%' ORDER BY TABLE_SCHEMA, TABLE_NAME, ORDINAL_POSITION
2026-01-17T05:04:31.682295Z	  187 Query	SET autocommit=0
2026-01-17T05:04:31.692064Z	  187 Query	SELECT JOB_INSTANCE_ID, JOB_NAME
FROM BATCH_JOB_INSTANCE
WHERE JOB_NAME = 'paymentReportJob'
 AND JOB_KEY = '6159d2f242e348f98d4a2efc813c83ea'
2026-01-17T05:04:31.701181Z	  187 Query	COMMIT
2026-01-17T05:04:31.704417Z	  187 Query	SET autocommit=1
2026-01-17T05:04:31.707563Z	  187 Query	SELECT JOB_INSTANCE_ID, JOB_NAME
FROM BATCH_JOB_INSTANCE I1
WHERE I1.JOB_NAME = 'paymentReportJob' AND I1.JOB_INSTANCE_ID = (SELECT MAX(I2.JOB_INSTANCE_ID) FROM BATCH_JOB_INSTANCE I2 WHERE I2.JOB_NAME = 'paymentReportJob')
2026-01-17T05:04:31.710327Z	  187 Query	SELECT JOB_EXECUTION_ID, START_TIME, END_TIME, STATUS, EXIT_CODE, EXIT_MESSAGE, CREATE_TIME, LAST_UPDATED, VERSION
FROM BATCH_JOB_EXECUTION
 WHERE JOB_INSTANCE_ID = 14 AND JOB_EXECUTION_ID IN (SELECT MAX(JOB_EXECUTION_ID) FROM BATCH_JOB_EXECUTION E2 WHERE E2.JOB_INSTANCE_ID = 14)
2026-01-17T05:04:31.713248Z	  187 Query	SELECT JOB_EXECUTION_ID, PARAMETER_NAME, PARAMETER_TYPE, PARAMETER_VALUE, IDENTIFYING
FROM BATCH_JOB_EXECUTION_PARAMS
WHERE JOB_EXECUTION_ID = 14
2026-01-17T05:04:31.716331Z	  187 Query	SELECT JI.JOB_INSTANCE_ID, JOB_NAME, JOB_KEY, JI.VERSION
FROM BATCH_JOB_INSTANCE JI, BATCH_JOB_EXECUTION JE
WHERE JOB_EXECUTION_ID = 14 AND JI.JOB_INSTANCE_ID = JE.JOB_INSTANCE_ID
2026-01-17T05:04:31.718355Z	  187 Query	SELECT STEP_EXECUTION_ID, STEP_NAME, START_TIME, END_TIME, STATUS, COMMIT_COUNT, READ_COUNT, FILTER_COUNT, WRITE_COUNT, EXIT_CODE, EXIT_MESSAGE, READ_SKIP_COUNT, WRITE_SKIP_COUNT, PROCESS_SKIP_COUNT, ROLLBACK_COUNT, LAST_UPDATED, VERSION, CREATE_TIME
FROM BATCH_STEP_EXECUTION
 WHERE JOB_EXECUTION_ID = 14 ORDER BY STEP_EXECUTION_ID
2026-01-17T05:04:31.720434Z	  187 Query	SELECT SHORT_CONTEXT, SERIALIZED_CONTEXT
FROM BATCH_JOB_EXECUTION_CONTEXT
WHERE JOB_EXECUTION_ID = 14
2026-01-17T05:04:31.722847Z	  187 Query	SELECT SHORT_CONTEXT, SERIALIZED_CONTEXT
FROM BATCH_STEP_EXECUTION_CONTEXT
WHERE STEP_EXECUTION_ID = 14
2026-01-17T05:04:31.724903Z	  187 Query	SELECT @@session.transaction_isolation
2026-01-17T05:04:31.726210Z	  187 Query	SET SESSION TRANSACTION ISOLATION LEVEL SERIALIZABLE
2026-01-17T05:04:31.727198Z	  187 Query	SET autocommit=0
2026-01-17T05:04:31.728374Z	  187 Query	SELECT JOB_INSTANCE_ID, JOB_NAME
FROM BATCH_JOB_INSTANCE
WHERE JOB_NAME = 'paymentReportJob'
 AND JOB_KEY = '2c86a70552349d8e9a1ba4d6984b2be9'
2026-01-17T05:04:31.729552Z	  187 Query	COMMIT
2026-01-17T05:04:31.730504Z	  187 Query	SET autocommit=1
2026-01-17T05:04:31.731541Z	  187 Query	SET SESSION TRANSACTION ISOLATION LEVEL REPEATABLE READ
2026-01-17T05:04:31.732706Z	  187 Query	SELECT @@session.transaction_isolation
2026-01-17T05:04:31.733724Z	  187 Query	SET SESSION TRANSACTION ISOLATION LEVEL SERIALIZABLE
2026-01-17T05:04:31.734600Z	  187 Query	SET autocommit=0
2026-01-17T05:04:31.735776Z	  187 Query	SELECT JOB_INSTANCE_ID, JOB_NAME
FROM BATCH_JOB_INSTANCE
WHERE JOB_NAME = 'paymentReportJob'
 AND JOB_KEY = '2c86a70552349d8e9a1ba4d6984b2be9'
2026-01-17T05:04:31.737064Z	  187 Query	SELECT JOB_INSTANCE_ID, JOB_NAME
FROM BATCH_JOB_INSTANCE
WHERE JOB_NAME = 'paymentReportJob'
 AND JOB_KEY = '2c86a70552349d8e9a1ba4d6984b2be9'
2026-01-17T05:04:31.738593Z	  188 Query	SET autocommit=0
2026-01-17T05:04:31.741064Z	  188 Query	update BATCH_JOB_SEQ set ID = last_insert_id(ID + 1) limit 1
2026-01-17T05:04:31.742309Z	  188 Query	select last_insert_id()
2026-01-17T05:04:31.743420Z	  188 Query	COMMIT
2026-01-17T05:04:31.745731Z	  188 Query	SET autocommit=1
2026-01-17T05:04:31.747656Z	  187 Query	INSERT INTO BATCH_JOB_INSTANCE(JOB_INSTANCE_ID, JOB_NAME, JOB_KEY, VERSION)
	VALUES (15, 'paymentReportJob', '2c86a70552349d8e9a1ba4d6984b2be9', 0)
2026-01-17T05:04:31.749130Z	  188 Query	SET autocommit=0
2026-01-17T05:04:31.750426Z	  188 Query	update BATCH_JOB_EXECUTION_SEQ set ID = last_insert_id(ID + 1) limit 1
2026-01-17T05:04:31.751443Z	  188 Query	select last_insert_id()
2026-01-17T05:04:31.752513Z	  188 Query	COMMIT
2026-01-17T05:04:31.754785Z	  188 Query	SET autocommit=1
2026-01-17T05:04:31.760462Z	  187 Query	INSERT INTO BATCH_JOB_EXECUTION(JOB_EXECUTION_ID, JOB_INSTANCE_ID, START_TIME, END_TIME, STATUS, EXIT_CODE, EXIT_MESSAGE, VERSION, CREATE_TIME, LAST_UPDATED)
	VALUES (15, 15, null, null, 'STARTING', 'UNKNOWN', '', 0, '2026-01-17 14:04:31.74864', '2026-01-17 14:04:31.748654')
2026-01-17T05:04:31.763243Z	  187 Query	SELECT @@session.transaction_read_only
2026-01-17T05:04:31.764323Z	  187 Query	INSERT INTO BATCH_JOB_EXECUTION_PARAMS(JOB_EXECUTION_ID, PARAMETER_NAME, PARAMETER_TYPE, PARAMETER_VALUE, IDENTIFYING)
	VALUES (15, 'paymentDate', 'java.lang.String', '2025-05-02', 'Y')
2026-01-17T05:04:31.765451Z	  187 Query	INSERT INTO BATCH_JOB_EXECUTION_PARAMS(JOB_EXECUTION_ID, PARAMETER_NAME, PARAMETER_TYPE, PARAMETER_VALUE, IDENTIFYING)
	VALUES (15, 'run.id', 'java.lang.Long', '12', 'Y')
2026-01-17T05:04:31.766842Z	  187 Query	INSERT INTO BATCH_JOB_EXECUTION_PARAMS(JOB_EXECUTION_ID, PARAMETER_NAME, PARAMETER_TYPE, PARAMETER_VALUE, IDENTIFYING)
	VALUES (15, '-job.name', 'java.lang.String', 'paymentReportJob', 'Y')
2026-01-17T05:04:31.768669Z	  187 Query	INSERT INTO BATCH_JOB_EXECUTION_CONTEXT (SHORT_CONTEXT, SERIALIZED_CONTEXT, JOB_EXECUTION_ID)
	VALUES('rO0ABXNyABFqYXZhLnV0aWwuSGFzaE1hcAUH2sHDFmDRAwACRgAKbG9hZEZhY3RvckkACXRocmVzaG9sZHhwP0AAAAAAAAB3CAAAABAAAAAAeA==', null, 15)
2026-01-17T05:04:31.769883Z	  187 Query	COMMIT
2026-01-17T05:04:31.772135Z	  187 Query	SET autocommit=1
2026-01-17T05:04:31.773301Z	  187 Query	SET SESSION TRANSACTION ISOLATION LEVEL REPEATABLE READ
2026-01-17T05:04:31.779183Z	  187 Query	SET autocommit=0
2026-01-17T05:04:31.780773Z	  187 Query	SELECT VERSION
FROM BATCH_JOB_EXECUTION
WHERE JOB_EXECUTION_ID=15
2026-01-17T05:04:31.783363Z	  187 Query	SELECT COUNT(*)
FROM BATCH_JOB_EXECUTION
WHERE JOB_EXECUTION_ID = 15
2026-01-17T05:04:31.784939Z	  187 Query	UPDATE BATCH_JOB_EXECUTION
SET START_TIME = '2026-01-17 14:04:31.778527', END_TIME = null,  STATUS = 'STARTED', EXIT_CODE = 'UNKNOWN', EXIT_MESSAGE = '', VERSION = VERSION + 1, CREATE_TIME = '2026-01-17 14:04:31.74864', LAST_UPDATED = '2026-01-17 14:04:31.779945'
WHERE JOB_EXECUTION_ID = 15 AND VERSION = 0
2026-01-17T05:04:31.786130Z	  187 Query	COMMIT
2026-01-17T05:04:31.788325Z	  187 Query	SET autocommit=1
2026-01-17T05:04:31.789499Z	  187 Query	SET autocommit=0
2026-01-17T05:04:31.790925Z	  187 Query	SELECT SE.STEP_EXECUTION_ID, SE.STEP_NAME, SE.START_TIME, SE.END_TIME, SE.STATUS, SE.COMMIT_COUNT, SE.READ_COUNT, SE.FILTER_COUNT, SE.WRITE_COUNT, SE.EXIT_CODE, SE.EXIT_MESSAGE, SE.READ_SKIP_COUNT, SE.WRITE_SKIP_COUNT, SE.PROCESS_SKIP_COUNT, SE.ROLLBACK_COUNT, SE.LAST_UPDATED, SE.VERSION, SE.CREATE_TIME, JE.JOB_EXECUTION_ID, JE.START_TIME, JE.END_TIME, JE.STATUS, JE.EXIT_CODE, JE.EXIT_MESSAGE, JE.CREATE_TIME, JE.LAST_UPDATED, JE.VERSION
FROM BATCH_JOB_EXECUTION JE
	JOIN BATCH_STEP_EXECUTION SE ON SE.JOB_EXECUTION_ID = JE.JOB_EXECUTION_ID
WHERE JE.JOB_INSTANCE_ID = 15 AND SE.STEP_NAME = 'paymentReportStep'
2026-01-17T05:04:31.792226Z	  187 Query	COMMIT
2026-01-17T05:04:31.793219Z	  187 Query	SET autocommit=1
2026-01-17T05:04:31.794262Z	  187 Query	SET autocommit=0
2026-01-17T05:04:31.795412Z	  187 Query	SELECT COUNT(*)
FROM BATCH_JOB_EXECUTION JE
	JOIN BATCH_STEP_EXECUTION SE ON SE.JOB_EXECUTION_ID = JE.JOB_EXECUTION_ID
WHERE JE.JOB_INSTANCE_ID = 15 AND SE.STEP_NAME = 'paymentReportStep'
2026-01-17T05:04:31.796513Z	  187 Query	COMMIT
2026-01-17T05:04:31.797396Z	  187 Query	SET autocommit=1
2026-01-17T05:04:31.798607Z	  187 Query	SET autocommit=0
2026-01-17T05:04:31.799674Z	  188 Query	SET autocommit=0
2026-01-17T05:04:31.800685Z	  188 Query	update BATCH_STEP_EXECUTION_SEQ set ID = last_insert_id(ID + 1) limit 1
2026-01-17T05:04:31.801750Z	  188 Query	select last_insert_id()
2026-01-17T05:04:31.802747Z	  188 Query	COMMIT
2026-01-17T05:04:31.804826Z	  188 Query	SET autocommit=1
2026-01-17T05:04:31.806339Z	  187 Query	INSERT INTO BATCH_STEP_EXECUTION(STEP_EXECUTION_ID, VERSION, STEP_NAME, JOB_EXECUTION_ID, START_TIME, END_TIME, STATUS, COMMIT_COUNT, READ_COUNT, FILTER_COUNT, WRITE_COUNT, EXIT_CODE, EXIT_MESSAGE, READ_SKIP_COUNT, WRITE_SKIP_COUNT, PROCESS_SKIP_COUNT, ROLLBACK_COUNT, LAST_UPDATED, CREATE_TIME)
	VALUES (15, 0, 'paymentReportStep', 15, null, null, 'STARTING', 0, 0, 0, 0, 'EXECUTING', '', 0, 0, 0, 0, '2026-01-17 14:04:31.799266', '2026-01-17 14:04:31.798069')
2026-01-17T05:04:31.807825Z	  187 Query	INSERT INTO BATCH_STEP_EXECUTION_CONTEXT (SHORT_CONTEXT, SERIALIZED_CONTEXT, STEP_EXECUTION_ID)
	VALUES('rO0ABXNyABFqYXZhLnV0aWwuSGFzaE1hcAUH2sHDFmDRAwACRgAKbG9hZEZhY3RvckkACXRocmVzaG9sZHhwP0AAAAAAAAB3CAAAABAAAAAAeA==', null, 15)
2026-01-17T05:04:31.809018Z	  187 Query	COMMIT
2026-01-17T05:04:31.810885Z	  187 Query	SET autocommit=1
2026-01-17T05:04:31.812643Z	  187 Query	SET autocommit=0
2026-01-17T05:04:31.814317Z	  187 Query	UPDATE BATCH_STEP_EXECUTION
SET START_TIME = '2026-01-17 14:04:31.811767', END_TIME = null, STATUS = 'STARTED', COMMIT_COUNT = 0, READ_COUNT = 0, FILTER_COUNT = 0, WRITE_COUNT = 0, EXIT_CODE = 'EXECUTING', EXIT_MESSAGE = '', VERSION = VERSION + 1, READ_SKIP_COUNT = 0, PROCESS_SKIP_COUNT = 0, WRITE_SKIP_COUNT = 0, ROLLBACK_COUNT = 0, LAST_UPDATED = '2026-01-17 14:04:31.813459'
WHERE STEP_EXECUTION_ID = 15 AND VERSION = 0
2026-01-17T05:04:31.816123Z	  187 Query	SELECT VERSION
FROM BATCH_JOB_EXECUTION
WHERE JOB_EXECUTION_ID=15
2026-01-17T05:04:31.817396Z	  187 Query	COMMIT
2026-01-17T05:04:31.819306Z	  187 Query	SET autocommit=1
2026-01-17T05:04:31.835308Z	  187 Query	SET autocommit=0
2026-01-17T05:04:31.836813Z	  187 Query	UPDATE BATCH_STEP_EXECUTION_CONTEXT
SET SHORT_CONTEXT = 'rO0ABXNyABFqYXZhLnV0aWwuSGFzaE1hcAUH2sHDFmDRAwACRgAKbG9hZEZhY3RvckkACXRocmVzaG9sZHhwP0AAAAAAAAx3CAAAABAAAAAEdAAecGF5bWVudFJlcG9ydFJlYWRlci5yZWFkLmNvdW50c3IAEWphdmEubGFuZy5JbnRlZ2VyEuKgpPeBhzgCAAFJAAV2YWx1ZXhyABBqYXZhLmxhbmcuTnVtYmVyhqyVHQuU4IsCAAB4cAAAAAB0ABFiYXRjaC50YXNrbGV0VHlwZXQAPW9yZy5zcHJpbmdmcmFtZXdvcmsuYmF0Y2guY29yZS5zdGVwLml0ZW0uQ2h1bmtPcmllbnRlZFRhc2tsZXR0AA1iYXRjaC52ZXJzaW9udAAFNS4yLjR0AA5iYXRjaC5zdGVwVHlwZXQAN29yZy5zcHJpbmdmcmFtZXdvcmsuYmF0Y2guY29yZS5zdGVwLnRhc2tsZXQuVGFza2xldFN0ZXB4', SERIALIZED_CONTEXT = null
WHERE STEP_EXECUTION_ID = 15
2026-01-17T05:04:31.838159Z	  187 Query	COMMIT
2026-01-17T05:04:31.840689Z	  187 Query	SET autocommit=1
2026-01-17T05:04:31.842901Z	  187 Query	SET autocommit=0
2026-01-17T05:04:31.844680Z	  188 Query	SET autocommit=0
2026-01-17T05:04:31.965706Z	  188 Query	select ps1_0.id,ps1_0.discount_amount,ps1_0.final_amount,ps1_0.original_amount,ps1_0.partner_corp_name,ps1_0.payment_date from payment_source ps1_0 where ps1_0.payment_date='2025-05-02' limit 0,10
2026-01-17T05:04:31.980317Z	  188 Query	COMMIT
2026-01-17T05:04:31.984730Z	  188 Query	SET autocommit=1
2026-01-17T05:04:31.990308Z	  187 Query	UPDATE BATCH_STEP_EXECUTION_CONTEXT
SET SHORT_CONTEXT = 'rO0ABXNyABFqYXZhLnV0aWwuSGFzaE1hcAUH2sHDFmDRAwACRgAKbG9hZEZhY3RvckkACXRocmVzaG9sZHhwP0AAAAAAAAx3CAAAABAAAAAEdAAecGF5bWVudFJlcG9ydFJlYWRlci5yZWFkLmNvdW50c3IAEWphdmEubGFuZy5JbnRlZ2VyEuKgpPeBhzgCAAFJAAV2YWx1ZXhyABBqYXZhLmxhbmcuTnVtYmVyhqyVHQuU4IsCAAB4cAAAAAp0ABFiYXRjaC50YXNrbGV0VHlwZXQAPW9yZy5zcHJpbmdmcmFtZXdvcmsuYmF0Y2guY29yZS5zdGVwLml0ZW0uQ2h1bmtPcmllbnRlZFRhc2tsZXR0AA1iYXRjaC52ZXJzaW9udAAFNS4yLjR0AA5iYXRjaC5zdGVwVHlwZXQAN29yZy5zcHJpbmdmcmFtZXdvcmsuYmF0Y2guY29yZS5zdGVwLnRhc2tsZXQuVGFza2xldFN0ZXB4', SERIALIZED_CONTEXT = null
WHERE STEP_EXECUTION_ID = 15
2026-01-17T05:04:31.992314Z	  187 Query	UPDATE BATCH_STEP_EXECUTION
SET START_TIME = '2026-01-17 14:04:31.811767', END_TIME = null, STATUS = 'STARTED', COMMIT_COUNT = 1, READ_COUNT = 10, FILTER_COUNT = 0, WRITE_COUNT = 10, EXIT_CODE = 'EXECUTING', EXIT_MESSAGE = '', VERSION = VERSION + 1, READ_SKIP_COUNT = 0, PROCESS_SKIP_COUNT = 0, WRITE_SKIP_COUNT = 0, ROLLBACK_COUNT = 0, LAST_UPDATED = '2026-01-17 14:04:31.991497'
WHERE STEP_EXECUTION_ID = 15 AND VERSION = 1
2026-01-17T05:04:31.993850Z	  187 Query	SELECT VERSION
FROM BATCH_JOB_EXECUTION
WHERE JOB_EXECUTION_ID=15
2026-01-17T05:04:31.995411Z	  187 Query	COMMIT
2026-01-17T05:04:31.997622Z	  187 Query	SET autocommit=1
2026-01-17T05:04:31.999031Z	  187 Query	SET autocommit=0
2026-01-17T05:04:32.000289Z	  188 Query	SET autocommit=0
2026-01-17T05:04:32.002925Z	  188 Query	select ps1_0.id,ps1_0.discount_amount,ps1_0.final_amount,ps1_0.original_amount,ps1_0.partner_corp_name,ps1_0.payment_date from payment_source ps1_0 where ps1_0.payment_date='2025-05-02' limit 10,10
2026-01-17T05:04:32.005635Z	  188 Query	COMMIT
2026-01-17T05:04:32.006892Z	  188 Query	SET autocommit=1
2026-01-17T05:04:32.009727Z	  187 Query	UPDATE BATCH_STEP_EXECUTION_CONTEXT
SET SHORT_CONTEXT = 'rO0ABXNyABFqYXZhLnV0aWwuSGFzaE1hcAUH2sHDFmDRAwACRgAKbG9hZEZhY3RvckkACXRocmVzaG9sZHhwP0AAAAAAAAx3CAAAABAAAAAEdAAecGF5bWVudFJlcG9ydFJlYWRlci5yZWFkLmNvdW50c3IAEWphdmEubGFuZy5JbnRlZ2VyEuKgpPeBhzgCAAFJAAV2YWx1ZXhyABBqYXZhLmxhbmcuTnVtYmVyhqyVHQuU4IsCAAB4cAAAABR0ABFiYXRjaC50YXNrbGV0VHlwZXQAPW9yZy5zcHJpbmdmcmFtZXdvcmsuYmF0Y2guY29yZS5zdGVwLml0ZW0uQ2h1bmtPcmllbnRlZFRhc2tsZXR0AA1iYXRjaC52ZXJzaW9udAAFNS4yLjR0AA5iYXRjaC5zdGVwVHlwZXQAN29yZy5zcHJpbmdmcmFtZXdvcmsuYmF0Y2guY29yZS5zdGVwLnRhc2tsZXQuVGFza2xldFN0ZXB4', SERIALIZED_CONTEXT = null
WHERE STEP_EXECUTION_ID = 15
2026-01-17T05:04:32.012007Z	  187 Query	UPDATE BATCH_STEP_EXECUTION
SET START_TIME = '2026-01-17 14:04:31.811767', END_TIME = null, STATUS = 'STARTED', COMMIT_COUNT = 2, READ_COUNT = 20, FILTER_COUNT = 0, WRITE_COUNT = 20, EXIT_CODE = 'EXECUTING', EXIT_MESSAGE = '', VERSION = VERSION + 1, READ_SKIP_COUNT = 0, PROCESS_SKIP_COUNT = 0, WRITE_SKIP_COUNT = 0, ROLLBACK_COUNT = 0, LAST_UPDATED = '2026-01-17 14:04:32.011228'
WHERE STEP_EXECUTION_ID = 15 AND VERSION = 2
2026-01-17T05:04:32.013451Z	  187 Query	SELECT VERSION
FROM BATCH_JOB_EXECUTION
WHERE JOB_EXECUTION_ID=15
2026-01-17T05:04:32.014909Z	  187 Query	COMMIT
2026-01-17T05:04:32.017121Z	  187 Query	SET autocommit=1
2026-01-17T05:04:32.018467Z	  187 Query	SET autocommit=0
2026-01-17T05:04:32.019812Z	  188 Query	SET autocommit=0
2026-01-17T05:04:32.021827Z	  188 Query	select ps1_0.id,ps1_0.discount_amount,ps1_0.final_amount,ps1_0.original_amount,ps1_0.partner_corp_name,ps1_0.payment_date from payment_source ps1_0 where ps1_0.payment_date='2025-05-02' limit 20,10
2026-01-17T05:04:32.023283Z	  188 Query	COMMIT
2026-01-17T05:04:32.024468Z	  188 Query	SET autocommit=1
2026-01-17T05:04:32.026029Z	  187 Query	UPDATE BATCH_STEP_EXECUTION_CONTEXT
SET SHORT_CONTEXT = 'rO0ABXNyABFqYXZhLnV0aWwuSGFzaE1hcAUH2sHDFmDRAwACRgAKbG9hZEZhY3RvckkACXRocmVzaG9sZHhwP0AAAAAAAAx3CAAAABAAAAAEdAAecGF5bWVudFJlcG9ydFJlYWRlci5yZWFkLmNvdW50c3IAEWphdmEubGFuZy5JbnRlZ2VyEuKgpPeBhzgCAAFJAAV2YWx1ZXhyABBqYXZhLmxhbmcuTnVtYmVyhqyVHQuU4IsCAAB4cAAAABV0ABFiYXRjaC50YXNrbGV0VHlwZXQAPW9yZy5zcHJpbmdmcmFtZXdvcmsuYmF0Y2guY29yZS5zdGVwLml0ZW0uQ2h1bmtPcmllbnRlZFRhc2tsZXR0AA1iYXRjaC52ZXJzaW9udAAFNS4yLjR0AA5iYXRjaC5zdGVwVHlwZXQAN29yZy5zcHJpbmdmcmFtZXdvcmsuYmF0Y2guY29yZS5zdGVwLnRhc2tsZXQuVGFza2xldFN0ZXB4', SERIALIZED_CONTEXT = null
WHERE STEP_EXECUTION_ID = 15
2026-01-17T05:04:32.027976Z	  187 Query	UPDATE BATCH_STEP_EXECUTION
SET START_TIME = '2026-01-17 14:04:31.811767', END_TIME = null, STATUS = 'STARTED', COMMIT_COUNT = 3, READ_COUNT = 20, FILTER_COUNT = 0, WRITE_COUNT = 20, EXIT_CODE = 'EXECUTING', EXIT_MESSAGE = '', VERSION = VERSION + 1, READ_SKIP_COUNT = 0, PROCESS_SKIP_COUNT = 0, WRITE_SKIP_COUNT = 0, ROLLBACK_COUNT = 0, LAST_UPDATED = '2026-01-17 14:04:32.02693'
WHERE STEP_EXECUTION_ID = 15 AND VERSION = 3
2026-01-17T05:04:32.029453Z	  187 Query	SELECT VERSION
FROM BATCH_JOB_EXECUTION
WHERE JOB_EXECUTION_ID=15
2026-01-17T05:04:32.030820Z	  187 Query	COMMIT
2026-01-17T05:04:32.033618Z	  187 Query	SET autocommit=1
2026-01-17T05:04:32.035497Z	  187 Query	SET autocommit=0
2026-01-17T05:04:32.036711Z	  187 Query	UPDATE BATCH_STEP_EXECUTION_CONTEXT
SET SHORT_CONTEXT = 'rO0ABXNyABFqYXZhLnV0aWwuSGFzaE1hcAUH2sHDFmDRAwACRgAKbG9hZEZhY3RvckkACXRocmVzaG9sZHhwP0AAAAAAAAx3CAAAABAAAAAEdAAecGF5bWVudFJlcG9ydFJlYWRlci5yZWFkLmNvdW50c3IAEWphdmEubGFuZy5JbnRlZ2VyEuKgpPeBhzgCAAFJAAV2YWx1ZXhyABBqYXZhLmxhbmcuTnVtYmVyhqyVHQuU4IsCAAB4cAAAABV0ABFiYXRjaC50YXNrbGV0VHlwZXQAPW9yZy5zcHJpbmdmcmFtZXdvcmsuYmF0Y2guY29yZS5zdGVwLml0ZW0uQ2h1bmtPcmllbnRlZFRhc2tsZXR0AA1iYXRjaC52ZXJzaW9udAAFNS4yLjR0AA5iYXRjaC5zdGVwVHlwZXQAN29yZy5zcHJpbmdmcmFtZXdvcmsuYmF0Y2guY29yZS5zdGVwLnRhc2tsZXQuVGFza2xldFN0ZXB4', SERIALIZED_CONTEXT = null
WHERE STEP_EXECUTION_ID = 15
2026-01-17T05:04:32.037863Z	  187 Query	COMMIT
2026-01-17T05:04:32.038746Z	  187 Query	SET autocommit=1
2026-01-17T05:04:32.039899Z	  187 Query	SET autocommit=0
2026-01-17T05:04:32.041354Z	  187 Query	UPDATE BATCH_STEP_EXECUTION
SET START_TIME = '2026-01-17 14:04:31.811767', END_TIME = '2026-01-17 14:04:32.034644', STATUS = 'COMPLETED', COMMIT_COUNT = 3, READ_COUNT = 20, FILTER_COUNT = 0, WRITE_COUNT = 20, EXIT_CODE = 'COMPLETED', EXIT_MESSAGE = '', VERSION = VERSION + 1, READ_SKIP_COUNT = 0, PROCESS_SKIP_COUNT = 0, WRITE_SKIP_COUNT = 0, ROLLBACK_COUNT = 0, LAST_UPDATED = '2026-01-17 14:04:32.040565'
WHERE STEP_EXECUTION_ID = 15 AND VERSION = 4
2026-01-17T05:04:32.042599Z	  187 Query	SELECT VERSION
FROM BATCH_JOB_EXECUTION
WHERE JOB_EXECUTION_ID=15
2026-01-17T05:04:32.044311Z	  187 Query	COMMIT
2026-01-17T05:04:32.046441Z	  187 Query	SET autocommit=1
2026-01-17T05:04:32.047628Z	  188 Query	SET autocommit=0
2026-01-17T05:04:32.048972Z	  188 Query	UPDATE BATCH_JOB_EXECUTION_CONTEXT
SET SHORT_CONTEXT = 'rO0ABXNyABFqYXZhLnV0aWwuSGFzaE1hcAUH2sHDFmDRAwACRgAKbG9hZEZhY3RvckkACXRocmVzaG9sZHhwP0AAAAAAAAx3CAAAABAAAAABdAANYmF0Y2gudmVyc2lvbnQABTUuMi40eA==', SERIALIZED_CONTEXT = null
WHERE JOB_EXECUTION_ID = 15
2026-01-17T05:04:32.050189Z	  188 Query	COMMIT
2026-01-17T05:04:32.052121Z	  188 Query	SET autocommit=1
2026-01-17T05:04:32.053658Z	  188 Query	SET autocommit=0
2026-01-17T05:04:32.054811Z	  188 Query	SELECT VERSION
FROM BATCH_JOB_EXECUTION
WHERE JOB_EXECUTION_ID=15
2026-01-17T05:04:32.056186Z	  188 Query	SELECT COUNT(*)
FROM BATCH_JOB_EXECUTION
WHERE JOB_EXECUTION_ID = 15
2026-01-17T05:04:32.057806Z	  188 Query	UPDATE BATCH_JOB_EXECUTION
SET START_TIME = '2026-01-17 14:04:31.778527', END_TIME = '2026-01-17 14:04:32.053111',  STATUS = 'COMPLETED', EXIT_CODE = 'COMPLETED', EXIT_MESSAGE = '', VERSION = VERSION + 1, CREATE_TIME = '2026-01-17 14:04:31.74864', LAST_UPDATED = '2026-01-17 14:04:32.054319'
WHERE JOB_EXECUTION_ID = 15 AND VERSION = 1
2026-01-17T05:04:32.059156Z	  188 Query	COMMIT
2026-01-17T05:04:32.061875Z	  188 Query	SET autocommit=1
2026-01-17T05:04:32.071949Z	  187 Quit	
2026-01-17T05:04:32.073265Z	  189 Quit	
2026-01-17T05:04:32.073291Z	  192 Quit	
2026-01-17T05:04:32.073298Z	  188 Quit	
2026-01-17T05:04:32.073383Z	  193 Quit	
2026-01-17T05:04:32.073391Z	  190 Quit	
2026-01-17T05:04:32.073450Z	  194 Quit	
2026-01-17T05:04:32.073458Z	  191 Quit	
2026-01-17T05:04:32.073548Z	  195 Quit	
2026-01-17T05:04:32.073550Z	  196 Quit	
2026-01-17T05:13:37.948623Z	  156 Query	SELECT @@session.transaction_isolation
2026-01-17T05:13:37.952550Z	  156 Query	/* ApplicationName=IntelliJ IDEA 2025.1.3 */ SET SESSION TRANSACTION READ WRITE
2026-01-17T05:13:37.955554Z	  156 Query	SELECT @@session.transaction_read_only
2026-01-17T05:13:37.961553Z	  156 Query	SELECT @@session.transaction_read_only
2026-01-17T05:13:37.964857Z	  156 Query	/* ApplicationName=IntelliJ IDEA 2025.1.3 */ SET net_write_timeout=600
2026-01-17T05:13:37.968798Z	  156 Query	/* ApplicationName=IntelliJ IDEA 2025.1.3 */ INSERT INTO payment_source (discount_amount, final_amount, original_amount, partner_corp_name, payment_date)
VALUES (0, 0, 0, 'Partner Corp 1', '2025-05-02')
2026-01-17T05:13:37.978176Z	  156 Query	/* ApplicationName=IntelliJ IDEA 2025.1.3 */ select database()
2026-01-17T05:13:37.988324Z	  156 Query	SELECT @@session.transaction_isolation
2026-01-17T05:13:42.720221Z	  197 Connect	root@172.24.0.1 on spring_batch using TCP/IP
2026-01-17T05:13:42.729608Z	  197 Query	/* mysql-connector-j-9.5.0 (Revision: a7b3c94f50efbddb9f0dd69b3e0d1aaa25305cd6) */SELECT  @@session.auto_increment_increment AS auto_increment_increment, @@character_set_client AS character_set_client, @@character_set_connection AS character_set_connection, @@character_set_results AS character_set_results, @@character_set_server AS character_set_server, @@collation_server AS collation_server, @@collation_connection AS collation_connection, @@init_connect AS init_connect, @@interactive_timeout AS interactive_timeout, @@license AS license, @@lower_case_table_names AS lower_case_table_names, @@max_allowed_packet AS max_allowed_packet, @@net_write_timeout AS net_write_timeout, @@performance_schema AS performance_schema, @@sql_mode AS sql_mode, @@system_time_zone AS system_time_zone, @@time_zone AS time_zone, @@transaction_isolation AS transaction_isolation, @@wait_timeout AS wait_timeout
2026-01-17T05:13:42.736589Z	  197 Query	SET character_set_results = NULL
2026-01-17T05:13:42.739382Z	  197 Query	SET autocommit=1
2026-01-17T05:13:42.743973Z	  197 Query	SELECT @@session.transaction_read_only
2026-01-17T05:13:42.746481Z	  197 Query	SELECT @@session.transaction_isolation
2026-01-17T05:13:42.856597Z	  198 Connect	root@172.24.0.1 on spring_batch using TCP/IP
2026-01-17T05:13:42.862900Z	  198 Query	/* mysql-connector-j-9.5.0 (Revision: a7b3c94f50efbddb9f0dd69b3e0d1aaa25305cd6) */SELECT  @@session.auto_increment_increment AS auto_increment_increment, @@character_set_client AS character_set_client, @@character_set_connection AS character_set_connection, @@character_set_results AS character_set_results, @@character_set_server AS character_set_server, @@collation_server AS collation_server, @@collation_connection AS collation_connection, @@init_connect AS init_connect, @@interactive_timeout AS interactive_timeout, @@license AS license, @@lower_case_table_names AS lower_case_table_names, @@max_allowed_packet AS max_allowed_packet, @@net_write_timeout AS net_write_timeout, @@performance_schema AS performance_schema, @@sql_mode AS sql_mode, @@system_time_zone AS system_time_zone, @@time_zone AS time_zone, @@transaction_isolation AS transaction_isolation, @@wait_timeout AS wait_timeout
2026-01-17T05:13:42.868193Z	  198 Query	SET character_set_results = NULL
2026-01-17T05:13:42.873395Z	  198 Query	SET autocommit=1
2026-01-17T05:13:42.877456Z	  198 Query	SELECT @@session.transaction_read_only
2026-01-17T05:13:42.914045Z	  199 Connect	root@172.24.0.1 on spring_batch using TCP/IP
2026-01-17T05:13:42.915531Z	  199 Query	/* mysql-connector-j-9.5.0 (Revision: a7b3c94f50efbddb9f0dd69b3e0d1aaa25305cd6) */SELECT  @@session.auto_increment_increment AS auto_increment_increment, @@character_set_client AS character_set_client, @@character_set_connection AS character_set_connection, @@character_set_results AS character_set_results, @@character_set_server AS character_set_server, @@collation_server AS collation_server, @@collation_connection AS collation_connection, @@init_connect AS init_connect, @@interactive_timeout AS interactive_timeout, @@license AS license, @@lower_case_table_names AS lower_case_table_names, @@max_allowed_packet AS max_allowed_packet, @@net_write_timeout AS net_write_timeout, @@performance_schema AS performance_schema, @@sql_mode AS sql_mode, @@system_time_zone AS system_time_zone, @@time_zone AS time_zone, @@transaction_isolation AS transaction_isolation, @@wait_timeout AS wait_timeout
2026-01-17T05:13:42.916841Z	  199 Query	SET character_set_results = NULL
2026-01-17T05:13:42.918156Z	  199 Query	SET autocommit=1
2026-01-17T05:13:42.919473Z	  199 Query	SELECT @@session.transaction_read_only
2026-01-17T05:13:42.928960Z	  197 Query	SELECT WORD FROM INFORMATION_SCHEMA.KEYWORDS WHERE RESERVED = 1 ORDER BY WORD
2026-01-17T05:13:42.952462Z	  197 Query	SELECT @@character_set_database, @@sql_mode
2026-01-17T05:13:42.954976Z	  200 Connect	root@172.24.0.1 on spring_batch using TCP/IP
2026-01-17T05:13:42.956441Z	  200 Query	/* mysql-connector-j-9.5.0 (Revision: a7b3c94f50efbddb9f0dd69b3e0d1aaa25305cd6) */SELECT  @@session.auto_increment_increment AS auto_increment_increment, @@character_set_client AS character_set_client, @@character_set_connection AS character_set_connection, @@character_set_results AS character_set_results, @@character_set_server AS character_set_server, @@collation_server AS collation_server, @@collation_connection AS collation_connection, @@init_connect AS init_connect, @@interactive_timeout AS interactive_timeout, @@license AS license, @@lower_case_table_names AS lower_case_table_names, @@max_allowed_packet AS max_allowed_packet, @@net_write_timeout AS net_write_timeout, @@performance_schema AS performance_schema, @@sql_mode AS sql_mode, @@system_time_zone AS system_time_zone, @@time_zone AS time_zone, @@transaction_isolation AS transaction_isolation, @@wait_timeout AS wait_timeout
2026-01-17T05:13:42.958211Z	  200 Query	SET character_set_results = NULL
2026-01-17T05:13:42.959602Z	  200 Query	SET autocommit=1
2026-01-17T05:13:42.960906Z	  200 Query	SELECT @@session.transaction_read_only
2026-01-17T05:13:42.997451Z	  201 Connect	root@172.24.0.1 on spring_batch using TCP/IP
2026-01-17T05:13:42.999636Z	  201 Query	/* mysql-connector-j-9.5.0 (Revision: a7b3c94f50efbddb9f0dd69b3e0d1aaa25305cd6) */SELECT  @@session.auto_increment_increment AS auto_increment_increment, @@character_set_client AS character_set_client, @@character_set_connection AS character_set_connection, @@character_set_results AS character_set_results, @@character_set_server AS character_set_server, @@collation_server AS collation_server, @@collation_connection AS collation_connection, @@init_connect AS init_connect, @@interactive_timeout AS interactive_timeout, @@license AS license, @@lower_case_table_names AS lower_case_table_names, @@max_allowed_packet AS max_allowed_packet, @@net_write_timeout AS net_write_timeout, @@performance_schema AS performance_schema, @@sql_mode AS sql_mode, @@system_time_zone AS system_time_zone, @@time_zone AS time_zone, @@transaction_isolation AS transaction_isolation, @@wait_timeout AS wait_timeout
2026-01-17T05:13:43.001822Z	  201 Query	SET character_set_results = NULL
2026-01-17T05:13:43.003116Z	  201 Query	SET autocommit=1
2026-01-17T05:13:43.004518Z	  201 Query	SELECT @@session.transaction_read_only
2026-01-17T05:13:43.046296Z	  202 Connect	root@172.24.0.1 on spring_batch using TCP/IP
2026-01-17T05:13:43.048027Z	  202 Query	/* mysql-connector-j-9.5.0 (Revision: a7b3c94f50efbddb9f0dd69b3e0d1aaa25305cd6) */SELECT  @@session.auto_increment_increment AS auto_increment_increment, @@character_set_client AS character_set_client, @@character_set_connection AS character_set_connection, @@character_set_results AS character_set_results, @@character_set_server AS character_set_server, @@collation_server AS collation_server, @@collation_connection AS collation_connection, @@init_connect AS init_connect, @@interactive_timeout AS interactive_timeout, @@license AS license, @@lower_case_table_names AS lower_case_table_names, @@max_allowed_packet AS max_allowed_packet, @@net_write_timeout AS net_write_timeout, @@performance_schema AS performance_schema, @@sql_mode AS sql_mode, @@system_time_zone AS system_time_zone, @@time_zone AS time_zone, @@transaction_isolation AS transaction_isolation, @@wait_timeout AS wait_timeout
2026-01-17T05:13:43.049473Z	  202 Query	SET character_set_results = NULL
2026-01-17T05:13:43.050784Z	  202 Query	SET autocommit=1
2026-01-17T05:13:43.052197Z	  202 Query	SELECT @@session.transaction_read_only
2026-01-17T05:13:43.091614Z	  203 Connect	root@172.24.0.1 on spring_batch using TCP/IP
2026-01-17T05:13:43.095983Z	  203 Query	/* mysql-connector-j-9.5.0 (Revision: a7b3c94f50efbddb9f0dd69b3e0d1aaa25305cd6) */SELECT  @@session.auto_increment_increment AS auto_increment_increment, @@character_set_client AS character_set_client, @@character_set_connection AS character_set_connection, @@character_set_results AS character_set_results, @@character_set_server AS character_set_server, @@collation_server AS collation_server, @@collation_connection AS collation_connection, @@init_connect AS init_connect, @@interactive_timeout AS interactive_timeout, @@license AS license, @@lower_case_table_names AS lower_case_table_names, @@max_allowed_packet AS max_allowed_packet, @@net_write_timeout AS net_write_timeout, @@performance_schema AS performance_schema, @@sql_mode AS sql_mode, @@system_time_zone AS system_time_zone, @@time_zone AS time_zone, @@transaction_isolation AS transaction_isolation, @@wait_timeout AS wait_timeout
2026-01-17T05:13:43.098937Z	  203 Query	SET character_set_results = NULL
2026-01-17T05:13:43.101708Z	  203 Query	SET autocommit=1
2026-01-17T05:13:43.103067Z	  203 Query	SELECT @@session.transaction_read_only
2026-01-17T05:13:43.143485Z	  204 Connect	root@172.24.0.1 on spring_batch using TCP/IP
2026-01-17T05:13:43.147654Z	  204 Query	/* mysql-connector-j-9.5.0 (Revision: a7b3c94f50efbddb9f0dd69b3e0d1aaa25305cd6) */SELECT  @@session.auto_increment_increment AS auto_increment_increment, @@character_set_client AS character_set_client, @@character_set_connection AS character_set_connection, @@character_set_results AS character_set_results, @@character_set_server AS character_set_server, @@collation_server AS collation_server, @@collation_connection AS collation_connection, @@init_connect AS init_connect, @@interactive_timeout AS interactive_timeout, @@license AS license, @@lower_case_table_names AS lower_case_table_names, @@max_allowed_packet AS max_allowed_packet, @@net_write_timeout AS net_write_timeout, @@performance_schema AS performance_schema, @@sql_mode AS sql_mode, @@system_time_zone AS system_time_zone, @@time_zone AS time_zone, @@transaction_isolation AS transaction_isolation, @@wait_timeout AS wait_timeout
2026-01-17T05:13:43.150926Z	  204 Query	SET character_set_results = NULL
2026-01-17T05:13:43.152706Z	  204 Query	SET autocommit=1
2026-01-17T05:13:43.153947Z	  204 Query	SELECT @@session.transaction_read_only
2026-01-17T05:13:43.188567Z	  205 Connect	root@172.24.0.1 on spring_batch using TCP/IP
2026-01-17T05:13:43.191951Z	  205 Query	/* mysql-connector-j-9.5.0 (Revision: a7b3c94f50efbddb9f0dd69b3e0d1aaa25305cd6) */SELECT  @@session.auto_increment_increment AS auto_increment_increment, @@character_set_client AS character_set_client, @@character_set_connection AS character_set_connection, @@character_set_results AS character_set_results, @@character_set_server AS character_set_server, @@collation_server AS collation_server, @@collation_connection AS collation_connection, @@init_connect AS init_connect, @@interactive_timeout AS interactive_timeout, @@license AS license, @@lower_case_table_names AS lower_case_table_names, @@max_allowed_packet AS max_allowed_packet, @@net_write_timeout AS net_write_timeout, @@performance_schema AS performance_schema, @@sql_mode AS sql_mode, @@system_time_zone AS system_time_zone, @@time_zone AS time_zone, @@transaction_isolation AS transaction_isolation, @@wait_timeout AS wait_timeout
2026-01-17T05:13:43.196020Z	  205 Query	SET character_set_results = NULL
2026-01-17T05:13:43.197316Z	  205 Query	SET autocommit=1
2026-01-17T05:13:43.198621Z	  205 Query	SELECT @@session.transaction_read_only
2026-01-17T05:13:43.240675Z	  206 Connect	root@172.24.0.1 on spring_batch using TCP/IP
2026-01-17T05:13:43.246555Z	  206 Query	/* mysql-connector-j-9.5.0 (Revision: a7b3c94f50efbddb9f0dd69b3e0d1aaa25305cd6) */SELECT  @@session.auto_increment_increment AS auto_increment_increment, @@character_set_client AS character_set_client, @@character_set_connection AS character_set_connection, @@character_set_results AS character_set_results, @@character_set_server AS character_set_server, @@collation_server AS collation_server, @@collation_connection AS collation_connection, @@init_connect AS init_connect, @@interactive_timeout AS interactive_timeout, @@license AS license, @@lower_case_table_names AS lower_case_table_names, @@max_allowed_packet AS max_allowed_packet, @@net_write_timeout AS net_write_timeout, @@performance_schema AS performance_schema, @@sql_mode AS sql_mode, @@system_time_zone AS system_time_zone, @@time_zone AS time_zone, @@transaction_isolation AS transaction_isolation, @@wait_timeout AS wait_timeout
2026-01-17T05:13:43.250120Z	  206 Query	SET character_set_results = NULL
2026-01-17T05:13:43.251644Z	  206 Query	SET autocommit=1
2026-01-17T05:13:43.252943Z	  206 Query	SELECT @@session.transaction_read_only
2026-01-17T05:13:43.307485Z	  197 Query	SELECT TABLE_SCHEMA AS TABLE_CAT, NULL AS TABLE_SCHEM, TABLE_NAME, CASE WHEN TABLE_TYPE = 'BASE TABLE' THEN CASE WHEN TABLE_SCHEMA = 'mysql' OR TABLE_SCHEMA = 'performance_schema' OR TABLE_SCHEMA = 'sys' THEN 'SYSTEM TABLE' ELSE 'TABLE' END WHEN TABLE_TYPE = 'TEMPORARY' THEN 'LOCAL_TEMPORARY' ELSE TABLE_TYPE END AS TABLE_TYPE, TABLE_COMMENT AS REMARKS, NULL AS TYPE_CAT, NULL AS TYPE_SCHEM, NULL AS TYPE_NAME, NULL AS SELF_REFERENCING_COL_NAME, NULL AS REF_GENERATION FROM INFORMATION_SCHEMA.TABLES WHERE TABLE_SCHEMA = 'spring_batch' AND TABLE_NAME LIKE '%' HAVING TABLE_TYPE IN ('TABLE','VIEW',null,null,null) ORDER BY TABLE_TYPE, TABLE_SCHEMA, TABLE_NAME
2026-01-17T05:13:43.316763Z	  197 Query	SELECT DEFAULT_COLLATION_NAME FROM INFORMATION_SCHEMA.SCHEMATA WHERE SCHEMA_NAME = 'information_schema'
2026-01-17T05:13:43.327163Z	  197 Query	SELECT TABLE_SCHEMA, NULL, TABLE_NAME, COLUMN_NAME, CASE WHEN UPPER(DATA_TYPE) = 'DECIMAL' THEN 3 WHEN UPPER(DATA_TYPE) = 'DECIMAL UNSIGNED' THEN 3 WHEN UPPER(DATA_TYPE) = 'TINYINT' THEN IF(LOCATE('ZEROFILL', UPPER(COLUMN_TYPE)) = 0 AND LOCATE('UNSIGNED', UPPER(COLUMN_TYPE)) = 0 AND LOCATE('(1)', COLUMN_TYPE) != 0, -7, -6) WHEN UPPER(DATA_TYPE) = 'TINYINT UNSIGNED' THEN IF(LOCATE('ZEROFILL', UPPER(COLUMN_TYPE)) = 0 AND LOCATE('UNSIGNED', UPPER(COLUMN_TYPE)) = 0 AND LOCATE('(1)', COLUMN_TYPE) != 0, -7, -6) WHEN UPPER(DATA_TYPE) = 'BOOLEAN' THEN 16 WHEN UPPER(DATA_TYPE) = 'SMALLINT' THEN 5 WHEN UPPER(DATA_TYPE) = 'SMALLINT UNSIGNED' THEN 5 WHEN UPPER(DATA_TYPE) = 'INT' THEN 4 WHEN UPPER(DATA_TYPE) = 'INT UNSIGNED' THEN 4 WHEN UPPER(DATA_TYPE) = 'FLOAT' THEN 7 WHEN UPPER(DATA_TYPE) = 'FLOAT UNSIGNED' THEN 7 WHEN UPPER(DATA_TYPE) = 'DOUBLE' THEN 8 WHEN UPPER(DATA_TYPE) = 'DOUBLE UNSIGNED' THEN 8 WHEN UPPER(DATA_TYPE) = 'NULL' THEN 0 WHEN UPPER(DATA_TYPE) = 'TIMESTAMP' THEN 93 WHEN UPPER(DATA_TYPE) = 'BIGINT' THEN -5 WHEN UPPER(DATA_TYPE) = 'BIGINT UNSIGNED' THEN -5 WHEN UPPER(DATA_TYPE) = 'MEDIUMINT' THEN 4 WHEN UPPER(DATA_TYPE) = 'MEDIUMINT UNSIGNED' THEN 4 WHEN UPPER(DATA_TYPE) = 'DATE' THEN 91 WHEN UPPER(DATA_TYPE) = 'TIME' THEN 92 WHEN UPPER(DATA_TYPE) = 'DATETIME' THEN 93 WHEN UPPER(DATA_TYPE) = 'YEAR' THEN 91 WHEN UPPER(DATA_TYPE) = 'VARCHAR' THEN 12 WHEN UPPER(DATA_TYPE) = 'VARBINARY' THEN -3 WHEN UPPER(DATA_TYPE) = 'BIT' THEN -7 WHEN UPPER(DATA_TYPE) = 'JSON' THEN -1 WHEN UPPER(DATA_TYPE) = 'ENUM' THEN 1 WHEN UPPER(DATA_TYPE) = 'SET' THEN 1 WHEN UPPER(DATA_TYPE) = 'TINYBLOB' THEN -3 WHEN UPPER(DATA_TYPE) = 'TINYTEXT' THEN 12 WHEN UPPER(DATA_TYPE) = 'MEDIUMBLOB' THEN -4 WHEN UPPER(DATA_TYPE) = 'MEDIUMTEXT' THEN -1 WHEN UPPER(DATA_TYPE) = 'LONGBLOB' THEN -4 WHEN UPPER(DATA_TYPE) = 'LONGTEXT' THEN -1 WHEN UPPER(DATA_TYPE) = 'BLOB' THEN -4 WHEN UPPER(DATA_TYPE) = 'TEXT' THEN -1 WHEN UPPER(DATA_TYPE) = 'CHAR' THEN 1 WHEN UPPER(DATA_TYPE) = 'BINARY' THEN -2 WHEN UPPER(DATA_TYPE) = 'GEOMETRY' THEN -2 WHEN UPPER(DATA_TYPE) = 'VECTOR' THEN -4 WHEN UPPER(DATA_TYPE) = 'UNKNOWN' THEN 1111 WHEN UPPER(DATA_TYPE) = 'POINT' THEN -2 WHEN UPPER(DATA_TYPE) = 'LINESTRING' THEN -2 WHEN UPPER(DATA_TYPE) = 'POLYGON' THEN -2 WHEN UPPER(DATA_TYPE) = 'MULTIPOINT' THEN -2 WHEN UPPER(DATA_TYPE) = 'MULTILINESTRING' THEN -2 WHEN UPPER(DATA_TYPE) = 'MULTIPOLYGON' THEN -2 WHEN UPPER(DATA_TYPE) = 'GEOMETRYCOLLECTION' THEN -2 WHEN UPPER(DATA_TYPE) = 'GEOMCOLLECTION' THEN -2 ELSE 1111 END AS DATA_TYPE, UPPER(CASE WHEN UPPER(DATA_TYPE) = 'TINYINT' THEN CASE WHEN LOCATE('ZEROFILL', UPPER(COLUMN_TYPE)) = 0 AND LOCATE('UNSIGNED', UPPER(COLUMN_TYPE)) = 0 AND LOCATE('(1)', COLUMN_TYPE) != 0 THEN 'BIT' WHEN LOCATE('UNSIGNED', UPPER(COLUMN_TYPE)) != 0 AND LOCATE('UNSIGNED', UPPER(DATA_TYPE)) = 0 THEN 'TINYINT UNSIGNED' ELSE DATA_TYPE END WHEN LOCATE('UNSIGNED', UPPER(COLUMN_TYPE)) != 0 AND LOCATE('UNSIGNED', UPPER(DATA_TYPE)) = 0 AND LOCATE('SET', UPPER(DATA_TYPE)) <> 1 AND LOCATE('ENUM', UPPER(DATA_TYPE)) <> 1 THEN CONCAT(DATA_TYPE, ' UNSIGNED') WHEN UPPER(DATA_TYPE) = 'POINT' THEN 'GEOMETRY' WHEN UPPER(DATA_TYPE) = 'LINESTRING' THEN 'GEOMETRY' WHEN UPPER(DATA_TYPE) = 'POLYGON' THEN 'GEOMETRY' WHEN UPPER(DATA_TYPE) = 'MULTIPOINT' THEN 'GEOMETRY' WHEN UPPER(DATA_TYPE) = 'MULTILINESTRING' THEN 'GEOMETRY' WHEN UPPER(DATA_TYPE) = 'MULTIPOLYGON' THEN 'GEOMETRY' WHEN UPPER(DATA_TYPE) = 'GEOMETRYCOLLECTION' THEN 'GEOMETRY' WHEN UPPER(DATA_TYPE) = 'GEOMCOLLECTION' THEN 'GEOMETRY' ELSE UPPER(DATA_TYPE) END) AS TYPE_NAME, UPPER(CASE WHEN UPPER(DATA_TYPE) = 'YEAR' THEN 4 WHEN UPPER(DATA_TYPE) = 'DATE' THEN 10 WHEN UPPER(DATA_TYPE) = 'DATETIME' OR UPPER(DATA_TYPE) = 'TIMESTAMP' THEN 19 + IF(DATETIME_PRECISION > 0, DATETIME_PRECISION + 1, DATETIME_PRECISION) WHEN UPPER(DATA_TYPE) = 'TIME' THEN 8 + IF(DATETIME_PRECISION > 0, DATETIME_PRECISION + 1, DATETIME_PRECISION) WHEN UPPER(DATA_TYPE) = 'TINYINT' AND LOCATE('ZEROFILL', UPPER(COLUMN_TYPE)) = 0 AND LOCATE('UNSIGNED', UPPER(COLUMN_TYPE)) = 0 AND LOCATE('(1)', COLUMN_TYPE) != 0 THEN 1 WHEN UPPER(DATA_TYPE) = 'MEDIUMINT' AND LOCATE('UNSIGNED', UPPER(COLUMN_TYPE)) != 0 THEN 8 WHEN UPPER(DATA_TYPE) = 'JSON' THEN 1073741824 WHEN UPPER(DATA_TYPE) = 'GEOMETRY' THEN 65535 WHEN UPPER(DATA_TYPE) = 'POINT' THEN 65535 WHEN UPPER(DATA_TYPE) = 'LINESTRING' THEN 65535 WHEN UPPER(DATA_TYPE) = 'POLYGON' THEN 65535 WHEN UPPER(DATA_TYPE) = 'MULTIPOINT' THEN 65535 WHEN UPPER(DATA_TYPE) = 'MULTILINESTRING' THEN 65535 WHEN UPPER(DATA_TYPE) = 'MULTIPOLYGON' THEN 65535 WHEN UPPER(DATA_TYPE) = 'GEOMETRYCOLLECTION' THEN 65535 WHEN UPPER(DATA_TYPE) = 'GEOMCOLLECTION' THEN 65535 WHEN CHARACTER_MAXIMUM_LENGTH IS NULL THEN NUMERIC_PRECISION WHEN CHARACTER_MAXIMUM_LENGTH > 2147483647 THEN 2147483647 ELSE CHARACTER_MAXIMUM_LENGTH END) AS COLUMN_SIZE, 65535 AS BUFFER_LENGTH, UPPER(CASE WHEN UPPER(DATA_TYPE) = 'DECIMAL' THEN NUMERIC_SCALE WHEN UPPER(DATA_TYPE) = 'FLOAT' OR UPPER(DATA_TYPE) = 'DOUBLE' THEN IF(NUMERIC_SCALE IS NULL, 0, NUMERIC_SCALE) ELSE NULL END) AS DECIMAL_DIGITS, 10 AS NUM_PREC_RADIX, CASE WHEN IS_NULLABLE COLLATE utf8mb3_general_ci= 'NO' THEN 0 ELSE CASE WHEN IS_NULLABLE COLLATE utf8mb3_general_ci= 'YES' THEN 1 ELSE 2 END END AS NULLABLE, COLUMN_COMMENT AS REMARKS, COLUMN_DEFAULT AS COLUMN_DEF, 0 AS SQL_DATA_TYPE, 0 AS SQL_DATETIME_SUB, CASE WHEN CHARACTER_OCTET_LENGTH > 2147483647 THEN 2147483647 ELSE CHARACTER_OCTET_LENGTH END AS CHAR_OCTET_LENGTH, ORDINAL_POSITION, IS_NULLABLE, NULL AS SCOPE_CATALOG, NULL AS SCOPE_SCHEMA, NULL AS SCOPE_TABLE, NULL AS SOURCE_DATA_TYPE, IF (EXTRA COLLATE utf8mb3_general_ci LIKE '%auto_increment%','YES','NO') AS IS_AUTOINCREMENT, IF (EXTRA COLLATE utf8mb3_general_ci LIKE  '%GENERATED%','YES','NO') AS IS_GENERATEDCOLUMN FROM INFORMATION_SCHEMA.COLUMNS WHERE TABLE_SCHEMA = 'spring_batch' AND COLUMN_NAME LIKE '%' ORDER BY TABLE_SCHEMA, TABLE_NAME, ORDINAL_POSITION
2026-01-17T05:13:43.335458Z	  197 Query	SELECT @@session.transaction_read_only
2026-01-17T05:13:43.336850Z	  197 Query	alter table payment modify column amount decimal(38,2) not null
2026-01-17T05:13:43.424566Z	  197 Quit	
2026-01-17T05:13:43.425634Z	  198 Quit	
2026-01-17T05:13:43.425683Z	  202 Quit	
2026-01-17T05:13:43.425684Z	  199 Quit	
2026-01-17T05:13:43.425691Z	  201 Quit	
2026-01-17T05:13:43.425697Z	  203 Quit	
2026-01-17T05:13:43.425705Z	  204 Quit	
2026-01-17T05:13:43.425739Z	  206 Quit	
2026-01-17T05:13:43.425760Z	  200 Quit	
2026-01-17T05:13:43.425783Z	  205 Quit	
2026-01-17T05:14:09.007683Z	  207 Connect	root@172.24.0.1 on spring_batch using TCP/IP
2026-01-17T05:14:09.014361Z	  207 Query	/* mysql-connector-j-9.5.0 (Revision: a7b3c94f50efbddb9f0dd69b3e0d1aaa25305cd6) */SELECT  @@session.auto_increment_increment AS auto_increment_increment, @@character_set_client AS character_set_client, @@character_set_connection AS character_set_connection, @@character_set_results AS character_set_results, @@character_set_server AS character_set_server, @@collation_server AS collation_server, @@collation_connection AS collation_connection, @@init_connect AS init_connect, @@interactive_timeout AS interactive_timeout, @@license AS license, @@lower_case_table_names AS lower_case_table_names, @@max_allowed_packet AS max_allowed_packet, @@net_write_timeout AS net_write_timeout, @@performance_schema AS performance_schema, @@sql_mode AS sql_mode, @@system_time_zone AS system_time_zone, @@time_zone AS time_zone, @@transaction_isolation AS transaction_isolation, @@wait_timeout AS wait_timeout
2026-01-17T05:14:09.019186Z	  207 Query	SET character_set_results = NULL
2026-01-17T05:14:09.021127Z	  207 Query	SET autocommit=1
2026-01-17T05:14:09.023769Z	  207 Query	SELECT @@session.transaction_read_only
2026-01-17T05:14:09.025430Z	  207 Query	SELECT @@session.transaction_isolation
2026-01-17T05:14:09.134921Z	  208 Connect	root@172.24.0.1 on spring_batch using TCP/IP
2026-01-17T05:14:09.136331Z	  208 Query	/* mysql-connector-j-9.5.0 (Revision: a7b3c94f50efbddb9f0dd69b3e0d1aaa25305cd6) */SELECT  @@session.auto_increment_increment AS auto_increment_increment, @@character_set_client AS character_set_client, @@character_set_connection AS character_set_connection, @@character_set_results AS character_set_results, @@character_set_server AS character_set_server, @@collation_server AS collation_server, @@collation_connection AS collation_connection, @@init_connect AS init_connect, @@interactive_timeout AS interactive_timeout, @@license AS license, @@lower_case_table_names AS lower_case_table_names, @@max_allowed_packet AS max_allowed_packet, @@net_write_timeout AS net_write_timeout, @@performance_schema AS performance_schema, @@sql_mode AS sql_mode, @@system_time_zone AS system_time_zone, @@time_zone AS time_zone, @@transaction_isolation AS transaction_isolation, @@wait_timeout AS wait_timeout
2026-01-17T05:14:09.138148Z	  208 Query	SET character_set_results = NULL
2026-01-17T05:14:09.139225Z	  208 Query	SET autocommit=1
2026-01-17T05:14:09.140527Z	  208 Query	SELECT @@session.transaction_read_only
2026-01-17T05:14:09.178163Z	  209 Connect	root@172.24.0.1 on spring_batch using TCP/IP
2026-01-17T05:14:09.179528Z	  209 Query	/* mysql-connector-j-9.5.0 (Revision: a7b3c94f50efbddb9f0dd69b3e0d1aaa25305cd6) */SELECT  @@session.auto_increment_increment AS auto_increment_increment, @@character_set_client AS character_set_client, @@character_set_connection AS character_set_connection, @@character_set_results AS character_set_results, @@character_set_server AS character_set_server, @@collation_server AS collation_server, @@collation_connection AS collation_connection, @@init_connect AS init_connect, @@interactive_timeout AS interactive_timeout, @@license AS license, @@lower_case_table_names AS lower_case_table_names, @@max_allowed_packet AS max_allowed_packet, @@net_write_timeout AS net_write_timeout, @@performance_schema AS performance_schema, @@sql_mode AS sql_mode, @@system_time_zone AS system_time_zone, @@time_zone AS time_zone, @@transaction_isolation AS transaction_isolation, @@wait_timeout AS wait_timeout
2026-01-17T05:14:09.180837Z	  209 Query	SET character_set_results = NULL
2026-01-17T05:14:09.181942Z	  209 Query	SET autocommit=1
2026-01-17T05:14:09.183013Z	  209 Query	SELECT @@session.transaction_read_only
2026-01-17T05:14:09.199545Z	  207 Query	SELECT WORD FROM INFORMATION_SCHEMA.KEYWORDS WHERE RESERVED = 1 ORDER BY WORD
2026-01-17T05:14:09.220863Z	  210 Connect	root@172.24.0.1 on spring_batch using TCP/IP
2026-01-17T05:14:09.221765Z	  207 Query	SELECT @@character_set_database, @@sql_mode
2026-01-17T05:14:09.222187Z	  210 Query	/* mysql-connector-j-9.5.0 (Revision: a7b3c94f50efbddb9f0dd69b3e0d1aaa25305cd6) */SELECT  @@session.auto_increment_increment AS auto_increment_increment, @@character_set_client AS character_set_client, @@character_set_connection AS character_set_connection, @@character_set_results AS character_set_results, @@character_set_server AS character_set_server, @@collation_server AS collation_server, @@collation_connection AS collation_connection, @@init_connect AS init_connect, @@interactive_timeout AS interactive_timeout, @@license AS license, @@lower_case_table_names AS lower_case_table_names, @@max_allowed_packet AS max_allowed_packet, @@net_write_timeout AS net_write_timeout, @@performance_schema AS performance_schema, @@sql_mode AS sql_mode, @@system_time_zone AS system_time_zone, @@time_zone AS time_zone, @@transaction_isolation AS transaction_isolation, @@wait_timeout AS wait_timeout
2026-01-17T05:14:09.223622Z	  210 Query	SET character_set_results = NULL
2026-01-17T05:14:09.224758Z	  210 Query	SET autocommit=1
2026-01-17T05:14:09.225953Z	  210 Query	SELECT @@session.transaction_read_only
2026-01-17T05:14:09.264994Z	  211 Connect	root@172.24.0.1 on spring_batch using TCP/IP
2026-01-17T05:14:09.267826Z	  211 Query	/* mysql-connector-j-9.5.0 (Revision: a7b3c94f50efbddb9f0dd69b3e0d1aaa25305cd6) */SELECT  @@session.auto_increment_increment AS auto_increment_increment, @@character_set_client AS character_set_client, @@character_set_connection AS character_set_connection, @@character_set_results AS character_set_results, @@character_set_server AS character_set_server, @@collation_server AS collation_server, @@collation_connection AS collation_connection, @@init_connect AS init_connect, @@interactive_timeout AS interactive_timeout, @@license AS license, @@lower_case_table_names AS lower_case_table_names, @@max_allowed_packet AS max_allowed_packet, @@net_write_timeout AS net_write_timeout, @@performance_schema AS performance_schema, @@sql_mode AS sql_mode, @@system_time_zone AS system_time_zone, @@time_zone AS time_zone, @@transaction_isolation AS transaction_isolation, @@wait_timeout AS wait_timeout
2026-01-17T05:14:09.271170Z	  211 Query	SET character_set_results = NULL
2026-01-17T05:14:09.272610Z	  211 Query	SET autocommit=1
2026-01-17T05:14:09.273956Z	  211 Query	SELECT @@session.transaction_read_only
2026-01-17T05:14:09.311328Z	  212 Connect	root@172.24.0.1 on spring_batch using TCP/IP
2026-01-17T05:14:09.314473Z	  212 Query	/* mysql-connector-j-9.5.0 (Revision: a7b3c94f50efbddb9f0dd69b3e0d1aaa25305cd6) */SELECT  @@session.auto_increment_increment AS auto_increment_increment, @@character_set_client AS character_set_client, @@character_set_connection AS character_set_connection, @@character_set_results AS character_set_results, @@character_set_server AS character_set_server, @@collation_server AS collation_server, @@collation_connection AS collation_connection, @@init_connect AS init_connect, @@interactive_timeout AS interactive_timeout, @@license AS license, @@lower_case_table_names AS lower_case_table_names, @@max_allowed_packet AS max_allowed_packet, @@net_write_timeout AS net_write_timeout, @@performance_schema AS performance_schema, @@sql_mode AS sql_mode, @@system_time_zone AS system_time_zone, @@time_zone AS time_zone, @@transaction_isolation AS transaction_isolation, @@wait_timeout AS wait_timeout
2026-01-17T05:14:09.317241Z	  212 Query	SET character_set_results = NULL
2026-01-17T05:14:09.318954Z	  212 Query	SET autocommit=1
2026-01-17T05:14:09.320220Z	  212 Query	SELECT @@session.transaction_read_only
2026-01-17T05:14:09.361592Z	  213 Connect	root@172.24.0.1 on spring_batch using TCP/IP
2026-01-17T05:14:09.365085Z	  213 Query	/* mysql-connector-j-9.5.0 (Revision: a7b3c94f50efbddb9f0dd69b3e0d1aaa25305cd6) */SELECT  @@session.auto_increment_increment AS auto_increment_increment, @@character_set_client AS character_set_client, @@character_set_connection AS character_set_connection, @@character_set_results AS character_set_results, @@character_set_server AS character_set_server, @@collation_server AS collation_server, @@collation_connection AS collation_connection, @@init_connect AS init_connect, @@interactive_timeout AS interactive_timeout, @@license AS license, @@lower_case_table_names AS lower_case_table_names, @@max_allowed_packet AS max_allowed_packet, @@net_write_timeout AS net_write_timeout, @@performance_schema AS performance_schema, @@sql_mode AS sql_mode, @@system_time_zone AS system_time_zone, @@time_zone AS time_zone, @@transaction_isolation AS transaction_isolation, @@wait_timeout AS wait_timeout
2026-01-17T05:14:09.367960Z	  213 Query	SET character_set_results = NULL
2026-01-17T05:14:09.370473Z	  213 Query	SET autocommit=1
2026-01-17T05:14:09.374492Z	  213 Query	SELECT @@session.transaction_read_only
2026-01-17T05:14:09.416063Z	  214 Connect	root@172.24.0.1 on spring_batch using TCP/IP
2026-01-17T05:14:09.419143Z	  214 Query	/* mysql-connector-j-9.5.0 (Revision: a7b3c94f50efbddb9f0dd69b3e0d1aaa25305cd6) */SELECT  @@session.auto_increment_increment AS auto_increment_increment, @@character_set_client AS character_set_client, @@character_set_connection AS character_set_connection, @@character_set_results AS character_set_results, @@character_set_server AS character_set_server, @@collation_server AS collation_server, @@collation_connection AS collation_connection, @@init_connect AS init_connect, @@interactive_timeout AS interactive_timeout, @@license AS license, @@lower_case_table_names AS lower_case_table_names, @@max_allowed_packet AS max_allowed_packet, @@net_write_timeout AS net_write_timeout, @@performance_schema AS performance_schema, @@sql_mode AS sql_mode, @@system_time_zone AS system_time_zone, @@time_zone AS time_zone, @@transaction_isolation AS transaction_isolation, @@wait_timeout AS wait_timeout
2026-01-17T05:14:09.422236Z	  214 Query	SET character_set_results = NULL
2026-01-17T05:14:09.426684Z	  214 Query	SET autocommit=1
2026-01-17T05:14:09.428076Z	  214 Query	SELECT @@session.transaction_read_only
2026-01-17T05:14:09.469142Z	  215 Connect	root@172.24.0.1 on spring_batch using TCP/IP
2026-01-17T05:14:09.473149Z	  215 Query	/* mysql-connector-j-9.5.0 (Revision: a7b3c94f50efbddb9f0dd69b3e0d1aaa25305cd6) */SELECT  @@session.auto_increment_increment AS auto_increment_increment, @@character_set_client AS character_set_client, @@character_set_connection AS character_set_connection, @@character_set_results AS character_set_results, @@character_set_server AS character_set_server, @@collation_server AS collation_server, @@collation_connection AS collation_connection, @@init_connect AS init_connect, @@interactive_timeout AS interactive_timeout, @@license AS license, @@lower_case_table_names AS lower_case_table_names, @@max_allowed_packet AS max_allowed_packet, @@net_write_timeout AS net_write_timeout, @@performance_schema AS performance_schema, @@sql_mode AS sql_mode, @@system_time_zone AS system_time_zone, @@time_zone AS time_zone, @@transaction_isolation AS transaction_isolation, @@wait_timeout AS wait_timeout
2026-01-17T05:14:09.476661Z	  215 Query	SET character_set_results = NULL
2026-01-17T05:14:09.479030Z	  215 Query	SET autocommit=1
2026-01-17T05:14:09.481343Z	  215 Query	SELECT @@session.transaction_read_only
2026-01-17T05:14:09.532411Z	  216 Connect	root@172.24.0.1 on spring_batch using TCP/IP
2026-01-17T05:14:09.533906Z	  216 Query	/* mysql-connector-j-9.5.0 (Revision: a7b3c94f50efbddb9f0dd69b3e0d1aaa25305cd6) */SELECT  @@session.auto_increment_increment AS auto_increment_increment, @@character_set_client AS character_set_client, @@character_set_connection AS character_set_connection, @@character_set_results AS character_set_results, @@character_set_server AS character_set_server, @@collation_server AS collation_server, @@collation_connection AS collation_connection, @@init_connect AS init_connect, @@interactive_timeout AS interactive_timeout, @@license AS license, @@lower_case_table_names AS lower_case_table_names, @@max_allowed_packet AS max_allowed_packet, @@net_write_timeout AS net_write_timeout, @@performance_schema AS performance_schema, @@sql_mode AS sql_mode, @@system_time_zone AS system_time_zone, @@time_zone AS time_zone, @@transaction_isolation AS transaction_isolation, @@wait_timeout AS wait_timeout
2026-01-17T05:14:09.535227Z	  216 Query	SET character_set_results = NULL
2026-01-17T05:14:09.536367Z	  216 Query	SET autocommit=1
2026-01-17T05:14:09.537526Z	  216 Query	SELECT @@session.transaction_read_only
2026-01-17T05:14:09.546839Z	  207 Query	SELECT @@session.transaction_read_only
2026-01-17T05:14:09.548007Z	  207 Query	drop table if exists payment
2026-01-17T05:14:09.559423Z	  207 Query	SELECT @@session.transaction_read_only
2026-01-17T05:14:09.560351Z	  207 Query	drop table if exists payment_source
2026-01-17T05:14:09.570572Z	  207 Query	SELECT @@session.transaction_read_only
2026-01-17T05:14:09.571744Z	  207 Query	create table payment (amount decimal(38,2) not null, payment_date date not null, id bigint not null auto_increment, status varchar(255) not null, primary key (id)) engine=InnoDB
2026-01-17T05:14:09.588200Z	  207 Query	SELECT @@session.transaction_read_only
2026-01-17T05:14:09.589217Z	  207 Query	create table payment_source (discount_amount decimal(38,2) not null, final_amount decimal(38,2) not null, original_amount decimal(38,2) not null, payment_date date not null, id bigint not null auto_increment, partner_corp_name varchar(100) not null, primary key (id)) engine=InnoDB
2026-01-17T05:14:09.647199Z	  207 Quit	
2026-01-17T05:14:09.648182Z	  208 Quit	
2026-01-17T05:14:09.648365Z	  216 Quit	
2026-01-17T05:14:09.648394Z	  209 Quit	
2026-01-17T05:14:09.648436Z	  210 Quit	
2026-01-17T05:14:09.648463Z	  212 Quit	
2026-01-17T05:14:09.648466Z	  211 Quit	
2026-01-17T05:14:09.648502Z	  214 Quit	
2026-01-17T05:14:09.648528Z	  213 Quit	
2026-01-17T05:14:09.648540Z	  215 Quit	
2026-01-17T05:14:37.393386Z	  217 Connect	root@172.24.0.1 on spring_batch using TCP/IP
2026-01-17T05:14:37.402597Z	  217 Query	/* mysql-connector-j-9.5.0 (Revision: a7b3c94f50efbddb9f0dd69b3e0d1aaa25305cd6) */SELECT  @@session.auto_increment_increment AS auto_increment_increment, @@character_set_client AS character_set_client, @@character_set_connection AS character_set_connection, @@character_set_results AS character_set_results, @@character_set_server AS character_set_server, @@collation_server AS collation_server, @@collation_connection AS collation_connection, @@init_connect AS init_connect, @@interactive_timeout AS interactive_timeout, @@license AS license, @@lower_case_table_names AS lower_case_table_names, @@max_allowed_packet AS max_allowed_packet, @@net_write_timeout AS net_write_timeout, @@performance_schema AS performance_schema, @@sql_mode AS sql_mode, @@system_time_zone AS system_time_zone, @@time_zone AS time_zone, @@transaction_isolation AS transaction_isolation, @@wait_timeout AS wait_timeout
2026-01-17T05:14:37.410366Z	  217 Query	SET character_set_results = NULL
2026-01-17T05:14:37.413347Z	  217 Query	SET autocommit=1
2026-01-17T05:14:37.417150Z	  217 Query	SELECT @@session.transaction_read_only
2026-01-17T05:14:37.420176Z	  217 Query	SELECT @@session.transaction_isolation
2026-01-17T05:14:37.533069Z	  218 Connect	root@172.24.0.1 on spring_batch using TCP/IP
2026-01-17T05:14:37.539066Z	  218 Query	/* mysql-connector-j-9.5.0 (Revision: a7b3c94f50efbddb9f0dd69b3e0d1aaa25305cd6) */SELECT  @@session.auto_increment_increment AS auto_increment_increment, @@character_set_client AS character_set_client, @@character_set_connection AS character_set_connection, @@character_set_results AS character_set_results, @@character_set_server AS character_set_server, @@collation_server AS collation_server, @@collation_connection AS collation_connection, @@init_connect AS init_connect, @@interactive_timeout AS interactive_timeout, @@license AS license, @@lower_case_table_names AS lower_case_table_names, @@max_allowed_packet AS max_allowed_packet, @@net_write_timeout AS net_write_timeout, @@performance_schema AS performance_schema, @@sql_mode AS sql_mode, @@system_time_zone AS system_time_zone, @@time_zone AS time_zone, @@transaction_isolation AS transaction_isolation, @@wait_timeout AS wait_timeout
2026-01-17T05:14:37.543107Z	  218 Query	SET character_set_results = NULL
2026-01-17T05:14:37.545231Z	  218 Query	SET autocommit=1
2026-01-17T05:14:37.548300Z	  218 Query	SELECT @@session.transaction_read_only
2026-01-17T05:14:37.590137Z	  219 Connect	root@172.24.0.1 on spring_batch using TCP/IP
2026-01-17T05:14:37.592888Z	  217 Query	SELECT WORD FROM INFORMATION_SCHEMA.KEYWORDS WHERE RESERVED = 1 ORDER BY WORD
2026-01-17T05:14:37.595016Z	  219 Query	/* mysql-connector-j-9.5.0 (Revision: a7b3c94f50efbddb9f0dd69b3e0d1aaa25305cd6) */SELECT  @@session.auto_increment_increment AS auto_increment_increment, @@character_set_client AS character_set_client, @@character_set_connection AS character_set_connection, @@character_set_results AS character_set_results, @@character_set_server AS character_set_server, @@collation_server AS collation_server, @@collation_connection AS collation_connection, @@init_connect AS init_connect, @@interactive_timeout AS interactive_timeout, @@license AS license, @@lower_case_table_names AS lower_case_table_names, @@max_allowed_packet AS max_allowed_packet, @@net_write_timeout AS net_write_timeout, @@performance_schema AS performance_schema, @@sql_mode AS sql_mode, @@system_time_zone AS system_time_zone, @@time_zone AS time_zone, @@transaction_isolation AS transaction_isolation, @@wait_timeout AS wait_timeout
2026-01-17T05:14:37.600711Z	  219 Query	SET character_set_results = NULL
2026-01-17T05:14:37.603409Z	  219 Query	SET autocommit=1
2026-01-17T05:14:37.605599Z	  219 Query	SELECT @@session.transaction_read_only
2026-01-17T05:14:37.620113Z	  217 Query	SELECT @@character_set_database, @@sql_mode
2026-01-17T05:14:37.641958Z	  220 Connect	root@172.24.0.1 on spring_batch using TCP/IP
2026-01-17T05:14:37.645479Z	  220 Query	/* mysql-connector-j-9.5.0 (Revision: a7b3c94f50efbddb9f0dd69b3e0d1aaa25305cd6) */SELECT  @@session.auto_increment_increment AS auto_increment_increment, @@character_set_client AS character_set_client, @@character_set_connection AS character_set_connection, @@character_set_results AS character_set_results, @@character_set_server AS character_set_server, @@collation_server AS collation_server, @@collation_connection AS collation_connection, @@init_connect AS init_connect, @@interactive_timeout AS interactive_timeout, @@license AS license, @@lower_case_table_names AS lower_case_table_names, @@max_allowed_packet AS max_allowed_packet, @@net_write_timeout AS net_write_timeout, @@performance_schema AS performance_schema, @@sql_mode AS sql_mode, @@system_time_zone AS system_time_zone, @@time_zone AS time_zone, @@transaction_isolation AS transaction_isolation, @@wait_timeout AS wait_timeout
2026-01-17T05:14:37.649181Z	  220 Query	SET character_set_results = NULL
2026-01-17T05:14:37.650966Z	  220 Query	SET autocommit=1
2026-01-17T05:14:37.652460Z	  220 Query	SELECT @@session.transaction_read_only
2026-01-17T05:14:37.691826Z	  221 Connect	root@172.24.0.1 on spring_batch using TCP/IP
2026-01-17T05:14:37.694732Z	  221 Query	/* mysql-connector-j-9.5.0 (Revision: a7b3c94f50efbddb9f0dd69b3e0d1aaa25305cd6) */SELECT  @@session.auto_increment_increment AS auto_increment_increment, @@character_set_client AS character_set_client, @@character_set_connection AS character_set_connection, @@character_set_results AS character_set_results, @@character_set_server AS character_set_server, @@collation_server AS collation_server, @@collation_connection AS collation_connection, @@init_connect AS init_connect, @@interactive_timeout AS interactive_timeout, @@license AS license, @@lower_case_table_names AS lower_case_table_names, @@max_allowed_packet AS max_allowed_packet, @@net_write_timeout AS net_write_timeout, @@performance_schema AS performance_schema, @@sql_mode AS sql_mode, @@system_time_zone AS system_time_zone, @@time_zone AS time_zone, @@transaction_isolation AS transaction_isolation, @@wait_timeout AS wait_timeout
2026-01-17T05:14:37.698116Z	  221 Query	SET character_set_results = NULL
2026-01-17T05:14:37.699450Z	  221 Query	SET autocommit=1
2026-01-17T05:14:37.700618Z	  221 Query	SELECT @@session.transaction_read_only
2026-01-17T05:14:37.742482Z	  222 Connect	root@172.24.0.1 on spring_batch using TCP/IP
2026-01-17T05:14:37.745985Z	  222 Query	/* mysql-connector-j-9.5.0 (Revision: a7b3c94f50efbddb9f0dd69b3e0d1aaa25305cd6) */SELECT  @@session.auto_increment_increment AS auto_increment_increment, @@character_set_client AS character_set_client, @@character_set_connection AS character_set_connection, @@character_set_results AS character_set_results, @@character_set_server AS character_set_server, @@collation_server AS collation_server, @@collation_connection AS collation_connection, @@init_connect AS init_connect, @@interactive_timeout AS interactive_timeout, @@license AS license, @@lower_case_table_names AS lower_case_table_names, @@max_allowed_packet AS max_allowed_packet, @@net_write_timeout AS net_write_timeout, @@performance_schema AS performance_schema, @@sql_mode AS sql_mode, @@system_time_zone AS system_time_zone, @@time_zone AS time_zone, @@transaction_isolation AS transaction_isolation, @@wait_timeout AS wait_timeout
2026-01-17T05:14:37.750054Z	  222 Query	SET character_set_results = NULL
2026-01-17T05:14:37.752106Z	  222 Query	SET autocommit=1
2026-01-17T05:14:37.754471Z	  222 Query	SELECT @@session.transaction_read_only
2026-01-17T05:14:37.795122Z	  223 Connect	root@172.24.0.1 on spring_batch using TCP/IP
2026-01-17T05:14:37.798568Z	  223 Query	/* mysql-connector-j-9.5.0 (Revision: a7b3c94f50efbddb9f0dd69b3e0d1aaa25305cd6) */SELECT  @@session.auto_increment_increment AS auto_increment_increment, @@character_set_client AS character_set_client, @@character_set_connection AS character_set_connection, @@character_set_results AS character_set_results, @@character_set_server AS character_set_server, @@collation_server AS collation_server, @@collation_connection AS collation_connection, @@init_connect AS init_connect, @@interactive_timeout AS interactive_timeout, @@license AS license, @@lower_case_table_names AS lower_case_table_names, @@max_allowed_packet AS max_allowed_packet, @@net_write_timeout AS net_write_timeout, @@performance_schema AS performance_schema, @@sql_mode AS sql_mode, @@system_time_zone AS system_time_zone, @@time_zone AS time_zone, @@transaction_isolation AS transaction_isolation, @@wait_timeout AS wait_timeout
2026-01-17T05:14:37.803615Z	  223 Query	SET character_set_results = NULL
2026-01-17T05:14:37.806170Z	  223 Query	SET autocommit=1
2026-01-17T05:14:37.808387Z	  223 Query	SELECT @@session.transaction_read_only
2026-01-17T05:14:37.848060Z	  224 Connect	root@172.24.0.1 on spring_batch using TCP/IP
2026-01-17T05:14:37.851175Z	  224 Query	/* mysql-connector-j-9.5.0 (Revision: a7b3c94f50efbddb9f0dd69b3e0d1aaa25305cd6) */SELECT  @@session.auto_increment_increment AS auto_increment_increment, @@character_set_client AS character_set_client, @@character_set_connection AS character_set_connection, @@character_set_results AS character_set_results, @@character_set_server AS character_set_server, @@collation_server AS collation_server, @@collation_connection AS collation_connection, @@init_connect AS init_connect, @@interactive_timeout AS interactive_timeout, @@license AS license, @@lower_case_table_names AS lower_case_table_names, @@max_allowed_packet AS max_allowed_packet, @@net_write_timeout AS net_write_timeout, @@performance_schema AS performance_schema, @@sql_mode AS sql_mode, @@system_time_zone AS system_time_zone, @@time_zone AS time_zone, @@transaction_isolation AS transaction_isolation, @@wait_timeout AS wait_timeout
2026-01-17T05:14:37.856225Z	  224 Query	SET character_set_results = NULL
2026-01-17T05:14:37.858213Z	  224 Query	SET autocommit=1
2026-01-17T05:14:37.859607Z	  224 Query	SELECT @@session.transaction_read_only
2026-01-17T05:14:37.909331Z	  225 Connect	root@172.24.0.1 on spring_batch using TCP/IP
2026-01-17T05:14:37.913534Z	  225 Query	/* mysql-connector-j-9.5.0 (Revision: a7b3c94f50efbddb9f0dd69b3e0d1aaa25305cd6) */SELECT  @@session.auto_increment_increment AS auto_increment_increment, @@character_set_client AS character_set_client, @@character_set_connection AS character_set_connection, @@character_set_results AS character_set_results, @@character_set_server AS character_set_server, @@collation_server AS collation_server, @@collation_connection AS collation_connection, @@init_connect AS init_connect, @@interactive_timeout AS interactive_timeout, @@license AS license, @@lower_case_table_names AS lower_case_table_names, @@max_allowed_packet AS max_allowed_packet, @@net_write_timeout AS net_write_timeout, @@performance_schema AS performance_schema, @@sql_mode AS sql_mode, @@system_time_zone AS system_time_zone, @@time_zone AS time_zone, @@transaction_isolation AS transaction_isolation, @@wait_timeout AS wait_timeout
2026-01-17T05:14:37.916398Z	  225 Query	SET character_set_results = NULL
2026-01-17T05:14:37.917847Z	  225 Query	SET autocommit=1
2026-01-17T05:14:37.919257Z	  225 Query	SELECT @@session.transaction_read_only
2026-01-17T05:14:37.957606Z	  226 Connect	root@172.24.0.1 on spring_batch using TCP/IP
2026-01-17T05:14:37.959313Z	  226 Query	/* mysql-connector-j-9.5.0 (Revision: a7b3c94f50efbddb9f0dd69b3e0d1aaa25305cd6) */SELECT  @@session.auto_increment_increment AS auto_increment_increment, @@character_set_client AS character_set_client, @@character_set_connection AS character_set_connection, @@character_set_results AS character_set_results, @@character_set_server AS character_set_server, @@collation_server AS collation_server, @@collation_connection AS collation_connection, @@init_connect AS init_connect, @@interactive_timeout AS interactive_timeout, @@license AS license, @@lower_case_table_names AS lower_case_table_names, @@max_allowed_packet AS max_allowed_packet, @@net_write_timeout AS net_write_timeout, @@performance_schema AS performance_schema, @@sql_mode AS sql_mode, @@system_time_zone AS system_time_zone, @@time_zone AS time_zone, @@transaction_isolation AS transaction_isolation, @@wait_timeout AS wait_timeout
2026-01-17T05:14:37.959393Z	  217 Query	SELECT @@session.transaction_read_only
2026-01-17T05:14:37.962124Z	  226 Query	SET character_set_results = NULL
2026-01-17T05:14:37.967663Z	  217 Query	drop table if exists payment
2026-01-17T05:14:37.971801Z	  226 Query	SET autocommit=1
2026-01-17T05:14:37.974597Z	  226 Query	SELECT @@session.transaction_read_only
2026-01-17T05:14:37.981875Z	  217 Query	SELECT @@session.transaction_read_only
2026-01-17T05:14:37.983123Z	  217 Query	drop table if exists payment_source
2026-01-17T05:14:37.994861Z	  217 Query	SELECT @@session.transaction_read_only
2026-01-17T05:14:37.996174Z	  217 Query	create table payment (amount decimal(38,2) not null, payment_date date not null, id bigint not null auto_increment, status varchar(255) not null, primary key (id)) engine=InnoDB
2026-01-17T05:14:38.012799Z	  217 Query	SELECT @@session.transaction_read_only
2026-01-17T05:14:38.014045Z	  217 Query	create table payment_source (discount_amount decimal(38,2) not null, final_amount decimal(38,2) not null, original_amount decimal(38,2) not null, payment_date date not null, id bigint not null auto_increment, partner_corp_name varchar(100) not null, primary key (id)) engine=InnoDB
2026-01-17T05:14:38.228926Z	  217 Query	SET autocommit=0
2026-01-17T05:14:38.237941Z	  217 Query	SELECT JOB_INSTANCE_ID, JOB_NAME
FROM BATCH_JOB_INSTANCE
WHERE JOB_NAME = 'paymentReportJob'
 AND JOB_KEY = '6159d2f242e348f98d4a2efc813c83ea'
2026-01-17T05:14:38.240601Z	  217 Query	COMMIT
2026-01-17T05:14:38.241751Z	  217 Query	SET autocommit=1
2026-01-17T05:14:38.244307Z	  217 Query	SELECT JOB_INSTANCE_ID, JOB_NAME
FROM BATCH_JOB_INSTANCE I1
WHERE I1.JOB_NAME = 'paymentReportJob' AND I1.JOB_INSTANCE_ID = (SELECT MAX(I2.JOB_INSTANCE_ID) FROM BATCH_JOB_INSTANCE I2 WHERE I2.JOB_NAME = 'paymentReportJob')
2026-01-17T05:14:38.247238Z	  217 Query	SELECT JOB_EXECUTION_ID, START_TIME, END_TIME, STATUS, EXIT_CODE, EXIT_MESSAGE, CREATE_TIME, LAST_UPDATED, VERSION
FROM BATCH_JOB_EXECUTION
 WHERE JOB_INSTANCE_ID = 15 AND JOB_EXECUTION_ID IN (SELECT MAX(JOB_EXECUTION_ID) FROM BATCH_JOB_EXECUTION E2 WHERE E2.JOB_INSTANCE_ID = 15)
2026-01-17T05:14:38.249240Z	  217 Query	SELECT JOB_EXECUTION_ID, PARAMETER_NAME, PARAMETER_TYPE, PARAMETER_VALUE, IDENTIFYING
FROM BATCH_JOB_EXECUTION_PARAMS
WHERE JOB_EXECUTION_ID = 15
2026-01-17T05:14:38.251799Z	  217 Query	SELECT JI.JOB_INSTANCE_ID, JOB_NAME, JOB_KEY, JI.VERSION
FROM BATCH_JOB_INSTANCE JI, BATCH_JOB_EXECUTION JE
WHERE JOB_EXECUTION_ID = 15 AND JI.JOB_INSTANCE_ID = JE.JOB_INSTANCE_ID
2026-01-17T05:14:38.253572Z	  217 Query	SELECT STEP_EXECUTION_ID, STEP_NAME, START_TIME, END_TIME, STATUS, COMMIT_COUNT, READ_COUNT, FILTER_COUNT, WRITE_COUNT, EXIT_CODE, EXIT_MESSAGE, READ_SKIP_COUNT, WRITE_SKIP_COUNT, PROCESS_SKIP_COUNT, ROLLBACK_COUNT, LAST_UPDATED, VERSION, CREATE_TIME
FROM BATCH_STEP_EXECUTION
 WHERE JOB_EXECUTION_ID = 15 ORDER BY STEP_EXECUTION_ID
2026-01-17T05:14:38.255829Z	  217 Query	SELECT SHORT_CONTEXT, SERIALIZED_CONTEXT
FROM BATCH_JOB_EXECUTION_CONTEXT
WHERE JOB_EXECUTION_ID = 15
2026-01-17T05:14:38.259170Z	  217 Query	SELECT SHORT_CONTEXT, SERIALIZED_CONTEXT
FROM BATCH_STEP_EXECUTION_CONTEXT
WHERE STEP_EXECUTION_ID = 15
2026-01-17T05:14:38.261411Z	  217 Query	SELECT @@session.transaction_isolation
2026-01-17T05:14:38.262930Z	  217 Query	SET SESSION TRANSACTION ISOLATION LEVEL SERIALIZABLE
2026-01-17T05:14:38.264055Z	  217 Query	SET autocommit=0
2026-01-17T05:14:38.265306Z	  217 Query	SELECT JOB_INSTANCE_ID, JOB_NAME
FROM BATCH_JOB_INSTANCE
WHERE JOB_NAME = 'paymentReportJob'
 AND JOB_KEY = '5b97c29ee421077eee0474e6d2b621ad'
2026-01-17T05:14:38.266718Z	  217 Query	COMMIT
2026-01-17T05:14:38.267818Z	  217 Query	SET autocommit=1
2026-01-17T05:14:38.268953Z	  217 Query	SET SESSION TRANSACTION ISOLATION LEVEL REPEATABLE READ
2026-01-17T05:14:38.270291Z	  217 Query	SELECT @@session.transaction_isolation
2026-01-17T05:14:38.271672Z	  217 Query	SET SESSION TRANSACTION ISOLATION LEVEL SERIALIZABLE
2026-01-17T05:14:38.272779Z	  217 Query	SET autocommit=0
2026-01-17T05:14:38.274186Z	  217 Query	SELECT JOB_INSTANCE_ID, JOB_NAME
FROM BATCH_JOB_INSTANCE
WHERE JOB_NAME = 'paymentReportJob'
 AND JOB_KEY = '5b97c29ee421077eee0474e6d2b621ad'
2026-01-17T05:14:38.276129Z	  217 Query	SELECT JOB_INSTANCE_ID, JOB_NAME
FROM BATCH_JOB_INSTANCE
WHERE JOB_NAME = 'paymentReportJob'
 AND JOB_KEY = '5b97c29ee421077eee0474e6d2b621ad'
2026-01-17T05:14:38.277983Z	  218 Query	SET autocommit=0
2026-01-17T05:14:38.280436Z	  218 Query	update BATCH_JOB_SEQ set ID = last_insert_id(ID + 1) limit 1
2026-01-17T05:14:38.281790Z	  218 Query	select last_insert_id()
2026-01-17T05:14:38.282890Z	  218 Query	COMMIT
2026-01-17T05:14:38.285120Z	  218 Query	SET autocommit=1
2026-01-17T05:14:38.287393Z	  217 Query	INSERT INTO BATCH_JOB_INSTANCE(JOB_INSTANCE_ID, JOB_NAME, JOB_KEY, VERSION)
	VALUES (16, 'paymentReportJob', '5b97c29ee421077eee0474e6d2b621ad', 0)
2026-01-17T05:14:38.288801Z	  218 Query	SET autocommit=0
2026-01-17T05:14:38.290064Z	  218 Query	update BATCH_JOB_EXECUTION_SEQ set ID = last_insert_id(ID + 1) limit 1
2026-01-17T05:14:38.291422Z	  218 Query	select last_insert_id()
2026-01-17T05:14:38.292676Z	  218 Query	COMMIT
2026-01-17T05:14:38.295113Z	  218 Query	SET autocommit=1
2026-01-17T05:14:38.301509Z	  217 Query	INSERT INTO BATCH_JOB_EXECUTION(JOB_EXECUTION_ID, JOB_INSTANCE_ID, START_TIME, END_TIME, STATUS, EXIT_CODE, EXIT_MESSAGE, VERSION, CREATE_TIME, LAST_UPDATED)
	VALUES (16, 16, null, null, 'STARTING', 'UNKNOWN', '', 0, '2026-01-17 14:14:38.288117', '2026-01-17 14:14:38.288133')
2026-01-17T05:14:38.304394Z	  217 Query	SELECT @@session.transaction_read_only
2026-01-17T05:14:38.305601Z	  217 Query	INSERT INTO BATCH_JOB_EXECUTION_PARAMS(JOB_EXECUTION_ID, PARAMETER_NAME, PARAMETER_TYPE, PARAMETER_VALUE, IDENTIFYING)
	VALUES (16, 'paymentDate', 'java.lang.String', '2025-05-02', 'Y')
2026-01-17T05:14:38.306719Z	  217 Query	INSERT INTO BATCH_JOB_EXECUTION_PARAMS(JOB_EXECUTION_ID, PARAMETER_NAME, PARAMETER_TYPE, PARAMETER_VALUE, IDENTIFYING)
	VALUES (16, 'run.id', 'java.lang.Long', '13', 'Y')
2026-01-17T05:14:38.307839Z	  217 Query	INSERT INTO BATCH_JOB_EXECUTION_PARAMS(JOB_EXECUTION_ID, PARAMETER_NAME, PARAMETER_TYPE, PARAMETER_VALUE, IDENTIFYING)
	VALUES (16, '-job.name', 'java.lang.String', 'paymentReportJob', 'Y')
2026-01-17T05:14:38.309659Z	  217 Query	INSERT INTO BATCH_JOB_EXECUTION_CONTEXT (SHORT_CONTEXT, SERIALIZED_CONTEXT, JOB_EXECUTION_ID)
	VALUES('rO0ABXNyABFqYXZhLnV0aWwuSGFzaE1hcAUH2sHDFmDRAwACRgAKbG9hZEZhY3RvckkACXRocmVzaG9sZHhwP0AAAAAAAAB3CAAAABAAAAAAeA==', null, 16)
2026-01-17T05:14:38.310777Z	  217 Query	COMMIT
2026-01-17T05:14:38.313498Z	  217 Query	SET autocommit=1
2026-01-17T05:14:38.314515Z	  217 Query	SET SESSION TRANSACTION ISOLATION LEVEL REPEATABLE READ
2026-01-17T05:14:38.320196Z	  217 Query	SET autocommit=0
2026-01-17T05:14:38.321778Z	  217 Query	SELECT VERSION
FROM BATCH_JOB_EXECUTION
WHERE JOB_EXECUTION_ID=16
2026-01-17T05:14:38.323444Z	  217 Query	SELECT COUNT(*)
FROM BATCH_JOB_EXECUTION
WHERE JOB_EXECUTION_ID = 16
2026-01-17T05:14:38.325004Z	  217 Query	UPDATE BATCH_JOB_EXECUTION
SET START_TIME = '2026-01-17 14:14:38.319361', END_TIME = null,  STATUS = 'STARTED', EXIT_CODE = 'UNKNOWN', EXIT_MESSAGE = '', VERSION = VERSION + 1, CREATE_TIME = '2026-01-17 14:14:38.288117', LAST_UPDATED = '2026-01-17 14:14:38.320763'
WHERE JOB_EXECUTION_ID = 16 AND VERSION = 0
2026-01-17T05:14:38.326268Z	  217 Query	COMMIT
2026-01-17T05:14:38.328642Z	  217 Query	SET autocommit=1
2026-01-17T05:14:38.329945Z	  217 Query	SET autocommit=0
2026-01-17T05:14:38.331428Z	  217 Query	SELECT SE.STEP_EXECUTION_ID, SE.STEP_NAME, SE.START_TIME, SE.END_TIME, SE.STATUS, SE.COMMIT_COUNT, SE.READ_COUNT, SE.FILTER_COUNT, SE.WRITE_COUNT, SE.EXIT_CODE, SE.EXIT_MESSAGE, SE.READ_SKIP_COUNT, SE.WRITE_SKIP_COUNT, SE.PROCESS_SKIP_COUNT, SE.ROLLBACK_COUNT, SE.LAST_UPDATED, SE.VERSION, SE.CREATE_TIME, JE.JOB_EXECUTION_ID, JE.START_TIME, JE.END_TIME, JE.STATUS, JE.EXIT_CODE, JE.EXIT_MESSAGE, JE.CREATE_TIME, JE.LAST_UPDATED, JE.VERSION
FROM BATCH_JOB_EXECUTION JE
	JOIN BATCH_STEP_EXECUTION SE ON SE.JOB_EXECUTION_ID = JE.JOB_EXECUTION_ID
WHERE JE.JOB_INSTANCE_ID = 16 AND SE.STEP_NAME = 'paymentReportStep'
2026-01-17T05:14:38.332617Z	  217 Query	COMMIT
2026-01-17T05:14:38.333592Z	  217 Query	SET autocommit=1
2026-01-17T05:14:38.335023Z	  217 Query	SET autocommit=0
2026-01-17T05:14:38.336163Z	  217 Query	SELECT COUNT(*)
FROM BATCH_JOB_EXECUTION JE
	JOIN BATCH_STEP_EXECUTION SE ON SE.JOB_EXECUTION_ID = JE.JOB_EXECUTION_ID
WHERE JE.JOB_INSTANCE_ID = 16 AND SE.STEP_NAME = 'paymentReportStep'
2026-01-17T05:14:38.337378Z	  217 Query	COMMIT
2026-01-17T05:14:38.338383Z	  217 Query	SET autocommit=1
2026-01-17T05:14:38.339658Z	  217 Query	SET autocommit=0
2026-01-17T05:14:38.340736Z	  218 Query	SET autocommit=0
2026-01-17T05:14:38.341829Z	  218 Query	update BATCH_STEP_EXECUTION_SEQ set ID = last_insert_id(ID + 1) limit 1
2026-01-17T05:14:38.343058Z	  218 Query	select last_insert_id()
2026-01-17T05:14:38.344138Z	  218 Query	COMMIT
2026-01-17T05:14:38.346074Z	  218 Query	SET autocommit=1
2026-01-17T05:14:38.347730Z	  217 Query	INSERT INTO BATCH_STEP_EXECUTION(STEP_EXECUTION_ID, VERSION, STEP_NAME, JOB_EXECUTION_ID, START_TIME, END_TIME, STATUS, COMMIT_COUNT, READ_COUNT, FILTER_COUNT, WRITE_COUNT, EXIT_CODE, EXIT_MESSAGE, READ_SKIP_COUNT, WRITE_SKIP_COUNT, PROCESS_SKIP_COUNT, ROLLBACK_COUNT, LAST_UPDATED, CREATE_TIME)
	VALUES (16, 0, 'paymentReportStep', 16, null, null, 'STARTING', 0, 0, 0, 0, 'EXECUTING', '', 0, 0, 0, 0, '2026-01-17 14:14:38.340117', '2026-01-17 14:14:38.338909')
2026-01-17T05:14:38.349142Z	  217 Query	INSERT INTO BATCH_STEP_EXECUTION_CONTEXT (SHORT_CONTEXT, SERIALIZED_CONTEXT, STEP_EXECUTION_ID)
	VALUES('rO0ABXNyABFqYXZhLnV0aWwuSGFzaE1hcAUH2sHDFmDRAwACRgAKbG9hZEZhY3RvckkACXRocmVzaG9sZHhwP0AAAAAAAAB3CAAAABAAAAAAeA==', null, 16)
2026-01-17T05:14:38.350467Z	  217 Query	COMMIT
2026-01-17T05:14:38.352610Z	  217 Query	SET autocommit=1
2026-01-17T05:14:38.354464Z	  217 Query	SET autocommit=0
2026-01-17T05:14:38.355949Z	  217 Query	UPDATE BATCH_STEP_EXECUTION
SET START_TIME = '2026-01-17 14:14:38.353378', END_TIME = null, STATUS = 'STARTED', COMMIT_COUNT = 0, READ_COUNT = 0, FILTER_COUNT = 0, WRITE_COUNT = 0, EXIT_CODE = 'EXECUTING', EXIT_MESSAGE = '', VERSION = VERSION + 1, READ_SKIP_COUNT = 0, PROCESS_SKIP_COUNT = 0, WRITE_SKIP_COUNT = 0, ROLLBACK_COUNT = 0, LAST_UPDATED = '2026-01-17 14:14:38.354972'
WHERE STEP_EXECUTION_ID = 16 AND VERSION = 0
2026-01-17T05:14:38.357306Z	  217 Query	SELECT VERSION
FROM BATCH_JOB_EXECUTION
WHERE JOB_EXECUTION_ID=16
2026-01-17T05:14:38.358630Z	  217 Query	COMMIT
2026-01-17T05:14:38.360986Z	  217 Query	SET autocommit=1
2026-01-17T05:14:38.376675Z	  217 Query	SET autocommit=0
2026-01-17T05:14:38.378318Z	  217 Query	UPDATE BATCH_STEP_EXECUTION_CONTEXT
SET SHORT_CONTEXT = 'rO0ABXNyABFqYXZhLnV0aWwuSGFzaE1hcAUH2sHDFmDRAwACRgAKbG9hZEZhY3RvckkACXRocmVzaG9sZHhwP0AAAAAAAAx3CAAAABAAAAAEdAAecGF5bWVudFJlcG9ydFJlYWRlci5yZWFkLmNvdW50c3IAEWphdmEubGFuZy5JbnRlZ2VyEuKgpPeBhzgCAAFJAAV2YWx1ZXhyABBqYXZhLmxhbmcuTnVtYmVyhqyVHQuU4IsCAAB4cAAAAAB0ABFiYXRjaC50YXNrbGV0VHlwZXQAPW9yZy5zcHJpbmdmcmFtZXdvcmsuYmF0Y2guY29yZS5zdGVwLml0ZW0uQ2h1bmtPcmllbnRlZFRhc2tsZXR0AA1iYXRjaC52ZXJzaW9udAAFNS4yLjR0AA5iYXRjaC5zdGVwVHlwZXQAN29yZy5zcHJpbmdmcmFtZXdvcmsuYmF0Y2guY29yZS5zdGVwLnRhc2tsZXQuVGFza2xldFN0ZXB4', SERIALIZED_CONTEXT = null
WHERE STEP_EXECUTION_ID = 16
2026-01-17T05:14:38.379602Z	  217 Query	COMMIT
2026-01-17T05:14:38.381477Z	  217 Query	SET autocommit=1
2026-01-17T05:14:38.384169Z	  217 Query	SET autocommit=0
2026-01-17T05:14:38.386089Z	  218 Query	SET autocommit=0
2026-01-17T05:14:38.509927Z	  218 Query	select ps1_0.id,ps1_0.discount_amount,ps1_0.final_amount,ps1_0.original_amount,ps1_0.partner_corp_name,ps1_0.payment_date from payment_source ps1_0 where ps1_0.payment_date='2025-05-02' limit 0,10
2026-01-17T05:14:38.520275Z	  218 Query	COMMIT
2026-01-17T05:14:38.521344Z	  218 Query	SET autocommit=1
2026-01-17T05:14:38.524364Z	  217 Query	UPDATE BATCH_STEP_EXECUTION_CONTEXT
SET SHORT_CONTEXT = 'rO0ABXNyABFqYXZhLnV0aWwuSGFzaE1hcAUH2sHDFmDRAwACRgAKbG9hZEZhY3RvckkACXRocmVzaG9sZHhwP0AAAAAAAAx3CAAAABAAAAAEdAAecGF5bWVudFJlcG9ydFJlYWRlci5yZWFkLmNvdW50c3IAEWphdmEubGFuZy5JbnRlZ2VyEuKgpPeBhzgCAAFJAAV2YWx1ZXhyABBqYXZhLmxhbmcuTnVtYmVyhqyVHQuU4IsCAAB4cAAAAAF0ABFiYXRjaC50YXNrbGV0VHlwZXQAPW9yZy5zcHJpbmdmcmFtZXdvcmsuYmF0Y2guY29yZS5zdGVwLml0ZW0uQ2h1bmtPcmllbnRlZFRhc2tsZXR0AA1iYXRjaC52ZXJzaW9udAAFNS4yLjR0AA5iYXRjaC5zdGVwVHlwZXQAN29yZy5zcHJpbmdmcmFtZXdvcmsuYmF0Y2guY29yZS5zdGVwLnRhc2tsZXQuVGFza2xldFN0ZXB4', SERIALIZED_CONTEXT = null
WHERE STEP_EXECUTION_ID = 16
2026-01-17T05:14:38.526759Z	  217 Query	UPDATE BATCH_STEP_EXECUTION
SET START_TIME = '2026-01-17 14:14:38.353378', END_TIME = null, STATUS = 'STARTED', COMMIT_COUNT = 1, READ_COUNT = 0, FILTER_COUNT = 0, WRITE_COUNT = 0, EXIT_CODE = 'EXECUTING', EXIT_MESSAGE = '', VERSION = VERSION + 1, READ_SKIP_COUNT = 0, PROCESS_SKIP_COUNT = 0, WRITE_SKIP_COUNT = 0, ROLLBACK_COUNT = 0, LAST_UPDATED = '2026-01-17 14:14:38.525559'
WHERE STEP_EXECUTION_ID = 16 AND VERSION = 1
2026-01-17T05:14:38.528160Z	  217 Query	SELECT VERSION
FROM BATCH_JOB_EXECUTION
WHERE JOB_EXECUTION_ID=16
2026-01-17T05:14:38.529354Z	  217 Query	COMMIT
2026-01-17T05:14:38.532570Z	  217 Query	SET autocommit=1
2026-01-17T05:14:38.534969Z	  217 Query	SET autocommit=0
2026-01-17T05:14:38.536424Z	  217 Query	UPDATE BATCH_STEP_EXECUTION_CONTEXT
SET SHORT_CONTEXT = 'rO0ABXNyABFqYXZhLnV0aWwuSGFzaE1hcAUH2sHDFmDRAwACRgAKbG9hZEZhY3RvckkACXRocmVzaG9sZHhwP0AAAAAAAAx3CAAAABAAAAAEdAAecGF5bWVudFJlcG9ydFJlYWRlci5yZWFkLmNvdW50c3IAEWphdmEubGFuZy5JbnRlZ2VyEuKgpPeBhzgCAAFJAAV2YWx1ZXhyABBqYXZhLmxhbmcuTnVtYmVyhqyVHQuU4IsCAAB4cAAAAAF0ABFiYXRjaC50YXNrbGV0VHlwZXQAPW9yZy5zcHJpbmdmcmFtZXdvcmsuYmF0Y2guY29yZS5zdGVwLml0ZW0uQ2h1bmtPcmllbnRlZFRhc2tsZXR0AA1iYXRjaC52ZXJzaW9udAAFNS4yLjR0AA5iYXRjaC5zdGVwVHlwZXQAN29yZy5zcHJpbmdmcmFtZXdvcmsuYmF0Y2guY29yZS5zdGVwLnRhc2tsZXQuVGFza2xldFN0ZXB4', SERIALIZED_CONTEXT = null
WHERE STEP_EXECUTION_ID = 16
2026-01-17T05:14:38.537639Z	  217 Query	COMMIT
2026-01-17T05:14:38.538624Z	  217 Query	SET autocommit=1
2026-01-17T05:14:38.539906Z	  217 Query	SET autocommit=0
2026-01-17T05:14:38.541711Z	  217 Query	UPDATE BATCH_STEP_EXECUTION
SET START_TIME = '2026-01-17 14:14:38.353378', END_TIME = '2026-01-17 14:14:38.533793', STATUS = 'COMPLETED', COMMIT_COUNT = 1, READ_COUNT = 0, FILTER_COUNT = 0, WRITE_COUNT = 0, EXIT_CODE = 'COMPLETED', EXIT_MESSAGE = '', VERSION = VERSION + 1, READ_SKIP_COUNT = 0, PROCESS_SKIP_COUNT = 0, WRITE_SKIP_COUNT = 0, ROLLBACK_COUNT = 0, LAST_UPDATED = '2026-01-17 14:14:38.540466'
WHERE STEP_EXECUTION_ID = 16 AND VERSION = 2
2026-01-17T05:14:38.543140Z	  217 Query	SELECT VERSION
FROM BATCH_JOB_EXECUTION
WHERE JOB_EXECUTION_ID=16
2026-01-17T05:14:38.544585Z	  217 Query	COMMIT
2026-01-17T05:14:38.546785Z	  217 Query	SET autocommit=1
2026-01-17T05:14:38.548362Z	  218 Query	SET autocommit=0
2026-01-17T05:14:38.549805Z	  218 Query	UPDATE BATCH_JOB_EXECUTION_CONTEXT
SET SHORT_CONTEXT = 'rO0ABXNyABFqYXZhLnV0aWwuSGFzaE1hcAUH2sHDFmDRAwACRgAKbG9hZEZhY3RvckkACXRocmVzaG9sZHhwP0AAAAAAAAx3CAAAABAAAAABdAANYmF0Y2gudmVyc2lvbnQABTUuMi40eA==', SERIALIZED_CONTEXT = null
WHERE JOB_EXECUTION_ID = 16
2026-01-17T05:14:38.551244Z	  218 Query	COMMIT
2026-01-17T05:14:38.554875Z	  218 Query	SET autocommit=1
2026-01-17T05:14:38.556470Z	  218 Query	SET autocommit=0
2026-01-17T05:14:38.557945Z	  218 Query	SELECT VERSION
FROM BATCH_JOB_EXECUTION
WHERE JOB_EXECUTION_ID=16
2026-01-17T05:14:38.559710Z	  218 Query	SELECT COUNT(*)
FROM BATCH_JOB_EXECUTION
WHERE JOB_EXECUTION_ID = 16
2026-01-17T05:14:38.561670Z	  218 Query	UPDATE BATCH_JOB_EXECUTION
SET START_TIME = '2026-01-17 14:14:38.319361', END_TIME = '2026-01-17 14:14:38.55578',  STATUS = 'COMPLETED', EXIT_CODE = 'COMPLETED', EXIT_MESSAGE = '', VERSION = VERSION + 1, CREATE_TIME = '2026-01-17 14:14:38.288117', LAST_UPDATED = '2026-01-17 14:14:38.557198'
WHERE JOB_EXECUTION_ID = 16 AND VERSION = 1
2026-01-17T05:14:38.563163Z	  218 Query	COMMIT
2026-01-17T05:14:38.565505Z	  218 Query	SET autocommit=1
2026-01-17T05:14:38.575156Z	  217 Quit	
2026-01-17T05:14:38.576560Z	  221 Quit	
2026-01-17T05:14:38.576611Z	  218 Quit	
2026-01-17T05:14:38.576632Z	  220 Quit	
2026-01-17T05:14:38.576693Z	  224 Quit	
2026-01-17T05:14:38.576717Z	  222 Quit	
2026-01-17T05:14:38.576723Z	  219 Quit	
2026-01-17T05:14:38.576727Z	  223 Quit	
2026-01-17T05:14:38.576978Z	  226 Quit	
2026-01-17T05:14:38.577022Z	  225 Quit	
2026-01-17T05:19:31.465283Z	  156 Query	SELECT @@session.transaction_isolation
2026-01-17T05:19:31.468798Z	  156 Query	/* ApplicationName=IntelliJ IDEA 2025.1.3 */ SET SESSION TRANSACTION READ WRITE
2026-01-17T05:19:31.478598Z	  156 Query	SELECT @@session.transaction_read_only
2026-01-17T05:19:31.487769Z	  156 Query	SELECT @@session.transaction_read_only
2026-01-17T05:19:31.489500Z	  156 Query	/* ApplicationName=IntelliJ IDEA 2025.1.3 */ SET net_write_timeout=600
2026-01-17T05:19:31.491372Z	  156 Query	/* ApplicationName=IntelliJ IDEA 2025.1.3 */ INSERT INTO payment_source (discount_amount, final_amount, original_amount, partner_corp_name, payment_date)
VALUES (100.00, 900.00, 1000.00, 'Partner Corp 1', '2025-05-02'),
       (150.00, 1850.00, 2000.00, 'Partner Corp 2', '2025-05-02'),
       (200.00, 2800.00, 3000.00, 'Partner Corp 3', '2025-05-02'),
       (250.00, 3750.00, 4000.00, 'Partner Corp 4', '2025-05-02'),
       (300.00, 4700.00, 5000.00, 'Partner Corp 5', '2025-05-02'),
       (350.00, 5650.00, 6000.00, 'Partner Corp 6', '2025-05-02'),
       (400.00, 6600.00, 7000.00, 'Partner Corp 7', '2025-05-02'),
       (450.00, 7550.00, 8000.00, 'Partner Corp 8', '2025-05-02'),
       (500.00, 8500.00, 9000.00, 'Partner Corp 9', '2025-05-02'),
       (550.00, 9450.00, 10000.00, 'Partner Corp 10', '2025-05-02'),
       (600.00, 10400.00, 11000.00, 'Partner Corp 11', '2025-05-02'),
       (650.00, 11350.00, 12000.00, 'Partner Corp 12', '2025-05-02'),
       (700.00, 12300.00, 13000.00, 'Partner Corp 13', '2025-05-02'),
       (750.00, 13250.00, 14000.00, 'Partner Corp 14', '2025-05-02'),
       (800.00, 14200.00, 15000.00, 'Partner Corp 15', '2025-05-02'),
       (850.00, 15150.00, 16000.00, 'Partner Corp 16', '2025-05-02'),
       (900.00, 16100.00, 17000.00, 'Partner Corp 17', '2025-05-02'),
       (950.00, 17050.00, 18000.00, 'Partner Corp 18', '2025-05-02'),
       (1000.00, 18000.00, 19000.00, 'Partner Corp 19', '2025-05-02'),
       (1050.00, 18950.00, 20000.00, 'Partner Corp 20', '2025-05-02')
2026-01-17T05:19:31.499890Z	  156 Query	/* ApplicationName=IntelliJ IDEA 2025.1.3 */ select database()
2026-01-17T05:19:31.507792Z	  156 Query	SELECT @@session.transaction_isolation
2026-01-17T05:19:54.313556Z	  156 Query	SELECT @@session.transaction_isolation
2026-01-17T05:19:54.318415Z	  156 Query	/* ApplicationName=IntelliJ IDEA 2025.1.3 */ SET SESSION TRANSACTION READ WRITE
2026-01-17T05:19:54.322778Z	  156 Query	SELECT @@session.transaction_read_only
2026-01-17T05:19:54.330017Z	  156 Query	SELECT @@session.transaction_read_only
2026-01-17T05:19:54.332582Z	  156 Query	/* ApplicationName=IntelliJ IDEA 2025.1.3 */ SET net_write_timeout=600
2026-01-17T05:19:54.334252Z	  156 Query	/* ApplicationName=IntelliJ IDEA 2025.1.3 */ INSERT INTO payment_source (discount_amount, final_amount, original_amount, partner_corp_name, payment_date)
VALUES (0, 0, 0, 'Partner Corp 1', '2025-05-02')
2026-01-17T05:19:54.341711Z	  156 Query	/* ApplicationName=IntelliJ IDEA 2025.1.3 */ select database()
2026-01-17T05:19:54.349464Z	  156 Query	SELECT @@session.transaction_isolation
2026-01-17T05:20:15.675195Z	  227 Connect	root@172.24.0.1 on  using SSL/TLS
2026-01-17T05:20:15.680830Z	  227 Query	/* mysql-connector-j-9.5.0 (Revision: a7b3c94f50efbddb9f0dd69b3e0d1aaa25305cd6) */SELECT  @@session.auto_increment_increment AS auto_increment_increment, @@character_set_client AS character_set_client, @@character_set_connection AS character_set_connection, @@character_set_results AS character_set_results, @@character_set_server AS character_set_server, @@collation_server AS collation_server, @@collation_connection AS collation_connection, @@init_connect AS init_connect, @@interactive_timeout AS interactive_timeout, @@license AS license, @@lower_case_table_names AS lower_case_table_names, @@max_allowed_packet AS max_allowed_packet, @@net_write_timeout AS net_write_timeout, @@performance_schema AS performance_schema, @@sql_mode AS sql_mode, @@system_time_zone AS system_time_zone, @@time_zone AS time_zone, @@transaction_isolation AS transaction_isolation, @@wait_timeout AS wait_timeout
2026-01-17T05:20:15.683796Z	  227 Query	SET autocommit=1
2026-01-17T05:20:15.686615Z	  227 Query	select version(), @@version_comment, database()
2026-01-17T05:20:15.689009Z	  227 Query	show variables like 'aurora\_version'
2026-01-17T05:20:15.704694Z	  227 Query	/* ApplicationName=IntelliJ IDEA 2025.1.3 */ SET SESSION TRANSACTION READ WRITE
2026-01-17T05:20:15.708648Z	  227 Query	/* ApplicationName=IntelliJ IDEA 2025.1.3 */ select database()
2026-01-17T05:20:15.727172Z	  227 Query	/* ApplicationName=IntelliJ IDEA 2025.1.3 */ SET net_write_timeout=600
2026-01-17T05:20:15.729458Z	  227 Query	/* ApplicationName=IntelliJ IDEA 2025.1.3 */ select database(), schema(), left(user(),instr(concat(user(),'@'),'@')-1)
2026-01-17T05:20:15.737124Z	  227 Query	SET net_write_timeout=60
2026-01-17T05:20:15.765092Z	  227 Query	/* ApplicationName=IntelliJ IDEA 2025.1.3 */ SET net_write_timeout=600
2026-01-17T05:20:15.766824Z	  227 Query	/* ApplicationName=IntelliJ IDEA 2025.1.3 */ select @@event_scheduler
2026-01-17T05:20:15.778703Z	  227 Query	SET net_write_timeout=60
2026-01-17T05:20:15.789174Z	  227 Query	/* ApplicationName=IntelliJ IDEA 2025.1.3 */ SET net_write_timeout=600
2026-01-17T05:20:15.790743Z	  227 Query	/* ApplicationName=IntelliJ IDEA 2025.1.3 */ -- Check Parameters Table Exists
        select 1 from information_schema.tables
        where lower(table_schema) = 'information_schema'
          and lower(table_name) = 'parameters'
2026-01-17T05:20:15.796945Z	  227 Query	SET net_write_timeout=60
2026-01-17T05:20:15.801683Z	  227 Query	/* ApplicationName=IntelliJ IDEA 2025.1.3 */ SET net_write_timeout=600
2026-01-17T05:20:15.803212Z	  227 Query	/* ApplicationName=IntelliJ IDEA 2025.1.3 */ select @@default_storage_engine, @@default_tmp_storage_engine
2026-01-17T05:20:15.806862Z	  227 Query	SET net_write_timeout=60
2026-01-17T05:20:15.820409Z	  227 Query	/* ApplicationName=IntelliJ IDEA 2025.1.3 */ SET net_write_timeout=600
2026-01-17T05:20:15.822315Z	  227 Query	/* ApplicationName=IntelliJ IDEA 2025.1.3 */ -- Retrieve All Major Names
select table_schema as schema_name,
       table_name as major_name,
       case when table_type like '%TABLE' then 'T'
            when table_type like '%VIEW' then 'V'
            end as major_kind,
       cast(null as char(1)) as routine_kind
from information_schema.tables
where table_schema in ( 'spring_batch' )
union all
select routine_schema as schema_name,
       routine_name as major_name,
       'R' as major_kind,
       case when ROUTINE_TYPE like 'P%' then 'P'
            when ROUTINE_TYPE like 'F%' then 'F'
            end as routine_kind
from information_schema.routines
where routine_schema in ( 'spring_batch' )
union all
select event_schema as schema_name,
       event_name as major_name,
       'E' as major_kind,
       cast(null as char(1)) as routine_kind
from information_schema.events
where event_schema in ( 'spring_batch' )
order by 1
2026-01-17T05:20:15.829325Z	  227 Query	SET net_write_timeout=60
2026-01-17T05:20:15.847743Z	  227 Query	/* ApplicationName=IntelliJ IDEA 2025.1.3 */ SET net_write_timeout=600
2026-01-17T05:20:15.849432Z	  227 Query	/* ApplicationName=IntelliJ IDEA 2025.1.3 */ -- Retrieve All Minor Names (compatible)
select T.table_schema as schema_name,
       T.table_name as major_name,
       case when T.table_type like '%TABLE' then 'T'
            when T.table_type like '%VIEW' then 'V'
            end as major_kind,
       C.ordinal_position as position,
       cast(null as char(1)) as direction,
       C.column_name as minor_name
from information_schema.tables T,
     information_schema.columns C
where T.table_schema in ( 'spring_batch' )
  and T.table_schema = C.table_schema
  and T.table_name = C.table_name
order by 1,2,4
2026-01-17T05:20:15.856312Z	  227 Query	SET net_write_timeout=60
2026-01-17T05:20:15.886297Z	  227 Query	/* ApplicationName=IntelliJ IDEA 2025.1.3 */ SET net_write_timeout=600
2026-01-17T05:20:15.888149Z	  227 Query	/* ApplicationName=IntelliJ IDEA 2025.1.3 */ -- Retrieve Tables and Views
select T.table_name      as table_name,
       T.table_type      as table_type,
       T.table_comment   as table_comment,
       T.engine          as engine,
       T.table_collation as table_collation,
       T.create_options  as create_options,
       V.definer         as view_definer
from information_schema.tables T left join
     information_schema.views V on T.table_schema = V.table_schema and T.table_name = V.table_name
where T.table_schema = 'spring_batch'
  and true
2026-01-17T05:20:15.894194Z	  227 Query	SET net_write_timeout=60
2026-01-17T05:20:15.904029Z	  227 Query	/* ApplicationName=IntelliJ IDEA 2025.1.3 */ SET net_write_timeout=600
2026-01-17T05:20:15.905598Z	  227 Query	/* ApplicationName=IntelliJ IDEA 2025.1.3 */ -- Retrieve Columns
select ordinal_position,
       column_name,
       column_type,
       column_default,
       generation_expression,
       table_name,
       column_comment,
       is_nullable,
       extra,
       collation_name
from information_schema.columns
where table_schema = 'spring_batch'
  and true
order by table_name, ordinal_position
2026-01-17T05:20:15.912431Z	  227 Query	SET net_write_timeout=60
2026-01-17T05:20:15.922362Z	  227 Query	/* ApplicationName=IntelliJ IDEA 2025.1.3 */ SET net_write_timeout=600
2026-01-17T05:20:15.924233Z	  227 Query	/* ApplicationName=IntelliJ IDEA 2025.1.3 */ -- Retrieve Auto Increments
select table_name, auto_increment
from information_schema.tables
where table_schema = 'spring_batch'
  and auto_increment is not null
  and true
2026-01-17T05:20:15.932768Z	  227 Query	SET net_write_timeout=60
2026-01-17T05:20:15.945396Z	  227 Query	/* ApplicationName=IntelliJ IDEA 2025.1.3 */ SET net_write_timeout=600
2026-01-17T05:20:15.947118Z	  227 Query	/* ApplicationName=IntelliJ IDEA 2025.1.3 */ -- Retrieve Indices
select table_name,
       index_name,
       index_comment,
       index_type,
       non_unique,
       column_name,
       sub_part,
       collation,
       expression
from information_schema.statistics
where table_schema = 'spring_batch' 
  and index_schema = 'spring_batch'
  and true
order by index_schema,
         table_name,
         index_name,
         index_type,
         seq_in_index
2026-01-17T05:20:15.953471Z	  227 Query	SET net_write_timeout=60
2026-01-17T05:20:15.961244Z	  227 Query	/* ApplicationName=IntelliJ IDEA 2025.1.3 */ SET net_write_timeout=600
2026-01-17T05:20:15.962930Z	  227 Query	/* ApplicationName=IntelliJ IDEA 2025.1.3 */ -- Retrieve Constraints
select c.constraint_name,
       c.constraint_schema,
       c.table_name,
       c.constraint_type,
       c.enforced = 'YES' enforced
from information_schema.table_constraints c
where c.table_schema = 'spring_batch' 
  and true
2026-01-17T05:20:15.968127Z	  227 Query	SET net_write_timeout=60
2026-01-17T05:20:15.976483Z	  227 Query	/* ApplicationName=IntelliJ IDEA 2025.1.3 */ SET net_write_timeout=600
2026-01-17T05:20:15.978135Z	  227 Query	/* ApplicationName=IntelliJ IDEA 2025.1.3 */ -- Retrieve Foreign Keys
select r.constraint_name,
       null table_name,
       r.match_option,
       r.update_rule,
       r.delete_rule
from information_schema.referential_constraints r
where r.constraint_schema = 'spring_batch'
  and true
  and true
2026-01-17T05:20:15.982549Z	  227 Query	SET net_write_timeout=60
2026-01-17T05:20:15.989217Z	  227 Query	/* ApplicationName=IntelliJ IDEA 2025.1.3 */ SET net_write_timeout=600
2026-01-17T05:20:15.990644Z	  227 Query	/* ApplicationName=IntelliJ IDEA 2025.1.3 */ -- Retrieve Constraint Columns
select constraint_name,
       table_name,
       column_name,
       referenced_table_schema,
       referenced_table_name,
       referenced_column_name
from information_schema.key_column_usage
where table_schema = 'spring_batch'
  and referenced_column_name is not null
  and true
order by table_name,
         constraint_name,
         ordinal_position
2026-01-17T05:20:15.995083Z	  227 Query	SET net_write_timeout=60
2026-01-17T05:20:16.002276Z	  227 Query	/* ApplicationName=IntelliJ IDEA 2025.1.3 */ SET net_write_timeout=600
2026-01-17T05:20:16.003856Z	  227 Query	/* ApplicationName=IntelliJ IDEA 2025.1.3 */ -- Retrieve Subpartitions
select table_name, partition_name, subpartition_name, partition_ordinal_position,
   subpartition_ordinal_position, partition_method, subpartition_method, partition_expression,
   subpartition_expression, partition_description, partition_comment/*, tablespace_name*/
from information_schema.partitions
where partition_name is not null
  and table_schema = 'spring_batch'
  and true
2026-01-17T05:20:16.006497Z	  227 Query	SET net_write_timeout=60
2026-01-17T05:20:16.017434Z	  227 Query	/* ApplicationName=IntelliJ IDEA 2025.1.3 */ SET net_write_timeout=600
2026-01-17T05:20:16.019072Z	  227 Query	/* ApplicationName=IntelliJ IDEA 2025.1.3 */ -- Retrieve Triggers
select trigger_name,
       event_object_table,
       event_manipulation,
       action_timing,
       definer
from information_schema.triggers
where trigger_schema = 'spring_batch'
  and true
2026-01-17T05:20:16.021205Z	  227 Query	SET net_write_timeout=60
2026-01-17T05:20:16.029647Z	  227 Query	/* ApplicationName=IntelliJ IDEA 2025.1.3 */ SET net_write_timeout=600
2026-01-17T05:20:16.031440Z	  227 Query	/* ApplicationName=IntelliJ IDEA 2025.1.3 */ -- Retrieve Events
select event_name,
       event_comment,
       definer,
       event_type = 'RECURRING' recurring,
       interval_value,
       interval_field,
       cast(coalesce(starts, execute_at) as char) starts,
       cast(ends as char) ends,
       status,
       on_completion = 'PRESERVE' preserve,
       last_executed
from information_schema.events
where event_schema = 'spring_batch'
  and true
2026-01-17T05:20:16.033574Z	  227 Query	SET net_write_timeout=60
2026-01-17T05:20:16.043141Z	  227 Query	/* ApplicationName=IntelliJ IDEA 2025.1.3 */ SET net_write_timeout=600
2026-01-17T05:20:16.044936Z	  227 Query	/* ApplicationName=IntelliJ IDEA 2025.1.3 */ -- Retrieve Routines
select routine_name,
       routine_type,
       routine_definition,
       routine_comment,
       dtd_identifier,
       definer,
       is_deterministic = 'YES' is_deterministic,
       cast(sql_data_access as char(1)) sql_data_access,
       cast(security_type as char(1)) security_type
from information_schema.routines
where routine_schema = 'spring_batch'
  and true
2026-01-17T05:20:16.046976Z	  227 Query	SET net_write_timeout=60
2026-01-17T05:20:16.057511Z	  227 Query	/* ApplicationName=IntelliJ IDEA 2025.1.3 */ SET net_write_timeout=600
2026-01-17T05:20:16.059364Z	  227 Query	/* ApplicationName=IntelliJ IDEA 2025.1.3 */ -- Retrieve Routine Grants
select Host, User, Routine_name, Proc_priv, Routine_type = 'PROCEDURE' as is_proc
from mysql.procs_priv where Db = 'spring_batch'
2026-01-17T05:20:16.061013Z	  227 Query	SET net_write_timeout=60
2026-01-17T05:20:16.070101Z	  227 Query	/* ApplicationName=IntelliJ IDEA 2025.1.3 */ SET net_write_timeout=600
2026-01-17T05:20:16.071693Z	  227 Query	/* ApplicationName=IntelliJ IDEA 2025.1.3 */ -- Retrieve Column Grants  
select grantee, table_name, column_name, privilege_type, is_grantable
from information_schema.column_privileges
where table_schema = 'spring_batch'
union all
select grantee, table_name, '' column_name, privilege_type, is_grantable
from information_schema.table_privileges
where table_schema = 'spring_batch'
order by table_name, grantee, privilege_type
2026-01-17T05:20:16.073378Z	  227 Query	SET net_write_timeout=60
2026-01-17T05:20:16.081372Z	  227 Query	/* ApplicationName=IntelliJ IDEA 2025.1.3 */ SET net_write_timeout=600
2026-01-17T05:20:16.083001Z	  227 Query	/* ApplicationName=IntelliJ IDEA 2025.1.3 */ -- Retrieve Routine Parameters
select specific_name,
       ordinal_position,
       parameter_name,
       parameter_mode,
       dtd_identifier
from information_schema.parameters
where specific_schema = 'spring_batch'
  and ordinal_position > 0
  and true
order by specific_name, ordinal_position
2026-01-17T05:20:16.085042Z	  227 Query	SET net_write_timeout=60
2026-01-17T05:20:16.093350Z	  227 Query	/* ApplicationName=IntelliJ IDEA 2025.1.3 */ SET net_write_timeout=600
2026-01-17T05:20:16.095128Z	  227 Query	/* ApplicationName=IntelliJ IDEA 2025.1.3 */ -- Retrieve Views with Sources
select table_name, view_definition
from information_schema.views
where table_schema = 'spring_batch'
  and true
2026-01-17T05:20:16.097433Z	  227 Query	SET net_write_timeout=60
2026-01-17T05:20:16.108706Z	  227 Query	SELECT @@session.transaction_isolation
2026-01-17T05:20:16.112527Z	  227 Quit	
2026-01-17T06:15:53.039381Z	  228 Connect	root@172.24.0.1 on spring_batch using TCP/IP
2026-01-17T06:15:53.049652Z	  228 Query	/* mysql-connector-j-9.5.0 (Revision: a7b3c94f50efbddb9f0dd69b3e0d1aaa25305cd6) */SELECT  @@session.auto_increment_increment AS auto_increment_increment, @@character_set_client AS character_set_client, @@character_set_connection AS character_set_connection, @@character_set_results AS character_set_results, @@character_set_server AS character_set_server, @@collation_server AS collation_server, @@collation_connection AS collation_connection, @@init_connect AS init_connect, @@interactive_timeout AS interactive_timeout, @@license AS license, @@lower_case_table_names AS lower_case_table_names, @@max_allowed_packet AS max_allowed_packet, @@net_write_timeout AS net_write_timeout, @@performance_schema AS performance_schema, @@sql_mode AS sql_mode, @@system_time_zone AS system_time_zone, @@time_zone AS time_zone, @@transaction_isolation AS transaction_isolation, @@wait_timeout AS wait_timeout
2026-01-17T06:15:53.057538Z	  228 Query	SET character_set_results = NULL
2026-01-17T06:15:53.060639Z	  228 Query	SET autocommit=1
2026-01-17T06:15:53.064243Z	  228 Query	SELECT @@session.transaction_read_only
2026-01-17T06:15:53.066255Z	  228 Query	SELECT @@session.transaction_isolation
2026-01-17T06:15:53.176975Z	  229 Connect	root@172.24.0.1 on spring_batch using TCP/IP
2026-01-17T06:15:53.181679Z	  229 Query	/* mysql-connector-j-9.5.0 (Revision: a7b3c94f50efbddb9f0dd69b3e0d1aaa25305cd6) */SELECT  @@session.auto_increment_increment AS auto_increment_increment, @@character_set_client AS character_set_client, @@character_set_connection AS character_set_connection, @@character_set_results AS character_set_results, @@character_set_server AS character_set_server, @@collation_server AS collation_server, @@collation_connection AS collation_connection, @@init_connect AS init_connect, @@interactive_timeout AS interactive_timeout, @@license AS license, @@lower_case_table_names AS lower_case_table_names, @@max_allowed_packet AS max_allowed_packet, @@net_write_timeout AS net_write_timeout, @@performance_schema AS performance_schema, @@sql_mode AS sql_mode, @@system_time_zone AS system_time_zone, @@time_zone AS time_zone, @@transaction_isolation AS transaction_isolation, @@wait_timeout AS wait_timeout
2026-01-17T06:15:53.185221Z	  229 Query	SET character_set_results = NULL
2026-01-17T06:15:53.190270Z	  229 Query	SET autocommit=1
2026-01-17T06:15:53.192935Z	  229 Query	SELECT @@session.transaction_read_only
2026-01-17T06:15:53.230325Z	  230 Connect	root@172.24.0.1 on spring_batch using TCP/IP
2026-01-17T06:15:53.233778Z	  230 Query	/* mysql-connector-j-9.5.0 (Revision: a7b3c94f50efbddb9f0dd69b3e0d1aaa25305cd6) */SELECT  @@session.auto_increment_increment AS auto_increment_increment, @@character_set_client AS character_set_client, @@character_set_connection AS character_set_connection, @@character_set_results AS character_set_results, @@character_set_server AS character_set_server, @@collation_server AS collation_server, @@collation_connection AS collation_connection, @@init_connect AS init_connect, @@interactive_timeout AS interactive_timeout, @@license AS license, @@lower_case_table_names AS lower_case_table_names, @@max_allowed_packet AS max_allowed_packet, @@net_write_timeout AS net_write_timeout, @@performance_schema AS performance_schema, @@sql_mode AS sql_mode, @@system_time_zone AS system_time_zone, @@time_zone AS time_zone, @@transaction_isolation AS transaction_isolation, @@wait_timeout AS wait_timeout
2026-01-17T06:15:53.237357Z	  230 Query	SET character_set_results = NULL
2026-01-17T06:15:53.237695Z	  228 Query	SELECT WORD FROM INFORMATION_SCHEMA.KEYWORDS WHERE RESERVED = 1 ORDER BY WORD
2026-01-17T06:15:53.238829Z	  230 Query	SET autocommit=1
2026-01-17T06:15:53.240967Z	  230 Query	SELECT @@session.transaction_read_only
2026-01-17T06:15:53.262695Z	  228 Query	SELECT @@character_set_database, @@sql_mode
2026-01-17T06:15:53.274848Z	  231 Connect	root@172.24.0.1 on spring_batch using TCP/IP
2026-01-17T06:15:53.276818Z	  231 Query	/* mysql-connector-j-9.5.0 (Revision: a7b3c94f50efbddb9f0dd69b3e0d1aaa25305cd6) */SELECT  @@session.auto_increment_increment AS auto_increment_increment, @@character_set_client AS character_set_client, @@character_set_connection AS character_set_connection, @@character_set_results AS character_set_results, @@character_set_server AS character_set_server, @@collation_server AS collation_server, @@collation_connection AS collation_connection, @@init_connect AS init_connect, @@interactive_timeout AS interactive_timeout, @@license AS license, @@lower_case_table_names AS lower_case_table_names, @@max_allowed_packet AS max_allowed_packet, @@net_write_timeout AS net_write_timeout, @@performance_schema AS performance_schema, @@sql_mode AS sql_mode, @@system_time_zone AS system_time_zone, @@time_zone AS time_zone, @@transaction_isolation AS transaction_isolation, @@wait_timeout AS wait_timeout
2026-01-17T06:15:53.278572Z	  231 Query	SET character_set_results = NULL
2026-01-17T06:15:53.280111Z	  231 Query	SET autocommit=1
2026-01-17T06:15:53.281514Z	  231 Query	SELECT @@session.transaction_read_only
2026-01-17T06:15:53.323728Z	  232 Connect	root@172.24.0.1 on spring_batch using TCP/IP
2026-01-17T06:15:53.325620Z	  232 Query	/* mysql-connector-j-9.5.0 (Revision: a7b3c94f50efbddb9f0dd69b3e0d1aaa25305cd6) */SELECT  @@session.auto_increment_increment AS auto_increment_increment, @@character_set_client AS character_set_client, @@character_set_connection AS character_set_connection, @@character_set_results AS character_set_results, @@character_set_server AS character_set_server, @@collation_server AS collation_server, @@collation_connection AS collation_connection, @@init_connect AS init_connect, @@interactive_timeout AS interactive_timeout, @@license AS license, @@lower_case_table_names AS lower_case_table_names, @@max_allowed_packet AS max_allowed_packet, @@net_write_timeout AS net_write_timeout, @@performance_schema AS performance_schema, @@sql_mode AS sql_mode, @@system_time_zone AS system_time_zone, @@time_zone AS time_zone, @@transaction_isolation AS transaction_isolation, @@wait_timeout AS wait_timeout
2026-01-17T06:15:53.327482Z	  232 Query	SET character_set_results = NULL
2026-01-17T06:15:53.328649Z	  232 Query	SET autocommit=1
2026-01-17T06:15:53.329865Z	  232 Query	SELECT @@session.transaction_read_only
2026-01-17T06:15:53.378392Z	  233 Connect	root@172.24.0.1 on spring_batch using TCP/IP
2026-01-17T06:15:53.383253Z	  233 Query	/* mysql-connector-j-9.5.0 (Revision: a7b3c94f50efbddb9f0dd69b3e0d1aaa25305cd6) */SELECT  @@session.auto_increment_increment AS auto_increment_increment, @@character_set_client AS character_set_client, @@character_set_connection AS character_set_connection, @@character_set_results AS character_set_results, @@character_set_server AS character_set_server, @@collation_server AS collation_server, @@collation_connection AS collation_connection, @@init_connect AS init_connect, @@interactive_timeout AS interactive_timeout, @@license AS license, @@lower_case_table_names AS lower_case_table_names, @@max_allowed_packet AS max_allowed_packet, @@net_write_timeout AS net_write_timeout, @@performance_schema AS performance_schema, @@sql_mode AS sql_mode, @@system_time_zone AS system_time_zone, @@time_zone AS time_zone, @@transaction_isolation AS transaction_isolation, @@wait_timeout AS wait_timeout
2026-01-17T06:15:53.384869Z	  233 Query	SET character_set_results = NULL
2026-01-17T06:15:53.386418Z	  233 Query	SET autocommit=1
2026-01-17T06:15:53.387477Z	  233 Query	SELECT @@session.transaction_read_only
2026-01-17T06:15:53.429509Z	  234 Connect	root@172.24.0.1 on spring_batch using TCP/IP
2026-01-17T06:15:53.432923Z	  234 Query	/* mysql-connector-j-9.5.0 (Revision: a7b3c94f50efbddb9f0dd69b3e0d1aaa25305cd6) */SELECT  @@session.auto_increment_increment AS auto_increment_increment, @@character_set_client AS character_set_client, @@character_set_connection AS character_set_connection, @@character_set_results AS character_set_results, @@character_set_server AS character_set_server, @@collation_server AS collation_server, @@collation_connection AS collation_connection, @@init_connect AS init_connect, @@interactive_timeout AS interactive_timeout, @@license AS license, @@lower_case_table_names AS lower_case_table_names, @@max_allowed_packet AS max_allowed_packet, @@net_write_timeout AS net_write_timeout, @@performance_schema AS performance_schema, @@sql_mode AS sql_mode, @@system_time_zone AS system_time_zone, @@time_zone AS time_zone, @@transaction_isolation AS transaction_isolation, @@wait_timeout AS wait_timeout
2026-01-17T06:15:53.437629Z	  234 Query	SET character_set_results = NULL
2026-01-17T06:15:53.439062Z	  234 Query	SET autocommit=1
2026-01-17T06:15:53.440387Z	  234 Query	SELECT @@session.transaction_read_only
2026-01-17T06:15:53.481365Z	  235 Connect	root@172.24.0.1 on spring_batch using TCP/IP
2026-01-17T06:15:53.485394Z	  235 Query	/* mysql-connector-j-9.5.0 (Revision: a7b3c94f50efbddb9f0dd69b3e0d1aaa25305cd6) */SELECT  @@session.auto_increment_increment AS auto_increment_increment, @@character_set_client AS character_set_client, @@character_set_connection AS character_set_connection, @@character_set_results AS character_set_results, @@character_set_server AS character_set_server, @@collation_server AS collation_server, @@collation_connection AS collation_connection, @@init_connect AS init_connect, @@interactive_timeout AS interactive_timeout, @@license AS license, @@lower_case_table_names AS lower_case_table_names, @@max_allowed_packet AS max_allowed_packet, @@net_write_timeout AS net_write_timeout, @@performance_schema AS performance_schema, @@sql_mode AS sql_mode, @@system_time_zone AS system_time_zone, @@time_zone AS time_zone, @@transaction_isolation AS transaction_isolation, @@wait_timeout AS wait_timeout
2026-01-17T06:15:53.491858Z	  235 Query	SET character_set_results = NULL
2026-01-17T06:15:53.493546Z	  235 Query	SET autocommit=1
2026-01-17T06:15:53.494920Z	  235 Query	SELECT @@session.transaction_read_only
2026-01-17T06:15:53.536408Z	  236 Connect	root@172.24.0.1 on spring_batch using TCP/IP
2026-01-17T06:15:53.543048Z	  236 Query	/* mysql-connector-j-9.5.0 (Revision: a7b3c94f50efbddb9f0dd69b3e0d1aaa25305cd6) */SELECT  @@session.auto_increment_increment AS auto_increment_increment, @@character_set_client AS character_set_client, @@character_set_connection AS character_set_connection, @@character_set_results AS character_set_results, @@character_set_server AS character_set_server, @@collation_server AS collation_server, @@collation_connection AS collation_connection, @@init_connect AS init_connect, @@interactive_timeout AS interactive_timeout, @@license AS license, @@lower_case_table_names AS lower_case_table_names, @@max_allowed_packet AS max_allowed_packet, @@net_write_timeout AS net_write_timeout, @@performance_schema AS performance_schema, @@sql_mode AS sql_mode, @@system_time_zone AS system_time_zone, @@time_zone AS time_zone, @@transaction_isolation AS transaction_isolation, @@wait_timeout AS wait_timeout
2026-01-17T06:15:53.547217Z	  236 Query	SET character_set_results = NULL
2026-01-17T06:15:53.548848Z	  236 Query	SET autocommit=1
2026-01-17T06:15:53.550526Z	  236 Query	SELECT @@session.transaction_read_only
2026-01-17T06:15:53.590888Z	  237 Connect	root@172.24.0.1 on spring_batch using TCP/IP
2026-01-17T06:15:53.592641Z	  237 Query	/* mysql-connector-j-9.5.0 (Revision: a7b3c94f50efbddb9f0dd69b3e0d1aaa25305cd6) */SELECT  @@session.auto_increment_increment AS auto_increment_increment, @@character_set_client AS character_set_client, @@character_set_connection AS character_set_connection, @@character_set_results AS character_set_results, @@character_set_server AS character_set_server, @@collation_server AS collation_server, @@collation_connection AS collation_connection, @@init_connect AS init_connect, @@interactive_timeout AS interactive_timeout, @@license AS license, @@lower_case_table_names AS lower_case_table_names, @@max_allowed_packet AS max_allowed_packet, @@net_write_timeout AS net_write_timeout, @@performance_schema AS performance_schema, @@sql_mode AS sql_mode, @@system_time_zone AS system_time_zone, @@time_zone AS time_zone, @@transaction_isolation AS transaction_isolation, @@wait_timeout AS wait_timeout
2026-01-17T06:15:53.594556Z	  237 Query	SET character_set_results = NULL
2026-01-17T06:15:53.595718Z	  237 Query	SET autocommit=1
2026-01-17T06:15:53.596848Z	  237 Query	SELECT @@session.transaction_read_only
2026-01-17T06:15:53.617705Z	  228 Query	SELECT TABLE_SCHEMA AS TABLE_CAT, NULL AS TABLE_SCHEM, TABLE_NAME, CASE WHEN TABLE_TYPE = 'BASE TABLE' THEN CASE WHEN TABLE_SCHEMA = 'mysql' OR TABLE_SCHEMA = 'performance_schema' OR TABLE_SCHEMA = 'sys' THEN 'SYSTEM TABLE' ELSE 'TABLE' END WHEN TABLE_TYPE = 'TEMPORARY' THEN 'LOCAL_TEMPORARY' ELSE TABLE_TYPE END AS TABLE_TYPE, TABLE_COMMENT AS REMARKS, NULL AS TYPE_CAT, NULL AS TYPE_SCHEM, NULL AS TYPE_NAME, NULL AS SELF_REFERENCING_COL_NAME, NULL AS REF_GENERATION FROM INFORMATION_SCHEMA.TABLES WHERE TABLE_SCHEMA = 'spring_batch' AND TABLE_NAME LIKE '%' HAVING TABLE_TYPE IN ('TABLE','VIEW',null,null,null) ORDER BY TABLE_TYPE, TABLE_SCHEMA, TABLE_NAME
2026-01-17T06:15:53.621068Z	  228 Query	SELECT DEFAULT_COLLATION_NAME FROM INFORMATION_SCHEMA.SCHEMATA WHERE SCHEMA_NAME = 'information_schema'
2026-01-17T06:15:53.624790Z	  228 Query	SELECT TABLE_SCHEMA, NULL, TABLE_NAME, COLUMN_NAME, CASE WHEN UPPER(DATA_TYPE) = 'DECIMAL' THEN 3 WHEN UPPER(DATA_TYPE) = 'DECIMAL UNSIGNED' THEN 3 WHEN UPPER(DATA_TYPE) = 'TINYINT' THEN IF(LOCATE('ZEROFILL', UPPER(COLUMN_TYPE)) = 0 AND LOCATE('UNSIGNED', UPPER(COLUMN_TYPE)) = 0 AND LOCATE('(1)', COLUMN_TYPE) != 0, -7, -6) WHEN UPPER(DATA_TYPE) = 'TINYINT UNSIGNED' THEN IF(LOCATE('ZEROFILL', UPPER(COLUMN_TYPE)) = 0 AND LOCATE('UNSIGNED', UPPER(COLUMN_TYPE)) = 0 AND LOCATE('(1)', COLUMN_TYPE) != 0, -7, -6) WHEN UPPER(DATA_TYPE) = 'BOOLEAN' THEN 16 WHEN UPPER(DATA_TYPE) = 'SMALLINT' THEN 5 WHEN UPPER(DATA_TYPE) = 'SMALLINT UNSIGNED' THEN 5 WHEN UPPER(DATA_TYPE) = 'INT' THEN 4 WHEN UPPER(DATA_TYPE) = 'INT UNSIGNED' THEN 4 WHEN UPPER(DATA_TYPE) = 'FLOAT' THEN 7 WHEN UPPER(DATA_TYPE) = 'FLOAT UNSIGNED' THEN 7 WHEN UPPER(DATA_TYPE) = 'DOUBLE' THEN 8 WHEN UPPER(DATA_TYPE) = 'DOUBLE UNSIGNED' THEN 8 WHEN UPPER(DATA_TYPE) = 'NULL' THEN 0 WHEN UPPER(DATA_TYPE) = 'TIMESTAMP' THEN 93 WHEN UPPER(DATA_TYPE) = 'BIGINT' THEN -5 WHEN UPPER(DATA_TYPE) = 'BIGINT UNSIGNED' THEN -5 WHEN UPPER(DATA_TYPE) = 'MEDIUMINT' THEN 4 WHEN UPPER(DATA_TYPE) = 'MEDIUMINT UNSIGNED' THEN 4 WHEN UPPER(DATA_TYPE) = 'DATE' THEN 91 WHEN UPPER(DATA_TYPE) = 'TIME' THEN 92 WHEN UPPER(DATA_TYPE) = 'DATETIME' THEN 93 WHEN UPPER(DATA_TYPE) = 'YEAR' THEN 91 WHEN UPPER(DATA_TYPE) = 'VARCHAR' THEN 12 WHEN UPPER(DATA_TYPE) = 'VARBINARY' THEN -3 WHEN UPPER(DATA_TYPE) = 'BIT' THEN -7 WHEN UPPER(DATA_TYPE) = 'JSON' THEN -1 WHEN UPPER(DATA_TYPE) = 'ENUM' THEN 1 WHEN UPPER(DATA_TYPE) = 'SET' THEN 1 WHEN UPPER(DATA_TYPE) = 'TINYBLOB' THEN -3 WHEN UPPER(DATA_TYPE) = 'TINYTEXT' THEN 12 WHEN UPPER(DATA_TYPE) = 'MEDIUMBLOB' THEN -4 WHEN UPPER(DATA_TYPE) = 'MEDIUMTEXT' THEN -1 WHEN UPPER(DATA_TYPE) = 'LONGBLOB' THEN -4 WHEN UPPER(DATA_TYPE) = 'LONGTEXT' THEN -1 WHEN UPPER(DATA_TYPE) = 'BLOB' THEN -4 WHEN UPPER(DATA_TYPE) = 'TEXT' THEN -1 WHEN UPPER(DATA_TYPE) = 'CHAR' THEN 1 WHEN UPPER(DATA_TYPE) = 'BINARY' THEN -2 WHEN UPPER(DATA_TYPE) = 'GEOMETRY' THEN -2 WHEN UPPER(DATA_TYPE) = 'VECTOR' THEN -4 WHEN UPPER(DATA_TYPE) = 'UNKNOWN' THEN 1111 WHEN UPPER(DATA_TYPE) = 'POINT' THEN -2 WHEN UPPER(DATA_TYPE) = 'LINESTRING' THEN -2 WHEN UPPER(DATA_TYPE) = 'POLYGON' THEN -2 WHEN UPPER(DATA_TYPE) = 'MULTIPOINT' THEN -2 WHEN UPPER(DATA_TYPE) = 'MULTILINESTRING' THEN -2 WHEN UPPER(DATA_TYPE) = 'MULTIPOLYGON' THEN -2 WHEN UPPER(DATA_TYPE) = 'GEOMETRYCOLLECTION' THEN -2 WHEN UPPER(DATA_TYPE) = 'GEOMCOLLECTION' THEN -2 ELSE 1111 END AS DATA_TYPE, UPPER(CASE WHEN UPPER(DATA_TYPE) = 'TINYINT' THEN CASE WHEN LOCATE('ZEROFILL', UPPER(COLUMN_TYPE)) = 0 AND LOCATE('UNSIGNED', UPPER(COLUMN_TYPE)) = 0 AND LOCATE('(1)', COLUMN_TYPE) != 0 THEN 'BIT' WHEN LOCATE('UNSIGNED', UPPER(COLUMN_TYPE)) != 0 AND LOCATE('UNSIGNED', UPPER(DATA_TYPE)) = 0 THEN 'TINYINT UNSIGNED' ELSE DATA_TYPE END WHEN LOCATE('UNSIGNED', UPPER(COLUMN_TYPE)) != 0 AND LOCATE('UNSIGNED', UPPER(DATA_TYPE)) = 0 AND LOCATE('SET', UPPER(DATA_TYPE)) <> 1 AND LOCATE('ENUM', UPPER(DATA_TYPE)) <> 1 THEN CONCAT(DATA_TYPE, ' UNSIGNED') WHEN UPPER(DATA_TYPE) = 'POINT' THEN 'GEOMETRY' WHEN UPPER(DATA_TYPE) = 'LINESTRING' THEN 'GEOMETRY' WHEN UPPER(DATA_TYPE) = 'POLYGON' THEN 'GEOMETRY' WHEN UPPER(DATA_TYPE) = 'MULTIPOINT' THEN 'GEOMETRY' WHEN UPPER(DATA_TYPE) = 'MULTILINESTRING' THEN 'GEOMETRY' WHEN UPPER(DATA_TYPE) = 'MULTIPOLYGON' THEN 'GEOMETRY' WHEN UPPER(DATA_TYPE) = 'GEOMETRYCOLLECTION' THEN 'GEOMETRY' WHEN UPPER(DATA_TYPE) = 'GEOMCOLLECTION' THEN 'GEOMETRY' ELSE UPPER(DATA_TYPE) END) AS TYPE_NAME, UPPER(CASE WHEN UPPER(DATA_TYPE) = 'YEAR' THEN 4 WHEN UPPER(DATA_TYPE) = 'DATE' THEN 10 WHEN UPPER(DATA_TYPE) = 'DATETIME' OR UPPER(DATA_TYPE) = 'TIMESTAMP' THEN 19 + IF(DATETIME_PRECISION > 0, DATETIME_PRECISION + 1, DATETIME_PRECISION) WHEN UPPER(DATA_TYPE) = 'TIME' THEN 8 + IF(DATETIME_PRECISION > 0, DATETIME_PRECISION + 1, DATETIME_PRECISION) WHEN UPPER(DATA_TYPE) = 'TINYINT' AND LOCATE('ZEROFILL', UPPER(COLUMN_TYPE)) = 0 AND LOCATE('UNSIGNED', UPPER(COLUMN_TYPE)) = 0 AND LOCATE('(1)', COLUMN_TYPE) != 0 THEN 1 WHEN UPPER(DATA_TYPE) = 'MEDIUMINT' AND LOCATE('UNSIGNED', UPPER(COLUMN_TYPE)) != 0 THEN 8 WHEN UPPER(DATA_TYPE) = 'JSON' THEN 1073741824 WHEN UPPER(DATA_TYPE) = 'GEOMETRY' THEN 65535 WHEN UPPER(DATA_TYPE) = 'POINT' THEN 65535 WHEN UPPER(DATA_TYPE) = 'LINESTRING' THEN 65535 WHEN UPPER(DATA_TYPE) = 'POLYGON' THEN 65535 WHEN UPPER(DATA_TYPE) = 'MULTIPOINT' THEN 65535 WHEN UPPER(DATA_TYPE) = 'MULTILINESTRING' THEN 65535 WHEN UPPER(DATA_TYPE) = 'MULTIPOLYGON' THEN 65535 WHEN UPPER(DATA_TYPE) = 'GEOMETRYCOLLECTION' THEN 65535 WHEN UPPER(DATA_TYPE) = 'GEOMCOLLECTION' THEN 65535 WHEN CHARACTER_MAXIMUM_LENGTH IS NULL THEN NUMERIC_PRECISION WHEN CHARACTER_MAXIMUM_LENGTH > 2147483647 THEN 2147483647 ELSE CHARACTER_MAXIMUM_LENGTH END) AS COLUMN_SIZE, 65535 AS BUFFER_LENGTH, UPPER(CASE WHEN UPPER(DATA_TYPE) = 'DECIMAL' THEN NUMERIC_SCALE WHEN UPPER(DATA_TYPE) = 'FLOAT' OR UPPER(DATA_TYPE) = 'DOUBLE' THEN IF(NUMERIC_SCALE IS NULL, 0, NUMERIC_SCALE) ELSE NULL END) AS DECIMAL_DIGITS, 10 AS NUM_PREC_RADIX, CASE WHEN IS_NULLABLE COLLATE utf8mb3_general_ci= 'NO' THEN 0 ELSE CASE WHEN IS_NULLABLE COLLATE utf8mb3_general_ci= 'YES' THEN 1 ELSE 2 END END AS NULLABLE, COLUMN_COMMENT AS REMARKS, COLUMN_DEFAULT AS COLUMN_DEF, 0 AS SQL_DATA_TYPE, 0 AS SQL_DATETIME_SUB, CASE WHEN CHARACTER_OCTET_LENGTH > 2147483647 THEN 2147483647 ELSE CHARACTER_OCTET_LENGTH END AS CHAR_OCTET_LENGTH, ORDINAL_POSITION, IS_NULLABLE, NULL AS SCOPE_CATALOG, NULL AS SCOPE_SCHEMA, NULL AS SCOPE_TABLE, NULL AS SOURCE_DATA_TYPE, IF (EXTRA COLLATE utf8mb3_general_ci LIKE '%auto_increment%','YES','NO') AS IS_AUTOINCREMENT, IF (EXTRA COLLATE utf8mb3_general_ci LIKE  '%GENERATED%','YES','NO') AS IS_GENERATEDCOLUMN FROM INFORMATION_SCHEMA.COLUMNS WHERE TABLE_SCHEMA = 'spring_batch' AND COLUMN_NAME LIKE '%' ORDER BY TABLE_SCHEMA, TABLE_NAME, ORDINAL_POSITION
2026-01-17T06:15:53.814405Z	  228 Query	SET autocommit=0
2026-01-17T06:15:53.824405Z	  228 Query	SELECT JOB_INSTANCE_ID, JOB_NAME
FROM BATCH_JOB_INSTANCE
WHERE JOB_NAME = 'paymentReportJob'
 AND JOB_KEY = '6159d2f242e348f98d4a2efc813c83ea'
2026-01-17T06:15:53.829553Z	  228 Query	COMMIT
2026-01-17T06:15:53.832492Z	  228 Query	SET autocommit=1
2026-01-17T06:15:53.838537Z	  228 Query	SELECT JOB_INSTANCE_ID, JOB_NAME
FROM BATCH_JOB_INSTANCE I1
WHERE I1.JOB_NAME = 'paymentReportJob' AND I1.JOB_INSTANCE_ID = (SELECT MAX(I2.JOB_INSTANCE_ID) FROM BATCH_JOB_INSTANCE I2 WHERE I2.JOB_NAME = 'paymentReportJob')
2026-01-17T06:15:53.841553Z	  228 Query	SELECT JOB_EXECUTION_ID, START_TIME, END_TIME, STATUS, EXIT_CODE, EXIT_MESSAGE, CREATE_TIME, LAST_UPDATED, VERSION
FROM BATCH_JOB_EXECUTION
 WHERE JOB_INSTANCE_ID = 16 AND JOB_EXECUTION_ID IN (SELECT MAX(JOB_EXECUTION_ID) FROM BATCH_JOB_EXECUTION E2 WHERE E2.JOB_INSTANCE_ID = 16)
2026-01-17T06:15:53.844144Z	  228 Query	SELECT JOB_EXECUTION_ID, PARAMETER_NAME, PARAMETER_TYPE, PARAMETER_VALUE, IDENTIFYING
FROM BATCH_JOB_EXECUTION_PARAMS
WHERE JOB_EXECUTION_ID = 16
2026-01-17T06:15:53.847302Z	  228 Query	SELECT JI.JOB_INSTANCE_ID, JOB_NAME, JOB_KEY, JI.VERSION
FROM BATCH_JOB_INSTANCE JI, BATCH_JOB_EXECUTION JE
WHERE JOB_EXECUTION_ID = 16 AND JI.JOB_INSTANCE_ID = JE.JOB_INSTANCE_ID
2026-01-17T06:15:53.849065Z	  228 Query	SELECT STEP_EXECUTION_ID, STEP_NAME, START_TIME, END_TIME, STATUS, COMMIT_COUNT, READ_COUNT, FILTER_COUNT, WRITE_COUNT, EXIT_CODE, EXIT_MESSAGE, READ_SKIP_COUNT, WRITE_SKIP_COUNT, PROCESS_SKIP_COUNT, ROLLBACK_COUNT, LAST_UPDATED, VERSION, CREATE_TIME
FROM BATCH_STEP_EXECUTION
 WHERE JOB_EXECUTION_ID = 16 ORDER BY STEP_EXECUTION_ID
2026-01-17T06:15:53.851123Z	  228 Query	SELECT SHORT_CONTEXT, SERIALIZED_CONTEXT
FROM BATCH_JOB_EXECUTION_CONTEXT
WHERE JOB_EXECUTION_ID = 16
2026-01-17T06:15:53.853968Z	  228 Query	SELECT SHORT_CONTEXT, SERIALIZED_CONTEXT
FROM BATCH_STEP_EXECUTION_CONTEXT
WHERE STEP_EXECUTION_ID = 16
2026-01-17T06:15:53.856048Z	  228 Query	SELECT @@session.transaction_isolation
2026-01-17T06:15:53.857380Z	  228 Query	SET SESSION TRANSACTION ISOLATION LEVEL SERIALIZABLE
2026-01-17T06:15:53.858612Z	  228 Query	SET autocommit=0
2026-01-17T06:15:53.860001Z	  228 Query	SELECT JOB_INSTANCE_ID, JOB_NAME
FROM BATCH_JOB_INSTANCE
WHERE JOB_NAME = 'paymentReportJob'
 AND JOB_KEY = 'dfcbab61bd35ce437f1657cac9ab1fb1'
2026-01-17T06:15:53.861220Z	  228 Query	COMMIT
2026-01-17T06:15:53.862219Z	  228 Query	SET autocommit=1
2026-01-17T06:15:53.863162Z	  228 Query	SET SESSION TRANSACTION ISOLATION LEVEL REPEATABLE READ
2026-01-17T06:15:53.864485Z	  228 Query	SELECT @@session.transaction_isolation
2026-01-17T06:15:53.865662Z	  228 Query	SET SESSION TRANSACTION ISOLATION LEVEL SERIALIZABLE
2026-01-17T06:15:53.866718Z	  228 Query	SET autocommit=0
2026-01-17T06:15:53.868210Z	  228 Query	SELECT JOB_INSTANCE_ID, JOB_NAME
FROM BATCH_JOB_INSTANCE
WHERE JOB_NAME = 'paymentReportJob'
 AND JOB_KEY = 'dfcbab61bd35ce437f1657cac9ab1fb1'
2026-01-17T06:15:53.869558Z	  228 Query	SELECT JOB_INSTANCE_ID, JOB_NAME
FROM BATCH_JOB_INSTANCE
WHERE JOB_NAME = 'paymentReportJob'
 AND JOB_KEY = 'dfcbab61bd35ce437f1657cac9ab1fb1'
2026-01-17T06:15:53.871251Z	  229 Query	SET autocommit=0
2026-01-17T06:15:53.873744Z	  229 Query	update BATCH_JOB_SEQ set ID = last_insert_id(ID + 1) limit 1
2026-01-17T06:15:53.874999Z	  229 Query	select last_insert_id()
2026-01-17T06:15:53.875967Z	  229 Query	COMMIT
2026-01-17T06:15:53.878749Z	  229 Query	SET autocommit=1
2026-01-17T06:15:53.880767Z	  228 Query	INSERT INTO BATCH_JOB_INSTANCE(JOB_INSTANCE_ID, JOB_NAME, JOB_KEY, VERSION)
	VALUES (17, 'paymentReportJob', 'dfcbab61bd35ce437f1657cac9ab1fb1', 0)
2026-01-17T06:15:53.882173Z	  229 Query	SET autocommit=0
2026-01-17T06:15:53.883193Z	  229 Query	update BATCH_JOB_EXECUTION_SEQ set ID = last_insert_id(ID + 1) limit 1
2026-01-17T06:15:53.884382Z	  229 Query	select last_insert_id()
2026-01-17T06:15:53.885526Z	  229 Query	COMMIT
2026-01-17T06:15:53.887422Z	  229 Query	SET autocommit=1
2026-01-17T06:15:53.893343Z	  228 Query	INSERT INTO BATCH_JOB_EXECUTION(JOB_EXECUTION_ID, JOB_INSTANCE_ID, START_TIME, END_TIME, STATUS, EXIT_CODE, EXIT_MESSAGE, VERSION, CREATE_TIME, LAST_UPDATED)
	VALUES (17, 17, null, null, 'STARTING', 'UNKNOWN', '', 0, '2026-01-17 15:15:53.881667', '2026-01-17 15:15:53.881708')
2026-01-17T06:15:53.895793Z	  228 Query	SELECT @@session.transaction_read_only
2026-01-17T06:15:53.897002Z	  228 Query	INSERT INTO BATCH_JOB_EXECUTION_PARAMS(JOB_EXECUTION_ID, PARAMETER_NAME, PARAMETER_TYPE, PARAMETER_VALUE, IDENTIFYING)
	VALUES (17, 'paymentDate', 'java.lang.String', '2025-05-02', 'Y')
2026-01-17T06:15:53.898167Z	  228 Query	INSERT INTO BATCH_JOB_EXECUTION_PARAMS(JOB_EXECUTION_ID, PARAMETER_NAME, PARAMETER_TYPE, PARAMETER_VALUE, IDENTIFYING)
	VALUES (17, 'run.id', 'java.lang.Long', '14', 'Y')
2026-01-17T06:15:53.899606Z	  228 Query	INSERT INTO BATCH_JOB_EXECUTION_PARAMS(JOB_EXECUTION_ID, PARAMETER_NAME, PARAMETER_TYPE, PARAMETER_VALUE, IDENTIFYING)
	VALUES (17, '-job.name', 'java.lang.String', 'paymentReportJob', 'Y')
2026-01-17T06:15:53.901341Z	  228 Query	INSERT INTO BATCH_JOB_EXECUTION_CONTEXT (SHORT_CONTEXT, SERIALIZED_CONTEXT, JOB_EXECUTION_ID)
	VALUES('rO0ABXNyABFqYXZhLnV0aWwuSGFzaE1hcAUH2sHDFmDRAwACRgAKbG9hZEZhY3RvckkACXRocmVzaG9sZHhwP0AAAAAAAAB3CAAAABAAAAAAeA==', null, 17)
2026-01-17T06:15:53.902860Z	  228 Query	COMMIT
2026-01-17T06:15:53.904820Z	  228 Query	SET autocommit=1
2026-01-17T06:15:53.905715Z	  228 Query	SET SESSION TRANSACTION ISOLATION LEVEL REPEATABLE READ
2026-01-17T06:15:53.911134Z	  228 Query	SET autocommit=0
2026-01-17T06:15:53.912955Z	  228 Query	SELECT VERSION
FROM BATCH_JOB_EXECUTION
WHERE JOB_EXECUTION_ID=17
2026-01-17T06:15:53.914817Z	  228 Query	SELECT COUNT(*)
FROM BATCH_JOB_EXECUTION
WHERE JOB_EXECUTION_ID = 17
2026-01-17T06:15:53.916437Z	  228 Query	UPDATE BATCH_JOB_EXECUTION
SET START_TIME = '2026-01-17 15:15:53.910697', END_TIME = null,  STATUS = 'STARTED', EXIT_CODE = 'UNKNOWN', EXIT_MESSAGE = '', VERSION = VERSION + 1, CREATE_TIME = '2026-01-17 15:15:53.881667', LAST_UPDATED = '2026-01-17 15:15:53.912085'
WHERE JOB_EXECUTION_ID = 17 AND VERSION = 0
2026-01-17T06:15:53.917686Z	  228 Query	COMMIT
2026-01-17T06:15:53.919719Z	  228 Query	SET autocommit=1
2026-01-17T06:15:53.920914Z	  228 Query	SET autocommit=0
2026-01-17T06:15:53.922410Z	  228 Query	SELECT SE.STEP_EXECUTION_ID, SE.STEP_NAME, SE.START_TIME, SE.END_TIME, SE.STATUS, SE.COMMIT_COUNT, SE.READ_COUNT, SE.FILTER_COUNT, SE.WRITE_COUNT, SE.EXIT_CODE, SE.EXIT_MESSAGE, SE.READ_SKIP_COUNT, SE.WRITE_SKIP_COUNT, SE.PROCESS_SKIP_COUNT, SE.ROLLBACK_COUNT, SE.LAST_UPDATED, SE.VERSION, SE.CREATE_TIME, JE.JOB_EXECUTION_ID, JE.START_TIME, JE.END_TIME, JE.STATUS, JE.EXIT_CODE, JE.EXIT_MESSAGE, JE.CREATE_TIME, JE.LAST_UPDATED, JE.VERSION
FROM BATCH_JOB_EXECUTION JE
	JOIN BATCH_STEP_EXECUTION SE ON SE.JOB_EXECUTION_ID = JE.JOB_EXECUTION_ID
WHERE JE.JOB_INSTANCE_ID = 17 AND SE.STEP_NAME = 'paymentReportStep'
2026-01-17T06:15:53.923908Z	  228 Query	COMMIT
2026-01-17T06:15:53.924833Z	  228 Query	SET autocommit=1
2026-01-17T06:15:53.925920Z	  228 Query	SET autocommit=0
2026-01-17T06:15:53.927030Z	  228 Query	SELECT COUNT(*)
FROM BATCH_JOB_EXECUTION JE
	JOIN BATCH_STEP_EXECUTION SE ON SE.JOB_EXECUTION_ID = JE.JOB_EXECUTION_ID
WHERE JE.JOB_INSTANCE_ID = 17 AND SE.STEP_NAME = 'paymentReportStep'
2026-01-17T06:15:53.928129Z	  228 Query	COMMIT
2026-01-17T06:15:53.929152Z	  228 Query	SET autocommit=1
2026-01-17T06:15:53.930318Z	  228 Query	SET autocommit=0
2026-01-17T06:15:53.931411Z	  229 Query	SET autocommit=0
2026-01-17T06:15:53.932538Z	  229 Query	update BATCH_STEP_EXECUTION_SEQ set ID = last_insert_id(ID + 1) limit 1
2026-01-17T06:15:53.933500Z	  229 Query	select last_insert_id()
2026-01-17T06:15:53.934580Z	  229 Query	COMMIT
2026-01-17T06:15:53.937389Z	  229 Query	SET autocommit=1
2026-01-17T06:15:53.938951Z	  228 Query	INSERT INTO BATCH_STEP_EXECUTION(STEP_EXECUTION_ID, VERSION, STEP_NAME, JOB_EXECUTION_ID, START_TIME, END_TIME, STATUS, COMMIT_COUNT, READ_COUNT, FILTER_COUNT, WRITE_COUNT, EXIT_CODE, EXIT_MESSAGE, READ_SKIP_COUNT, WRITE_SKIP_COUNT, PROCESS_SKIP_COUNT, ROLLBACK_COUNT, LAST_UPDATED, CREATE_TIME)
	VALUES (17, 0, 'paymentReportStep', 17, null, null, 'STARTING', 0, 0, 0, 0, 'EXECUTING', '', 0, 0, 0, 0, '2026-01-17 15:15:53.931108', '2026-01-17 15:15:53.929946')
2026-01-17T06:15:53.940412Z	  228 Query	INSERT INTO BATCH_STEP_EXECUTION_CONTEXT (SHORT_CONTEXT, SERIALIZED_CONTEXT, STEP_EXECUTION_ID)
	VALUES('rO0ABXNyABFqYXZhLnV0aWwuSGFzaE1hcAUH2sHDFmDRAwACRgAKbG9hZEZhY3RvckkACXRocmVzaG9sZHhwP0AAAAAAAAB3CAAAABAAAAAAeA==', null, 17)
2026-01-17T06:15:53.941473Z	  228 Query	COMMIT
2026-01-17T06:15:53.943540Z	  228 Query	SET autocommit=1
2026-01-17T06:15:53.945355Z	  228 Query	SET autocommit=0
2026-01-17T06:15:53.946770Z	  228 Query	UPDATE BATCH_STEP_EXECUTION
SET START_TIME = '2026-01-17 15:15:53.94453', END_TIME = null, STATUS = 'STARTED', COMMIT_COUNT = 0, READ_COUNT = 0, FILTER_COUNT = 0, WRITE_COUNT = 0, EXIT_CODE = 'EXECUTING', EXIT_MESSAGE = '', VERSION = VERSION + 1, READ_SKIP_COUNT = 0, PROCESS_SKIP_COUNT = 0, WRITE_SKIP_COUNT = 0, ROLLBACK_COUNT = 0, LAST_UPDATED = '2026-01-17 15:15:53.946116'
WHERE STEP_EXECUTION_ID = 17 AND VERSION = 0
2026-01-17T06:15:53.948447Z	  228 Query	SELECT VERSION
FROM BATCH_JOB_EXECUTION
WHERE JOB_EXECUTION_ID=17
2026-01-17T06:15:53.949709Z	  228 Query	COMMIT
2026-01-17T06:15:53.952087Z	  228 Query	SET autocommit=1
2026-01-17T06:15:53.967872Z	  228 Query	SET autocommit=0
2026-01-17T06:15:53.969367Z	  228 Query	UPDATE BATCH_STEP_EXECUTION_CONTEXT
SET SHORT_CONTEXT = 'rO0ABXNyABFqYXZhLnV0aWwuSGFzaE1hcAUH2sHDFmDRAwACRgAKbG9hZEZhY3RvckkACXRocmVzaG9sZHhwP0AAAAAAAAx3CAAAABAAAAAEdAAecGF5bWVudFJlcG9ydFJlYWRlci5yZWFkLmNvdW50c3IAEWphdmEubGFuZy5JbnRlZ2VyEuKgpPeBhzgCAAFJAAV2YWx1ZXhyABBqYXZhLmxhbmcuTnVtYmVyhqyVHQuU4IsCAAB4cAAAAAB0ABFiYXRjaC50YXNrbGV0VHlwZXQAPW9yZy5zcHJpbmdmcmFtZXdvcmsuYmF0Y2guY29yZS5zdGVwLml0ZW0uQ2h1bmtPcmllbnRlZFRhc2tsZXR0AA1iYXRjaC52ZXJzaW9udAAFNS4yLjR0AA5iYXRjaC5zdGVwVHlwZXQAN29yZy5zcHJpbmdmcmFtZXdvcmsuYmF0Y2guY29yZS5zdGVwLnRhc2tsZXQuVGFza2xldFN0ZXB4', SERIALIZED_CONTEXT = null
WHERE STEP_EXECUTION_ID = 17
2026-01-17T06:15:53.970656Z	  228 Query	COMMIT
2026-01-17T06:15:53.973034Z	  228 Query	SET autocommit=1
2026-01-17T06:15:53.975417Z	  228 Query	SET autocommit=0
2026-01-17T06:15:53.977088Z	  229 Query	SET autocommit=0
2026-01-17T06:15:54.104319Z	  229 Query	select ps1_0.id,ps1_0.discount_amount,ps1_0.final_amount,ps1_0.original_amount,ps1_0.partner_corp_name,ps1_0.payment_date from payment_source ps1_0 where ps1_0.payment_date='2025-05-02' limit 0,10
2026-01-17T06:15:54.125160Z	  229 Query	COMMIT
2026-01-17T06:15:54.128756Z	  229 Query	SET autocommit=1
2026-01-17T06:15:54.147420Z	  228 Query	insert into payment (amount,payment_date,status) values (900.00,'2025-05-02','PAYMENT')
2026-01-17T06:15:54.159736Z	  228 Query	insert into payment (amount,payment_date,status) values (1850.00,'2025-05-02','PAYMENT')
2026-01-17T06:15:54.162886Z	  228 Query	insert into payment (amount,payment_date,status) values (2800.00,'2025-05-02','PAYMENT')
2026-01-17T06:15:54.165402Z	  228 Query	insert into payment (amount,payment_date,status) values (3750.00,'2025-05-02','PAYMENT')
2026-01-17T06:15:54.167481Z	  228 Query	insert into payment (amount,payment_date,status) values (4700.00,'2025-05-02','PAYMENT')
2026-01-17T06:15:54.169192Z	  228 Query	insert into payment (amount,payment_date,status) values (5650.00,'2025-05-02','PAYMENT')
2026-01-17T06:15:54.171186Z	  228 Query	insert into payment (amount,payment_date,status) values (6600.00,'2025-05-02','PAYMENT')
2026-01-17T06:15:54.173421Z	  228 Query	insert into payment (amount,payment_date,status) values (7550.00,'2025-05-02','PAYMENT')
2026-01-17T06:15:54.175299Z	  228 Query	insert into payment (amount,payment_date,status) values (8500.00,'2025-05-02','PAYMENT')
2026-01-17T06:15:54.177144Z	  228 Query	insert into payment (amount,payment_date,status) values (9450.00,'2025-05-02','PAYMENT')
2026-01-17T06:15:54.180611Z	  228 Query	UPDATE BATCH_STEP_EXECUTION_CONTEXT
SET SHORT_CONTEXT = 'rO0ABXNyABFqYXZhLnV0aWwuSGFzaE1hcAUH2sHDFmDRAwACRgAKbG9hZEZhY3RvckkACXRocmVzaG9sZHhwP0AAAAAAAAx3CAAAABAAAAAEdAAecGF5bWVudFJlcG9ydFJlYWRlci5yZWFkLmNvdW50c3IAEWphdmEubGFuZy5JbnRlZ2VyEuKgpPeBhzgCAAFJAAV2YWx1ZXhyABBqYXZhLmxhbmcuTnVtYmVyhqyVHQuU4IsCAAB4cAAAAAp0ABFiYXRjaC50YXNrbGV0VHlwZXQAPW9yZy5zcHJpbmdmcmFtZXdvcmsuYmF0Y2guY29yZS5zdGVwLml0ZW0uQ2h1bmtPcmllbnRlZFRhc2tsZXR0AA1iYXRjaC52ZXJzaW9udAAFNS4yLjR0AA5iYXRjaC5zdGVwVHlwZXQAN29yZy5zcHJpbmdmcmFtZXdvcmsuYmF0Y2guY29yZS5zdGVwLnRhc2tsZXQuVGFza2xldFN0ZXB4', SERIALIZED_CONTEXT = null
WHERE STEP_EXECUTION_ID = 17
2026-01-17T06:15:54.182703Z	  228 Query	UPDATE BATCH_STEP_EXECUTION
SET START_TIME = '2026-01-17 15:15:53.94453', END_TIME = null, STATUS = 'STARTED', COMMIT_COUNT = 1, READ_COUNT = 10, FILTER_COUNT = 0, WRITE_COUNT = 10, EXIT_CODE = 'EXECUTING', EXIT_MESSAGE = '', VERSION = VERSION + 1, READ_SKIP_COUNT = 0, PROCESS_SKIP_COUNT = 0, WRITE_SKIP_COUNT = 0, ROLLBACK_COUNT = 0, LAST_UPDATED = '2026-01-17 15:15:54.181883'
WHERE STEP_EXECUTION_ID = 17 AND VERSION = 1
2026-01-17T06:15:54.184709Z	  228 Query	SELECT VERSION
FROM BATCH_JOB_EXECUTION
WHERE JOB_EXECUTION_ID=17
2026-01-17T06:15:54.186446Z	  228 Query	COMMIT
2026-01-17T06:15:54.188991Z	  228 Query	SET autocommit=1
2026-01-17T06:15:54.190528Z	  228 Query	SET autocommit=0
2026-01-17T06:15:54.191712Z	  229 Query	SET autocommit=0
2026-01-17T06:15:54.193934Z	  229 Query	select ps1_0.id,ps1_0.discount_amount,ps1_0.final_amount,ps1_0.original_amount,ps1_0.partner_corp_name,ps1_0.payment_date from payment_source ps1_0 where ps1_0.payment_date='2025-05-02' limit 10,10
2026-01-17T06:15:54.196428Z	  229 Query	COMMIT
2026-01-17T06:15:54.197478Z	  229 Query	SET autocommit=1
2026-01-17T06:15:54.200142Z	  228 Query	insert into payment (amount,payment_date,status) values (10400.00,'2025-05-02','PAYMENT')
2026-01-17T06:15:54.202498Z	  228 Query	insert into payment (amount,payment_date,status) values (11350.00,'2025-05-02','PAYMENT')
2026-01-17T06:15:54.204795Z	  228 Query	insert into payment (amount,payment_date,status) values (12300.00,'2025-05-02','PAYMENT')
2026-01-17T06:15:54.206866Z	  228 Query	insert into payment (amount,payment_date,status) values (13250.00,'2025-05-02','PAYMENT')
2026-01-17T06:15:54.208677Z	  228 Query	insert into payment (amount,payment_date,status) values (14200.00,'2025-05-02','PAYMENT')
2026-01-17T06:15:54.210854Z	  228 Query	insert into payment (amount,payment_date,status) values (15150.00,'2025-05-02','PAYMENT')
2026-01-17T06:15:54.212881Z	  228 Query	insert into payment (amount,payment_date,status) values (16100.00,'2025-05-02','PAYMENT')
2026-01-17T06:15:54.215004Z	  228 Query	insert into payment (amount,payment_date,status) values (17050.00,'2025-05-02','PAYMENT')
2026-01-17T06:15:54.217759Z	  228 Query	insert into payment (amount,payment_date,status) values (18000.00,'2025-05-02','PAYMENT')
2026-01-17T06:15:54.219970Z	  228 Query	insert into payment (amount,payment_date,status) values (18950.00,'2025-05-02','PAYMENT')
2026-01-17T06:15:54.222389Z	  228 Query	UPDATE BATCH_STEP_EXECUTION_CONTEXT
SET SHORT_CONTEXT = 'rO0ABXNyABFqYXZhLnV0aWwuSGFzaE1hcAUH2sHDFmDRAwACRgAKbG9hZEZhY3RvckkACXRocmVzaG9sZHhwP0AAAAAAAAx3CAAAABAAAAAEdAAecGF5bWVudFJlcG9ydFJlYWRlci5yZWFkLmNvdW50c3IAEWphdmEubGFuZy5JbnRlZ2VyEuKgpPeBhzgCAAFJAAV2YWx1ZXhyABBqYXZhLmxhbmcuTnVtYmVyhqyVHQuU4IsCAAB4cAAAABR0ABFiYXRjaC50YXNrbGV0VHlwZXQAPW9yZy5zcHJpbmdmcmFtZXdvcmsuYmF0Y2guY29yZS5zdGVwLml0ZW0uQ2h1bmtPcmllbnRlZFRhc2tsZXR0AA1iYXRjaC52ZXJzaW9udAAFNS4yLjR0AA5iYXRjaC5zdGVwVHlwZXQAN29yZy5zcHJpbmdmcmFtZXdvcmsuYmF0Y2guY29yZS5zdGVwLnRhc2tsZXQuVGFza2xldFN0ZXB4', SERIALIZED_CONTEXT = null
WHERE STEP_EXECUTION_ID = 17
2026-01-17T06:15:54.224344Z	  228 Query	UPDATE BATCH_STEP_EXECUTION
SET START_TIME = '2026-01-17 15:15:53.94453', END_TIME = null, STATUS = 'STARTED', COMMIT_COUNT = 2, READ_COUNT = 20, FILTER_COUNT = 0, WRITE_COUNT = 20, EXIT_CODE = 'EXECUTING', EXIT_MESSAGE = '', VERSION = VERSION + 1, READ_SKIP_COUNT = 0, PROCESS_SKIP_COUNT = 0, WRITE_SKIP_COUNT = 0, ROLLBACK_COUNT = 0, LAST_UPDATED = '2026-01-17 15:15:54.223603'
WHERE STEP_EXECUTION_ID = 17 AND VERSION = 2
2026-01-17T06:15:54.226010Z	  228 Query	SELECT VERSION
FROM BATCH_JOB_EXECUTION
WHERE JOB_EXECUTION_ID=17
2026-01-17T06:15:54.227476Z	  228 Query	COMMIT
2026-01-17T06:15:54.230392Z	  228 Query	SET autocommit=1
2026-01-17T06:15:54.231773Z	  228 Query	SET autocommit=0
2026-01-17T06:15:54.232886Z	  229 Query	SET autocommit=0
2026-01-17T06:15:54.234890Z	  229 Query	select ps1_0.id,ps1_0.discount_amount,ps1_0.final_amount,ps1_0.original_amount,ps1_0.partner_corp_name,ps1_0.payment_date from payment_source ps1_0 where ps1_0.payment_date='2025-05-02' limit 20,10
2026-01-17T06:15:54.236304Z	  229 Query	COMMIT
2026-01-17T06:15:54.237457Z	  229 Query	SET autocommit=1
2026-01-17T06:15:54.239403Z	  228 Query	UPDATE BATCH_STEP_EXECUTION_CONTEXT
SET SHORT_CONTEXT = 'rO0ABXNyABFqYXZhLnV0aWwuSGFzaE1hcAUH2sHDFmDRAwACRgAKbG9hZEZhY3RvckkACXRocmVzaG9sZHhwP0AAAAAAAAx3CAAAABAAAAAEdAAecGF5bWVudFJlcG9ydFJlYWRlci5yZWFkLmNvdW50c3IAEWphdmEubGFuZy5JbnRlZ2VyEuKgpPeBhzgCAAFJAAV2YWx1ZXhyABBqYXZhLmxhbmcuTnVtYmVyhqyVHQuU4IsCAAB4cAAAABZ0ABFiYXRjaC50YXNrbGV0VHlwZXQAPW9yZy5zcHJpbmdmcmFtZXdvcmsuYmF0Y2guY29yZS5zdGVwLml0ZW0uQ2h1bmtPcmllbnRlZFRhc2tsZXR0AA1iYXRjaC52ZXJzaW9udAAFNS4yLjR0AA5iYXRjaC5zdGVwVHlwZXQAN29yZy5zcHJpbmdmcmFtZXdvcmsuYmF0Y2guY29yZS5zdGVwLnRhc2tsZXQuVGFza2xldFN0ZXB4', SERIALIZED_CONTEXT = null
WHERE STEP_EXECUTION_ID = 17
2026-01-17T06:15:54.241560Z	  228 Query	UPDATE BATCH_STEP_EXECUTION
SET START_TIME = '2026-01-17 15:15:53.94453', END_TIME = null, STATUS = 'STARTED', COMMIT_COUNT = 3, READ_COUNT = 21, FILTER_COUNT = 1, WRITE_COUNT = 20, EXIT_CODE = 'EXECUTING', EXIT_MESSAGE = '', VERSION = VERSION + 1, READ_SKIP_COUNT = 0, PROCESS_SKIP_COUNT = 0, WRITE_SKIP_COUNT = 0, ROLLBACK_COUNT = 0, LAST_UPDATED = '2026-01-17 15:15:54.240907'
WHERE STEP_EXECUTION_ID = 17 AND VERSION = 3
2026-01-17T06:15:54.243030Z	  228 Query	SELECT VERSION
FROM BATCH_JOB_EXECUTION
WHERE JOB_EXECUTION_ID=17
2026-01-17T06:15:54.244519Z	  228 Query	COMMIT
2026-01-17T06:15:54.246827Z	  228 Query	SET autocommit=1
2026-01-17T06:15:54.248961Z	  228 Query	SET autocommit=0
2026-01-17T06:15:54.250354Z	  228 Query	UPDATE BATCH_STEP_EXECUTION_CONTEXT
SET SHORT_CONTEXT = 'rO0ABXNyABFqYXZhLnV0aWwuSGFzaE1hcAUH2sHDFmDRAwACRgAKbG9hZEZhY3RvckkACXRocmVzaG9sZHhwP0AAAAAAAAx3CAAAABAAAAAEdAAecGF5bWVudFJlcG9ydFJlYWRlci5yZWFkLmNvdW50c3IAEWphdmEubGFuZy5JbnRlZ2VyEuKgpPeBhzgCAAFJAAV2YWx1ZXhyABBqYXZhLmxhbmcuTnVtYmVyhqyVHQuU4IsCAAB4cAAAABZ0ABFiYXRjaC50YXNrbGV0VHlwZXQAPW9yZy5zcHJpbmdmcmFtZXdvcmsuYmF0Y2guY29yZS5zdGVwLml0ZW0uQ2h1bmtPcmllbnRlZFRhc2tsZXR0AA1iYXRjaC52ZXJzaW9udAAFNS4yLjR0AA5iYXRjaC5zdGVwVHlwZXQAN29yZy5zcHJpbmdmcmFtZXdvcmsuYmF0Y2guY29yZS5zdGVwLnRhc2tsZXQuVGFza2xldFN0ZXB4', SERIALIZED_CONTEXT = null
WHERE STEP_EXECUTION_ID = 17
2026-01-17T06:15:54.251526Z	  228 Query	COMMIT
2026-01-17T06:15:54.252522Z	  228 Query	SET autocommit=1
2026-01-17T06:15:54.253892Z	  228 Query	SET autocommit=0
2026-01-17T06:15:54.255507Z	  228 Query	UPDATE BATCH_STEP_EXECUTION
SET START_TIME = '2026-01-17 15:15:53.94453', END_TIME = '2026-01-17 15:15:54.248194', STATUS = 'COMPLETED', COMMIT_COUNT = 3, READ_COUNT = 21, FILTER_COUNT = 1, WRITE_COUNT = 20, EXIT_CODE = 'COMPLETED', EXIT_MESSAGE = '', VERSION = VERSION + 1, READ_SKIP_COUNT = 0, PROCESS_SKIP_COUNT = 0, WRITE_SKIP_COUNT = 0, ROLLBACK_COUNT = 0, LAST_UPDATED = '2026-01-17 15:15:54.254764'
WHERE STEP_EXECUTION_ID = 17 AND VERSION = 4
2026-01-17T06:15:54.257053Z	  228 Query	SELECT VERSION
FROM BATCH_JOB_EXECUTION
WHERE JOB_EXECUTION_ID=17
2026-01-17T06:15:54.258565Z	  228 Query	COMMIT
2026-01-17T06:15:54.260738Z	  228 Query	SET autocommit=1
2026-01-17T06:15:54.262202Z	  229 Query	SET autocommit=0
2026-01-17T06:15:54.263652Z	  229 Query	UPDATE BATCH_JOB_EXECUTION_CONTEXT
SET SHORT_CONTEXT = 'rO0ABXNyABFqYXZhLnV0aWwuSGFzaE1hcAUH2sHDFmDRAwACRgAKbG9hZEZhY3RvckkACXRocmVzaG9sZHhwP0AAAAAAAAx3CAAAABAAAAABdAANYmF0Y2gudmVyc2lvbnQABTUuMi40eA==', SERIALIZED_CONTEXT = null
WHERE JOB_EXECUTION_ID = 17
2026-01-17T06:15:54.264905Z	  229 Query	COMMIT
2026-01-17T06:15:54.267501Z	  229 Query	SET autocommit=1
2026-01-17T06:15:54.269235Z	  229 Query	SET autocommit=0
2026-01-17T06:15:54.270612Z	  229 Query	SELECT VERSION
FROM BATCH_JOB_EXECUTION
WHERE JOB_EXECUTION_ID=17
2026-01-17T06:15:54.272189Z	  229 Query	SELECT COUNT(*)
FROM BATCH_JOB_EXECUTION
WHERE JOB_EXECUTION_ID = 17
2026-01-17T06:15:54.273658Z	  229 Query	UPDATE BATCH_JOB_EXECUTION
SET START_TIME = '2026-01-17 15:15:53.910697', END_TIME = '2026-01-17 15:15:54.268754',  STATUS = 'COMPLETED', EXIT_CODE = 'COMPLETED', EXIT_MESSAGE = '', VERSION = VERSION + 1, CREATE_TIME = '2026-01-17 15:15:53.881667', LAST_UPDATED = '2026-01-17 15:15:54.270132'
WHERE JOB_EXECUTION_ID = 17 AND VERSION = 1
2026-01-17T06:15:54.274955Z	  229 Query	COMMIT
2026-01-17T06:15:54.278009Z	  229 Query	SET autocommit=1
2026-01-17T06:15:54.285992Z	  228 Quit	
2026-01-17T06:15:54.286992Z	  229 Quit	
2026-01-17T06:15:54.287064Z	  232 Quit	
2026-01-17T06:15:54.287072Z	  230 Quit	
2026-01-17T06:15:54.287081Z	  231 Quit	
2026-01-17T06:15:54.287195Z	  235 Quit	
2026-01-17T06:15:54.287203Z	  234 Quit	
2026-01-17T06:15:54.287205Z	  233 Quit	
2026-01-17T06:15:54.287224Z	  236 Quit	
2026-01-17T06:15:54.287231Z	  237 Quit	
2026-01-17T06:16:07.454903Z	  238 Connect	root@172.24.0.1 on  using SSL/TLS
2026-01-17T06:16:07.460957Z	  238 Query	/* mysql-connector-j-9.5.0 (Revision: a7b3c94f50efbddb9f0dd69b3e0d1aaa25305cd6) */SELECT  @@session.auto_increment_increment AS auto_increment_increment, @@character_set_client AS character_set_client, @@character_set_connection AS character_set_connection, @@character_set_results AS character_set_results, @@character_set_server AS character_set_server, @@collation_server AS collation_server, @@collation_connection AS collation_connection, @@init_connect AS init_connect, @@interactive_timeout AS interactive_timeout, @@license AS license, @@lower_case_table_names AS lower_case_table_names, @@max_allowed_packet AS max_allowed_packet, @@net_write_timeout AS net_write_timeout, @@performance_schema AS performance_schema, @@sql_mode AS sql_mode, @@system_time_zone AS system_time_zone, @@time_zone AS time_zone, @@transaction_isolation AS transaction_isolation, @@wait_timeout AS wait_timeout
2026-01-17T06:16:07.466399Z	  238 Query	SET autocommit=1
2026-01-17T06:16:07.469060Z	  238 Query	select version(), @@version_comment, database()
2026-01-17T06:16:07.471479Z	  238 Query	show variables like 'aurora\_version'
2026-01-17T06:16:07.486621Z	  238 Query	/* ApplicationName=IntelliJ IDEA 2025.1.3 */ SET SESSION TRANSACTION READ WRITE
2026-01-17T06:16:07.491533Z	  238 Query	/* ApplicationName=IntelliJ IDEA 2025.1.3 */ use spring_batch
2026-01-17T06:16:07.495469Z	  238 Query	SELECT @@session.transaction_read_only
2026-01-17T06:16:07.505576Z	  238 Query	/* ApplicationName=IntelliJ IDEA 2025.1.3 */ select database()
2026-01-17T06:16:07.516129Z	  238 Query	/* ApplicationName=IntelliJ IDEA 2025.1.3 */ SET net_write_timeout=600
2026-01-17T06:16:07.518524Z	  238 Query	/* ApplicationName=IntelliJ IDEA 2025.1.3 */ SET sql_select_limit=501
2026-01-17T06:16:07.520246Z	  238 Query	/* ApplicationName=IntelliJ IDEA 2025.1.3 */ SELECT t.*
FROM spring_batch.payment t
LIMIT 501
2026-01-17T06:16:07.732201Z	  238 Query	SELECT @@session.transaction_isolation
2026-01-17T06:21:10.900707Z	  239 Connect	root@172.24.0.1 on spring_batch using TCP/IP
2026-01-17T06:21:10.910238Z	  239 Query	/* mysql-connector-j-9.5.0 (Revision: a7b3c94f50efbddb9f0dd69b3e0d1aaa25305cd6) */SELECT  @@session.auto_increment_increment AS auto_increment_increment, @@character_set_client AS character_set_client, @@character_set_connection AS character_set_connection, @@character_set_results AS character_set_results, @@character_set_server AS character_set_server, @@collation_server AS collation_server, @@collation_connection AS collation_connection, @@init_connect AS init_connect, @@interactive_timeout AS interactive_timeout, @@license AS license, @@lower_case_table_names AS lower_case_table_names, @@max_allowed_packet AS max_allowed_packet, @@net_write_timeout AS net_write_timeout, @@performance_schema AS performance_schema, @@sql_mode AS sql_mode, @@system_time_zone AS system_time_zone, @@time_zone AS time_zone, @@transaction_isolation AS transaction_isolation, @@wait_timeout AS wait_timeout
2026-01-17T06:21:10.917183Z	  239 Query	SET character_set_results = NULL
2026-01-17T06:21:10.921262Z	  239 Query	SET autocommit=1
2026-01-17T06:21:10.925475Z	  239 Query	SELECT @@session.transaction_read_only
2026-01-17T06:21:10.928220Z	  239 Query	SELECT @@session.transaction_isolation
2026-01-17T06:21:11.039890Z	  240 Connect	root@172.24.0.1 on spring_batch using TCP/IP
2026-01-17T06:21:11.052788Z	  240 Query	/* mysql-connector-j-9.5.0 (Revision: a7b3c94f50efbddb9f0dd69b3e0d1aaa25305cd6) */SELECT  @@session.auto_increment_increment AS auto_increment_increment, @@character_set_client AS character_set_client, @@character_set_connection AS character_set_connection, @@character_set_results AS character_set_results, @@character_set_server AS character_set_server, @@collation_server AS collation_server, @@collation_connection AS collation_connection, @@init_connect AS init_connect, @@interactive_timeout AS interactive_timeout, @@license AS license, @@lower_case_table_names AS lower_case_table_names, @@max_allowed_packet AS max_allowed_packet, @@net_write_timeout AS net_write_timeout, @@performance_schema AS performance_schema, @@sql_mode AS sql_mode, @@system_time_zone AS system_time_zone, @@time_zone AS time_zone, @@transaction_isolation AS transaction_isolation, @@wait_timeout AS wait_timeout
2026-01-17T06:21:11.061813Z	  240 Query	SET character_set_results = NULL
2026-01-17T06:21:11.065082Z	  240 Query	SET autocommit=1
2026-01-17T06:21:11.066708Z	  240 Query	SELECT @@session.transaction_read_only
2026-01-17T06:21:11.111414Z	  241 Connect	root@172.24.0.1 on spring_batch using TCP/IP
2026-01-17T06:21:11.112450Z	  239 Query	SELECT WORD FROM INFORMATION_SCHEMA.KEYWORDS WHERE RESERVED = 1 ORDER BY WORD
2026-01-17T06:21:11.115180Z	  241 Query	/* mysql-connector-j-9.5.0 (Revision: a7b3c94f50efbddb9f0dd69b3e0d1aaa25305cd6) */SELECT  @@session.auto_increment_increment AS auto_increment_increment, @@character_set_client AS character_set_client, @@character_set_connection AS character_set_connection, @@character_set_results AS character_set_results, @@character_set_server AS character_set_server, @@collation_server AS collation_server, @@collation_connection AS collation_connection, @@init_connect AS init_connect, @@interactive_timeout AS interactive_timeout, @@license AS license, @@lower_case_table_names AS lower_case_table_names, @@max_allowed_packet AS max_allowed_packet, @@net_write_timeout AS net_write_timeout, @@performance_schema AS performance_schema, @@sql_mode AS sql_mode, @@system_time_zone AS system_time_zone, @@time_zone AS time_zone, @@transaction_isolation AS transaction_isolation, @@wait_timeout AS wait_timeout
2026-01-17T06:21:11.125581Z	  241 Query	SET character_set_results = NULL
2026-01-17T06:21:11.128711Z	  241 Query	SET autocommit=1
2026-01-17T06:21:11.130323Z	  241 Query	SELECT @@session.transaction_read_only
2026-01-17T06:21:11.148610Z	  239 Query	SELECT @@character_set_database, @@sql_mode
2026-01-17T06:21:11.169192Z	  242 Connect	root@172.24.0.1 on spring_batch using TCP/IP
2026-01-17T06:21:11.173448Z	  242 Query	/* mysql-connector-j-9.5.0 (Revision: a7b3c94f50efbddb9f0dd69b3e0d1aaa25305cd6) */SELECT  @@session.auto_increment_increment AS auto_increment_increment, @@character_set_client AS character_set_client, @@character_set_connection AS character_set_connection, @@character_set_results AS character_set_results, @@character_set_server AS character_set_server, @@collation_server AS collation_server, @@collation_connection AS collation_connection, @@init_connect AS init_connect, @@interactive_timeout AS interactive_timeout, @@license AS license, @@lower_case_table_names AS lower_case_table_names, @@max_allowed_packet AS max_allowed_packet, @@net_write_timeout AS net_write_timeout, @@performance_schema AS performance_schema, @@sql_mode AS sql_mode, @@system_time_zone AS system_time_zone, @@time_zone AS time_zone, @@transaction_isolation AS transaction_isolation, @@wait_timeout AS wait_timeout
2026-01-17T06:21:11.175666Z	  242 Query	SET character_set_results = NULL
2026-01-17T06:21:11.177051Z	  242 Query	SET autocommit=1
2026-01-17T06:21:11.178351Z	  242 Query	SELECT @@session.transaction_read_only
2026-01-17T06:21:11.218011Z	  243 Connect	root@172.24.0.1 on spring_batch using TCP/IP
2026-01-17T06:21:11.221316Z	  243 Query	/* mysql-connector-j-9.5.0 (Revision: a7b3c94f50efbddb9f0dd69b3e0d1aaa25305cd6) */SELECT  @@session.auto_increment_increment AS auto_increment_increment, @@character_set_client AS character_set_client, @@character_set_connection AS character_set_connection, @@character_set_results AS character_set_results, @@character_set_server AS character_set_server, @@collation_server AS collation_server, @@collation_connection AS collation_connection, @@init_connect AS init_connect, @@interactive_timeout AS interactive_timeout, @@license AS license, @@lower_case_table_names AS lower_case_table_names, @@max_allowed_packet AS max_allowed_packet, @@net_write_timeout AS net_write_timeout, @@performance_schema AS performance_schema, @@sql_mode AS sql_mode, @@system_time_zone AS system_time_zone, @@time_zone AS time_zone, @@transaction_isolation AS transaction_isolation, @@wait_timeout AS wait_timeout
2026-01-17T06:21:11.225027Z	  243 Query	SET character_set_results = NULL
2026-01-17T06:21:11.227101Z	  243 Query	SET autocommit=1
2026-01-17T06:21:11.229695Z	  243 Query	SELECT @@session.transaction_read_only
2026-01-17T06:21:11.271717Z	  244 Connect	root@172.24.0.1 on spring_batch using TCP/IP
2026-01-17T06:21:11.276033Z	  244 Query	/* mysql-connector-j-9.5.0 (Revision: a7b3c94f50efbddb9f0dd69b3e0d1aaa25305cd6) */SELECT  @@session.auto_increment_increment AS auto_increment_increment, @@character_set_client AS character_set_client, @@character_set_connection AS character_set_connection, @@character_set_results AS character_set_results, @@character_set_server AS character_set_server, @@collation_server AS collation_server, @@collation_connection AS collation_connection, @@init_connect AS init_connect, @@interactive_timeout AS interactive_timeout, @@license AS license, @@lower_case_table_names AS lower_case_table_names, @@max_allowed_packet AS max_allowed_packet, @@net_write_timeout AS net_write_timeout, @@performance_schema AS performance_schema, @@sql_mode AS sql_mode, @@system_time_zone AS system_time_zone, @@time_zone AS time_zone, @@transaction_isolation AS transaction_isolation, @@wait_timeout AS wait_timeout
2026-01-17T06:21:11.279680Z	  244 Query	SET character_set_results = NULL
2026-01-17T06:21:11.283955Z	  244 Query	SET autocommit=1
2026-01-17T06:21:11.285820Z	  244 Query	SELECT @@session.transaction_read_only
2026-01-17T06:21:11.326466Z	  245 Connect	root@172.24.0.1 on spring_batch using TCP/IP
2026-01-17T06:21:11.331310Z	  245 Query	/* mysql-connector-j-9.5.0 (Revision: a7b3c94f50efbddb9f0dd69b3e0d1aaa25305cd6) */SELECT  @@session.auto_increment_increment AS auto_increment_increment, @@character_set_client AS character_set_client, @@character_set_connection AS character_set_connection, @@character_set_results AS character_set_results, @@character_set_server AS character_set_server, @@collation_server AS collation_server, @@collation_connection AS collation_connection, @@init_connect AS init_connect, @@interactive_timeout AS interactive_timeout, @@license AS license, @@lower_case_table_names AS lower_case_table_names, @@max_allowed_packet AS max_allowed_packet, @@net_write_timeout AS net_write_timeout, @@performance_schema AS performance_schema, @@sql_mode AS sql_mode, @@system_time_zone AS system_time_zone, @@time_zone AS time_zone, @@transaction_isolation AS transaction_isolation, @@wait_timeout AS wait_timeout
2026-01-17T06:21:11.335101Z	  245 Query	SET character_set_results = NULL
2026-01-17T06:21:11.336938Z	  245 Query	SET autocommit=1
2026-01-17T06:21:11.338347Z	  245 Query	SELECT @@session.transaction_read_only
2026-01-17T06:21:11.377881Z	  246 Connect	root@172.24.0.1 on spring_batch using TCP/IP
2026-01-17T06:21:11.384483Z	  246 Query	/* mysql-connector-j-9.5.0 (Revision: a7b3c94f50efbddb9f0dd69b3e0d1aaa25305cd6) */SELECT  @@session.auto_increment_increment AS auto_increment_increment, @@character_set_client AS character_set_client, @@character_set_connection AS character_set_connection, @@character_set_results AS character_set_results, @@character_set_server AS character_set_server, @@collation_server AS collation_server, @@collation_connection AS collation_connection, @@init_connect AS init_connect, @@interactive_timeout AS interactive_timeout, @@license AS license, @@lower_case_table_names AS lower_case_table_names, @@max_allowed_packet AS max_allowed_packet, @@net_write_timeout AS net_write_timeout, @@performance_schema AS performance_schema, @@sql_mode AS sql_mode, @@system_time_zone AS system_time_zone, @@time_zone AS time_zone, @@transaction_isolation AS transaction_isolation, @@wait_timeout AS wait_timeout
2026-01-17T06:21:11.390771Z	  246 Query	SET character_set_results = NULL
2026-01-17T06:21:11.393228Z	  246 Query	SET autocommit=1
2026-01-17T06:21:11.394558Z	  246 Query	SELECT @@session.transaction_read_only
2026-01-17T06:21:11.433941Z	  247 Connect	root@172.24.0.1 on spring_batch using TCP/IP
2026-01-17T06:21:11.436596Z	  247 Query	/* mysql-connector-j-9.5.0 (Revision: a7b3c94f50efbddb9f0dd69b3e0d1aaa25305cd6) */SELECT  @@session.auto_increment_increment AS auto_increment_increment, @@character_set_client AS character_set_client, @@character_set_connection AS character_set_connection, @@character_set_results AS character_set_results, @@character_set_server AS character_set_server, @@collation_server AS collation_server, @@collation_connection AS collation_connection, @@init_connect AS init_connect, @@interactive_timeout AS interactive_timeout, @@license AS license, @@lower_case_table_names AS lower_case_table_names, @@max_allowed_packet AS max_allowed_packet, @@net_write_timeout AS net_write_timeout, @@performance_schema AS performance_schema, @@sql_mode AS sql_mode, @@system_time_zone AS system_time_zone, @@time_zone AS time_zone, @@transaction_isolation AS transaction_isolation, @@wait_timeout AS wait_timeout
2026-01-17T06:21:11.442361Z	  247 Query	SET character_set_results = NULL
2026-01-17T06:21:11.444633Z	  247 Query	SET autocommit=1
2026-01-17T06:21:11.446633Z	  247 Query	SELECT @@session.transaction_read_only
2026-01-17T06:21:11.486156Z	  248 Connect	root@172.24.0.1 on spring_batch using TCP/IP
2026-01-17T06:21:11.491660Z	  248 Query	/* mysql-connector-j-9.5.0 (Revision: a7b3c94f50efbddb9f0dd69b3e0d1aaa25305cd6) */SELECT  @@session.auto_increment_increment AS auto_increment_increment, @@character_set_client AS character_set_client, @@character_set_connection AS character_set_connection, @@character_set_results AS character_set_results, @@character_set_server AS character_set_server, @@collation_server AS collation_server, @@collation_connection AS collation_connection, @@init_connect AS init_connect, @@interactive_timeout AS interactive_timeout, @@license AS license, @@lower_case_table_names AS lower_case_table_names, @@max_allowed_packet AS max_allowed_packet, @@net_write_timeout AS net_write_timeout, @@performance_schema AS performance_schema, @@sql_mode AS sql_mode, @@system_time_zone AS system_time_zone, @@time_zone AS time_zone, @@transaction_isolation AS transaction_isolation, @@wait_timeout AS wait_timeout
2026-01-17T06:21:11.494505Z	  248 Query	SET character_set_results = NULL
2026-01-17T06:21:11.496803Z	  239 Query	SELECT TABLE_SCHEMA AS TABLE_CAT, NULL AS TABLE_SCHEM, TABLE_NAME, CASE WHEN TABLE_TYPE = 'BASE TABLE' THEN CASE WHEN TABLE_SCHEMA = 'mysql' OR TABLE_SCHEMA = 'performance_schema' OR TABLE_SCHEMA = 'sys' THEN 'SYSTEM TABLE' ELSE 'TABLE' END WHEN TABLE_TYPE = 'TEMPORARY' THEN 'LOCAL_TEMPORARY' ELSE TABLE_TYPE END AS TABLE_TYPE, TABLE_COMMENT AS REMARKS, NULL AS TYPE_CAT, NULL AS TYPE_SCHEM, NULL AS TYPE_NAME, NULL AS SELF_REFERENCING_COL_NAME, NULL AS REF_GENERATION FROM INFORMATION_SCHEMA.TABLES WHERE TABLE_SCHEMA = 'spring_batch' AND TABLE_NAME LIKE '%' HAVING TABLE_TYPE IN ('TABLE','VIEW',null,null,null) ORDER BY TABLE_TYPE, TABLE_SCHEMA, TABLE_NAME
2026-01-17T06:21:11.497415Z	  248 Query	SET autocommit=1
2026-01-17T06:21:11.498796Z	  248 Query	SELECT @@session.transaction_read_only
2026-01-17T06:21:11.500523Z	  239 Query	SELECT DEFAULT_COLLATION_NAME FROM INFORMATION_SCHEMA.SCHEMATA WHERE SCHEMA_NAME = 'information_schema'
2026-01-17T06:21:11.503955Z	  239 Query	SELECT TABLE_SCHEMA, NULL, TABLE_NAME, COLUMN_NAME, CASE WHEN UPPER(DATA_TYPE) = 'DECIMAL' THEN 3 WHEN UPPER(DATA_TYPE) = 'DECIMAL UNSIGNED' THEN 3 WHEN UPPER(DATA_TYPE) = 'TINYINT' THEN IF(LOCATE('ZEROFILL', UPPER(COLUMN_TYPE)) = 0 AND LOCATE('UNSIGNED', UPPER(COLUMN_TYPE)) = 0 AND LOCATE('(1)', COLUMN_TYPE) != 0, -7, -6) WHEN UPPER(DATA_TYPE) = 'TINYINT UNSIGNED' THEN IF(LOCATE('ZEROFILL', UPPER(COLUMN_TYPE)) = 0 AND LOCATE('UNSIGNED', UPPER(COLUMN_TYPE)) = 0 AND LOCATE('(1)', COLUMN_TYPE) != 0, -7, -6) WHEN UPPER(DATA_TYPE) = 'BOOLEAN' THEN 16 WHEN UPPER(DATA_TYPE) = 'SMALLINT' THEN 5 WHEN UPPER(DATA_TYPE) = 'SMALLINT UNSIGNED' THEN 5 WHEN UPPER(DATA_TYPE) = 'INT' THEN 4 WHEN UPPER(DATA_TYPE) = 'INT UNSIGNED' THEN 4 WHEN UPPER(DATA_TYPE) = 'FLOAT' THEN 7 WHEN UPPER(DATA_TYPE) = 'FLOAT UNSIGNED' THEN 7 WHEN UPPER(DATA_TYPE) = 'DOUBLE' THEN 8 WHEN UPPER(DATA_TYPE) = 'DOUBLE UNSIGNED' THEN 8 WHEN UPPER(DATA_TYPE) = 'NULL' THEN 0 WHEN UPPER(DATA_TYPE) = 'TIMESTAMP' THEN 93 WHEN UPPER(DATA_TYPE) = 'BIGINT' THEN -5 WHEN UPPER(DATA_TYPE) = 'BIGINT UNSIGNED' THEN -5 WHEN UPPER(DATA_TYPE) = 'MEDIUMINT' THEN 4 WHEN UPPER(DATA_TYPE) = 'MEDIUMINT UNSIGNED' THEN 4 WHEN UPPER(DATA_TYPE) = 'DATE' THEN 91 WHEN UPPER(DATA_TYPE) = 'TIME' THEN 92 WHEN UPPER(DATA_TYPE) = 'DATETIME' THEN 93 WHEN UPPER(DATA_TYPE) = 'YEAR' THEN 91 WHEN UPPER(DATA_TYPE) = 'VARCHAR' THEN 12 WHEN UPPER(DATA_TYPE) = 'VARBINARY' THEN -3 WHEN UPPER(DATA_TYPE) = 'BIT' THEN -7 WHEN UPPER(DATA_TYPE) = 'JSON' THEN -1 WHEN UPPER(DATA_TYPE) = 'ENUM' THEN 1 WHEN UPPER(DATA_TYPE) = 'SET' THEN 1 WHEN UPPER(DATA_TYPE) = 'TINYBLOB' THEN -3 WHEN UPPER(DATA_TYPE) = 'TINYTEXT' THEN 12 WHEN UPPER(DATA_TYPE) = 'MEDIUMBLOB' THEN -4 WHEN UPPER(DATA_TYPE) = 'MEDIUMTEXT' THEN -1 WHEN UPPER(DATA_TYPE) = 'LONGBLOB' THEN -4 WHEN UPPER(DATA_TYPE) = 'LONGTEXT' THEN -1 WHEN UPPER(DATA_TYPE) = 'BLOB' THEN -4 WHEN UPPER(DATA_TYPE) = 'TEXT' THEN -1 WHEN UPPER(DATA_TYPE) = 'CHAR' THEN 1 WHEN UPPER(DATA_TYPE) = 'BINARY' THEN -2 WHEN UPPER(DATA_TYPE) = 'GEOMETRY' THEN -2 WHEN UPPER(DATA_TYPE) = 'VECTOR' THEN -4 WHEN UPPER(DATA_TYPE) = 'UNKNOWN' THEN 1111 WHEN UPPER(DATA_TYPE) = 'POINT' THEN -2 WHEN UPPER(DATA_TYPE) = 'LINESTRING' THEN -2 WHEN UPPER(DATA_TYPE) = 'POLYGON' THEN -2 WHEN UPPER(DATA_TYPE) = 'MULTIPOINT' THEN -2 WHEN UPPER(DATA_TYPE) = 'MULTILINESTRING' THEN -2 WHEN UPPER(DATA_TYPE) = 'MULTIPOLYGON' THEN -2 WHEN UPPER(DATA_TYPE) = 'GEOMETRYCOLLECTION' THEN -2 WHEN UPPER(DATA_TYPE) = 'GEOMCOLLECTION' THEN -2 ELSE 1111 END AS DATA_TYPE, UPPER(CASE WHEN UPPER(DATA_TYPE) = 'TINYINT' THEN CASE WHEN LOCATE('ZEROFILL', UPPER(COLUMN_TYPE)) = 0 AND LOCATE('UNSIGNED', UPPER(COLUMN_TYPE)) = 0 AND LOCATE('(1)', COLUMN_TYPE) != 0 THEN 'BIT' WHEN LOCATE('UNSIGNED', UPPER(COLUMN_TYPE)) != 0 AND LOCATE('UNSIGNED', UPPER(DATA_TYPE)) = 0 THEN 'TINYINT UNSIGNED' ELSE DATA_TYPE END WHEN LOCATE('UNSIGNED', UPPER(COLUMN_TYPE)) != 0 AND LOCATE('UNSIGNED', UPPER(DATA_TYPE)) = 0 AND LOCATE('SET', UPPER(DATA_TYPE)) <> 1 AND LOCATE('ENUM', UPPER(DATA_TYPE)) <> 1 THEN CONCAT(DATA_TYPE, ' UNSIGNED') WHEN UPPER(DATA_TYPE) = 'POINT' THEN 'GEOMETRY' WHEN UPPER(DATA_TYPE) = 'LINESTRING' THEN 'GEOMETRY' WHEN UPPER(DATA_TYPE) = 'POLYGON' THEN 'GEOMETRY' WHEN UPPER(DATA_TYPE) = 'MULTIPOINT' THEN 'GEOMETRY' WHEN UPPER(DATA_TYPE) = 'MULTILINESTRING' THEN 'GEOMETRY' WHEN UPPER(DATA_TYPE) = 'MULTIPOLYGON' THEN 'GEOMETRY' WHEN UPPER(DATA_TYPE) = 'GEOMETRYCOLLECTION' THEN 'GEOMETRY' WHEN UPPER(DATA_TYPE) = 'GEOMCOLLECTION' THEN 'GEOMETRY' ELSE UPPER(DATA_TYPE) END) AS TYPE_NAME, UPPER(CASE WHEN UPPER(DATA_TYPE) = 'YEAR' THEN 4 WHEN UPPER(DATA_TYPE) = 'DATE' THEN 10 WHEN UPPER(DATA_TYPE) = 'DATETIME' OR UPPER(DATA_TYPE) = 'TIMESTAMP' THEN 19 + IF(DATETIME_PRECISION > 0, DATETIME_PRECISION + 1, DATETIME_PRECISION) WHEN UPPER(DATA_TYPE) = 'TIME' THEN 8 + IF(DATETIME_PRECISION > 0, DATETIME_PRECISION + 1, DATETIME_PRECISION) WHEN UPPER(DATA_TYPE) = 'TINYINT' AND LOCATE('ZEROFILL', UPPER(COLUMN_TYPE)) = 0 AND LOCATE('UNSIGNED', UPPER(COLUMN_TYPE)) = 0 AND LOCATE('(1)', COLUMN_TYPE) != 0 THEN 1 WHEN UPPER(DATA_TYPE) = 'MEDIUMINT' AND LOCATE('UNSIGNED', UPPER(COLUMN_TYPE)) != 0 THEN 8 WHEN UPPER(DATA_TYPE) = 'JSON' THEN 1073741824 WHEN UPPER(DATA_TYPE) = 'GEOMETRY' THEN 65535 WHEN UPPER(DATA_TYPE) = 'POINT' THEN 65535 WHEN UPPER(DATA_TYPE) = 'LINESTRING' THEN 65535 WHEN UPPER(DATA_TYPE) = 'POLYGON' THEN 65535 WHEN UPPER(DATA_TYPE) = 'MULTIPOINT' THEN 65535 WHEN UPPER(DATA_TYPE) = 'MULTILINESTRING' THEN 65535 WHEN UPPER(DATA_TYPE) = 'MULTIPOLYGON' THEN 65535 WHEN UPPER(DATA_TYPE) = 'GEOMETRYCOLLECTION' THEN 65535 WHEN UPPER(DATA_TYPE) = 'GEOMCOLLECTION' THEN 65535 WHEN CHARACTER_MAXIMUM_LENGTH IS NULL THEN NUMERIC_PRECISION WHEN CHARACTER_MAXIMUM_LENGTH > 2147483647 THEN 2147483647 ELSE CHARACTER_MAXIMUM_LENGTH END) AS COLUMN_SIZE, 65535 AS BUFFER_LENGTH, UPPER(CASE WHEN UPPER(DATA_TYPE) = 'DECIMAL' THEN NUMERIC_SCALE WHEN UPPER(DATA_TYPE) = 'FLOAT' OR UPPER(DATA_TYPE) = 'DOUBLE' THEN IF(NUMERIC_SCALE IS NULL, 0, NUMERIC_SCALE) ELSE NULL END) AS DECIMAL_DIGITS, 10 AS NUM_PREC_RADIX, CASE WHEN IS_NULLABLE COLLATE utf8mb3_general_ci= 'NO' THEN 0 ELSE CASE WHEN IS_NULLABLE COLLATE utf8mb3_general_ci= 'YES' THEN 1 ELSE 2 END END AS NULLABLE, COLUMN_COMMENT AS REMARKS, COLUMN_DEFAULT AS COLUMN_DEF, 0 AS SQL_DATA_TYPE, 0 AS SQL_DATETIME_SUB, CASE WHEN CHARACTER_OCTET_LENGTH > 2147483647 THEN 2147483647 ELSE CHARACTER_OCTET_LENGTH END AS CHAR_OCTET_LENGTH, ORDINAL_POSITION, IS_NULLABLE, NULL AS SCOPE_CATALOG, NULL AS SCOPE_SCHEMA, NULL AS SCOPE_TABLE, NULL AS SOURCE_DATA_TYPE, IF (EXTRA COLLATE utf8mb3_general_ci LIKE '%auto_increment%','YES','NO') AS IS_AUTOINCREMENT, IF (EXTRA COLLATE utf8mb3_general_ci LIKE  '%GENERATED%','YES','NO') AS IS_GENERATEDCOLUMN FROM INFORMATION_SCHEMA.COLUMNS WHERE TABLE_SCHEMA = 'spring_batch' AND COLUMN_NAME LIKE '%' ORDER BY TABLE_SCHEMA, TABLE_NAME, ORDINAL_POSITION
2026-01-17T06:21:11.699575Z	  239 Query	SET autocommit=0
2026-01-17T06:21:11.714999Z	  239 Query	SELECT JOB_INSTANCE_ID, JOB_NAME
FROM BATCH_JOB_INSTANCE
WHERE JOB_NAME = 'paymentReportJob'
 AND JOB_KEY = '6159d2f242e348f98d4a2efc813c83ea'
2026-01-17T06:21:11.719314Z	  239 Query	COMMIT
2026-01-17T06:21:11.722413Z	  239 Query	SET autocommit=1
2026-01-17T06:21:11.726226Z	  239 Query	SELECT JOB_INSTANCE_ID, JOB_NAME
FROM BATCH_JOB_INSTANCE I1
WHERE I1.JOB_NAME = 'paymentReportJob' AND I1.JOB_INSTANCE_ID = (SELECT MAX(I2.JOB_INSTANCE_ID) FROM BATCH_JOB_INSTANCE I2 WHERE I2.JOB_NAME = 'paymentReportJob')
2026-01-17T06:21:11.732382Z	  239 Query	SELECT JOB_EXECUTION_ID, START_TIME, END_TIME, STATUS, EXIT_CODE, EXIT_MESSAGE, CREATE_TIME, LAST_UPDATED, VERSION
FROM BATCH_JOB_EXECUTION
 WHERE JOB_INSTANCE_ID = 17 AND JOB_EXECUTION_ID IN (SELECT MAX(JOB_EXECUTION_ID) FROM BATCH_JOB_EXECUTION E2 WHERE E2.JOB_INSTANCE_ID = 17)
2026-01-17T06:21:11.735030Z	  239 Query	SELECT JOB_EXECUTION_ID, PARAMETER_NAME, PARAMETER_TYPE, PARAMETER_VALUE, IDENTIFYING
FROM BATCH_JOB_EXECUTION_PARAMS
WHERE JOB_EXECUTION_ID = 17
2026-01-17T06:21:11.738178Z	  239 Query	SELECT JI.JOB_INSTANCE_ID, JOB_NAME, JOB_KEY, JI.VERSION
FROM BATCH_JOB_INSTANCE JI, BATCH_JOB_EXECUTION JE
WHERE JOB_EXECUTION_ID = 17 AND JI.JOB_INSTANCE_ID = JE.JOB_INSTANCE_ID
2026-01-17T06:21:11.740344Z	  239 Query	SELECT STEP_EXECUTION_ID, STEP_NAME, START_TIME, END_TIME, STATUS, COMMIT_COUNT, READ_COUNT, FILTER_COUNT, WRITE_COUNT, EXIT_CODE, EXIT_MESSAGE, READ_SKIP_COUNT, WRITE_SKIP_COUNT, PROCESS_SKIP_COUNT, ROLLBACK_COUNT, LAST_UPDATED, VERSION, CREATE_TIME
FROM BATCH_STEP_EXECUTION
 WHERE JOB_EXECUTION_ID = 17 ORDER BY STEP_EXECUTION_ID
2026-01-17T06:21:11.742538Z	  239 Query	SELECT SHORT_CONTEXT, SERIALIZED_CONTEXT
FROM BATCH_JOB_EXECUTION_CONTEXT
WHERE JOB_EXECUTION_ID = 17
2026-01-17T06:21:11.745054Z	  239 Query	SELECT SHORT_CONTEXT, SERIALIZED_CONTEXT
FROM BATCH_STEP_EXECUTION_CONTEXT
WHERE STEP_EXECUTION_ID = 17
2026-01-17T06:21:11.747516Z	  239 Query	SELECT @@session.transaction_isolation
2026-01-17T06:21:11.749014Z	  239 Query	SET SESSION TRANSACTION ISOLATION LEVEL SERIALIZABLE
2026-01-17T06:21:11.750148Z	  239 Query	SET autocommit=0
2026-01-17T06:21:11.751698Z	  239 Query	SELECT JOB_INSTANCE_ID, JOB_NAME
FROM BATCH_JOB_INSTANCE
WHERE JOB_NAME = 'paymentReportJob'
 AND JOB_KEY = '090177be28cb8b11d3a2693f26136abb'
2026-01-17T06:21:11.753032Z	  239 Query	COMMIT
2026-01-17T06:21:11.754668Z	  239 Query	SET autocommit=1
2026-01-17T06:21:11.756021Z	  239 Query	SET SESSION TRANSACTION ISOLATION LEVEL REPEATABLE READ
2026-01-17T06:21:11.757363Z	  239 Query	SELECT @@session.transaction_isolation
2026-01-17T06:21:11.758411Z	  239 Query	SET SESSION TRANSACTION ISOLATION LEVEL SERIALIZABLE
2026-01-17T06:21:11.759567Z	  239 Query	SET autocommit=0
2026-01-17T06:21:11.760938Z	  239 Query	SELECT JOB_INSTANCE_ID, JOB_NAME
FROM BATCH_JOB_INSTANCE
WHERE JOB_NAME = 'paymentReportJob'
 AND JOB_KEY = '090177be28cb8b11d3a2693f26136abb'
2026-01-17T06:21:11.762902Z	  239 Query	SELECT JOB_INSTANCE_ID, JOB_NAME
FROM BATCH_JOB_INSTANCE
WHERE JOB_NAME = 'paymentReportJob'
 AND JOB_KEY = '090177be28cb8b11d3a2693f26136abb'
2026-01-17T06:21:11.764657Z	  240 Query	SET autocommit=0
2026-01-17T06:21:11.767360Z	  240 Query	update BATCH_JOB_SEQ set ID = last_insert_id(ID + 1) limit 1
2026-01-17T06:21:11.768780Z	  240 Query	select last_insert_id()
2026-01-17T06:21:11.770002Z	  240 Query	COMMIT
2026-01-17T06:21:11.772799Z	  240 Query	SET autocommit=1
2026-01-17T06:21:11.774968Z	  239 Query	INSERT INTO BATCH_JOB_INSTANCE(JOB_INSTANCE_ID, JOB_NAME, JOB_KEY, VERSION)
	VALUES (18, 'paymentReportJob', '090177be28cb8b11d3a2693f26136abb', 0)
2026-01-17T06:21:11.776550Z	  240 Query	SET autocommit=0
2026-01-17T06:21:11.777712Z	  240 Query	update BATCH_JOB_EXECUTION_SEQ set ID = last_insert_id(ID + 1) limit 1
2026-01-17T06:21:11.778960Z	  240 Query	select last_insert_id()
2026-01-17T06:21:11.780262Z	  240 Query	COMMIT
2026-01-17T06:21:11.782796Z	  240 Query	SET autocommit=1
2026-01-17T06:21:11.789621Z	  239 Query	INSERT INTO BATCH_JOB_EXECUTION(JOB_EXECUTION_ID, JOB_INSTANCE_ID, START_TIME, END_TIME, STATUS, EXIT_CODE, EXIT_MESSAGE, VERSION, CREATE_TIME, LAST_UPDATED)
	VALUES (18, 18, null, null, 'STARTING', 'UNKNOWN', '', 0, '2026-01-17 15:21:11.774156', '2026-01-17 15:21:11.774173')
2026-01-17T06:21:11.792635Z	  239 Query	SELECT @@session.transaction_read_only
2026-01-17T06:21:11.794053Z	  239 Query	INSERT INTO BATCH_JOB_EXECUTION_PARAMS(JOB_EXECUTION_ID, PARAMETER_NAME, PARAMETER_TYPE, PARAMETER_VALUE, IDENTIFYING)
	VALUES (18, 'paymentDate', 'java.lang.String', '2025-05-02', 'Y')
2026-01-17T06:21:11.795787Z	  239 Query	INSERT INTO BATCH_JOB_EXECUTION_PARAMS(JOB_EXECUTION_ID, PARAMETER_NAME, PARAMETER_TYPE, PARAMETER_VALUE, IDENTIFYING)
	VALUES (18, 'run.id', 'java.lang.Long', '15', 'Y')
2026-01-17T06:21:11.797167Z	  239 Query	INSERT INTO BATCH_JOB_EXECUTION_PARAMS(JOB_EXECUTION_ID, PARAMETER_NAME, PARAMETER_TYPE, PARAMETER_VALUE, IDENTIFYING)
	VALUES (18, '-job.name', 'java.lang.String', 'paymentReportJob', 'Y')
2026-01-17T06:21:11.799368Z	  239 Query	INSERT INTO BATCH_JOB_EXECUTION_CONTEXT (SHORT_CONTEXT, SERIALIZED_CONTEXT, JOB_EXECUTION_ID)
	VALUES('rO0ABXNyABFqYXZhLnV0aWwuSGFzaE1hcAUH2sHDFmDRAwACRgAKbG9hZEZhY3RvckkACXRocmVzaG9sZHhwP0AAAAAAAAB3CAAAABAAAAAAeA==', null, 18)
2026-01-17T06:21:11.800770Z	  239 Query	COMMIT
2026-01-17T06:21:11.803361Z	  239 Query	SET autocommit=1
2026-01-17T06:21:11.804637Z	  239 Query	SET SESSION TRANSACTION ISOLATION LEVEL REPEATABLE READ
2026-01-17T06:21:11.810577Z	  239 Query	SET autocommit=0
2026-01-17T06:21:11.812545Z	  239 Query	SELECT VERSION
FROM BATCH_JOB_EXECUTION
WHERE JOB_EXECUTION_ID=18
2026-01-17T06:21:11.814616Z	  239 Query	SELECT COUNT(*)
FROM BATCH_JOB_EXECUTION
WHERE JOB_EXECUTION_ID = 18
2026-01-17T06:21:11.816304Z	  239 Query	UPDATE BATCH_JOB_EXECUTION
SET START_TIME = '2026-01-17 15:21:11.808107', END_TIME = null,  STATUS = 'STARTED', EXIT_CODE = 'UNKNOWN', EXIT_MESSAGE = '', VERSION = VERSION + 1, CREATE_TIME = '2026-01-17 15:21:11.774156', LAST_UPDATED = '2026-01-17 15:21:11.809692'
WHERE JOB_EXECUTION_ID = 18 AND VERSION = 0
2026-01-17T06:21:11.817720Z	  239 Query	COMMIT
2026-01-17T06:21:11.819963Z	  239 Query	SET autocommit=1
2026-01-17T06:21:11.821261Z	  239 Query	SET autocommit=0
2026-01-17T06:21:11.822951Z	  239 Query	SELECT SE.STEP_EXECUTION_ID, SE.STEP_NAME, SE.START_TIME, SE.END_TIME, SE.STATUS, SE.COMMIT_COUNT, SE.READ_COUNT, SE.FILTER_COUNT, SE.WRITE_COUNT, SE.EXIT_CODE, SE.EXIT_MESSAGE, SE.READ_SKIP_COUNT, SE.WRITE_SKIP_COUNT, SE.PROCESS_SKIP_COUNT, SE.ROLLBACK_COUNT, SE.LAST_UPDATED, SE.VERSION, SE.CREATE_TIME, JE.JOB_EXECUTION_ID, JE.START_TIME, JE.END_TIME, JE.STATUS, JE.EXIT_CODE, JE.EXIT_MESSAGE, JE.CREATE_TIME, JE.LAST_UPDATED, JE.VERSION
FROM BATCH_JOB_EXECUTION JE
	JOIN BATCH_STEP_EXECUTION SE ON SE.JOB_EXECUTION_ID = JE.JOB_EXECUTION_ID
WHERE JE.JOB_INSTANCE_ID = 18 AND SE.STEP_NAME = 'paymentReportStep'
2026-01-17T06:21:11.824724Z	  239 Query	COMMIT
2026-01-17T06:21:11.825680Z	  239 Query	SET autocommit=1
2026-01-17T06:21:11.826982Z	  239 Query	SET autocommit=0
2026-01-17T06:21:11.828266Z	  239 Query	SELECT COUNT(*)
FROM BATCH_JOB_EXECUTION JE
	JOIN BATCH_STEP_EXECUTION SE ON SE.JOB_EXECUTION_ID = JE.JOB_EXECUTION_ID
WHERE JE.JOB_INSTANCE_ID = 18 AND SE.STEP_NAME = 'paymentReportStep'
2026-01-17T06:21:11.829729Z	  239 Query	COMMIT
2026-01-17T06:21:11.830792Z	  239 Query	SET autocommit=1
2026-01-17T06:21:11.831998Z	  239 Query	SET autocommit=0
2026-01-17T06:21:11.832977Z	  240 Query	SET autocommit=0
2026-01-17T06:21:11.834044Z	  240 Query	update BATCH_STEP_EXECUTION_SEQ set ID = last_insert_id(ID + 1) limit 1
2026-01-17T06:21:11.835180Z	  240 Query	select last_insert_id()
2026-01-17T06:21:11.836422Z	  240 Query	COMMIT
2026-01-17T06:21:11.838401Z	  240 Query	SET autocommit=1
2026-01-17T06:21:11.840075Z	  239 Query	INSERT INTO BATCH_STEP_EXECUTION(STEP_EXECUTION_ID, VERSION, STEP_NAME, JOB_EXECUTION_ID, START_TIME, END_TIME, STATUS, COMMIT_COUNT, READ_COUNT, FILTER_COUNT, WRITE_COUNT, EXIT_CODE, EXIT_MESSAGE, READ_SKIP_COUNT, WRITE_SKIP_COUNT, PROCESS_SKIP_COUNT, ROLLBACK_COUNT, LAST_UPDATED, CREATE_TIME)
	VALUES (18, 0, 'paymentReportStep', 18, null, null, 'STARTING', 0, 0, 0, 0, 'EXECUTING', '', 0, 0, 0, 0, '2026-01-17 15:21:11.830762', '2026-01-17 15:21:11.829664')
2026-01-17T06:21:11.841639Z	  239 Query	INSERT INTO BATCH_STEP_EXECUTION_CONTEXT (SHORT_CONTEXT, SERIALIZED_CONTEXT, STEP_EXECUTION_ID)
	VALUES('rO0ABXNyABFqYXZhLnV0aWwuSGFzaE1hcAUH2sHDFmDRAwACRgAKbG9hZEZhY3RvckkACXRocmVzaG9sZHhwP0AAAAAAAAB3CAAAABAAAAAAeA==', null, 18)
2026-01-17T06:21:11.842761Z	  239 Query	COMMIT
2026-01-17T06:21:11.844756Z	  239 Query	SET autocommit=1
2026-01-17T06:21:11.846600Z	  239 Query	SET autocommit=0
2026-01-17T06:21:11.848220Z	  239 Query	UPDATE BATCH_STEP_EXECUTION
SET START_TIME = '2026-01-17 15:21:11.843848', END_TIME = null, STATUS = 'STARTED', COMMIT_COUNT = 0, READ_COUNT = 0, FILTER_COUNT = 0, WRITE_COUNT = 0, EXIT_CODE = 'EXECUTING', EXIT_MESSAGE = '', VERSION = VERSION + 1, READ_SKIP_COUNT = 0, PROCESS_SKIP_COUNT = 0, WRITE_SKIP_COUNT = 0, ROLLBACK_COUNT = 0, LAST_UPDATED = '2026-01-17 15:21:11.845485'
WHERE STEP_EXECUTION_ID = 18 AND VERSION = 0
2026-01-17T06:21:11.849677Z	  239 Query	SELECT VERSION
FROM BATCH_JOB_EXECUTION
WHERE JOB_EXECUTION_ID=18
2026-01-17T06:21:11.851001Z	  239 Query	COMMIT
2026-01-17T06:21:11.854021Z	  239 Query	SET autocommit=1
2026-01-17T06:21:11.870039Z	  239 Query	SET autocommit=0
2026-01-17T06:21:11.871564Z	  239 Query	UPDATE BATCH_STEP_EXECUTION_CONTEXT
SET SHORT_CONTEXT = 'rO0ABXNyABFqYXZhLnV0aWwuSGFzaE1hcAUH2sHDFmDRAwACRgAKbG9hZEZhY3RvckkACXRocmVzaG9sZHhwP0AAAAAAAAx3CAAAABAAAAAEdAAecGF5bWVudFJlcG9ydFJlYWRlci5yZWFkLmNvdW50c3IAEWphdmEubGFuZy5JbnRlZ2VyEuKgpPeBhzgCAAFJAAV2YWx1ZXhyABBqYXZhLmxhbmcuTnVtYmVyhqyVHQuU4IsCAAB4cAAAAAB0ABFiYXRjaC50YXNrbGV0VHlwZXQAPW9yZy5zcHJpbmdmcmFtZXdvcmsuYmF0Y2guY29yZS5zdGVwLml0ZW0uQ2h1bmtPcmllbnRlZFRhc2tsZXR0AA1iYXRjaC52ZXJzaW9udAAFNS4yLjR0AA5iYXRjaC5zdGVwVHlwZXQAN29yZy5zcHJpbmdmcmFtZXdvcmsuYmF0Y2guY29yZS5zdGVwLnRhc2tsZXQuVGFza2xldFN0ZXB4', SERIALIZED_CONTEXT = null
WHERE STEP_EXECUTION_ID = 18
2026-01-17T06:21:11.872921Z	  239 Query	COMMIT
2026-01-17T06:21:11.875694Z	  239 Query	SET autocommit=1
2026-01-17T06:21:11.877937Z	  239 Query	SET autocommit=0
2026-01-17T06:21:11.879896Z	  240 Query	SET autocommit=0
2026-01-17T06:21:12.004981Z	  240 Query	select ps1_0.id,ps1_0.discount_amount,ps1_0.final_amount,ps1_0.original_amount,ps1_0.partner_corp_name,ps1_0.payment_date from payment_source ps1_0 where ps1_0.payment_date='2025-05-02' limit 0,10
2026-01-17T06:21:12.020745Z	  240 Query	COMMIT
2026-01-17T06:21:12.022624Z	  240 Query	SET autocommit=1
2026-01-17T06:21:12.032430Z	  239 Query	insert into payment (amount,payment_date,status) values (900.00,'2025-05-02','PAYMENT')
2026-01-17T06:21:12.039021Z	  239 Query	insert into payment (amount,payment_date,status) values (1850.00,'2025-05-02','PAYMENT')
2026-01-17T06:21:12.041520Z	  239 Query	insert into payment (amount,payment_date,status) values (2800.00,'2025-05-02','PAYMENT')
2026-01-17T06:21:12.043989Z	  239 Query	insert into payment (amount,payment_date,status) values (3750.00,'2025-05-02','PAYMENT')
2026-01-17T06:21:12.046407Z	  239 Query	insert into payment (amount,payment_date,status) values (4700.00,'2025-05-02','PAYMENT')
2026-01-17T06:21:12.048591Z	  239 Query	insert into payment (amount,payment_date,status) values (5650.00,'2025-05-02','PAYMENT')
2026-01-17T06:21:12.050873Z	  239 Query	insert into payment (amount,payment_date,status) values (6600.00,'2025-05-02','PAYMENT')
2026-01-17T06:21:12.052887Z	  239 Query	insert into payment (amount,payment_date,status) values (7550.00,'2025-05-02','PAYMENT')
2026-01-17T06:21:12.055076Z	  239 Query	insert into payment (amount,payment_date,status) values (8500.00,'2025-05-02','PAYMENT')
2026-01-17T06:21:12.057350Z	  239 Query	insert into payment (amount,payment_date,status) values (9450.00,'2025-05-02','PAYMENT')
2026-01-17T06:21:12.059538Z	  239 Query	UPDATE BATCH_STEP_EXECUTION_CONTEXT
SET SHORT_CONTEXT = 'rO0ABXNyABFqYXZhLnV0aWwuSGFzaE1hcAUH2sHDFmDRAwACRgAKbG9hZEZhY3RvckkACXRocmVzaG9sZHhwP0AAAAAAAAx3CAAAABAAAAAEdAAecGF5bWVudFJlcG9ydFJlYWRlci5yZWFkLmNvdW50c3IAEWphdmEubGFuZy5JbnRlZ2VyEuKgpPeBhzgCAAFJAAV2YWx1ZXhyABBqYXZhLmxhbmcuTnVtYmVyhqyVHQuU4IsCAAB4cAAAAAp0ABFiYXRjaC50YXNrbGV0VHlwZXQAPW9yZy5zcHJpbmdmcmFtZXdvcmsuYmF0Y2guY29yZS5zdGVwLml0ZW0uQ2h1bmtPcmllbnRlZFRhc2tsZXR0AA1iYXRjaC52ZXJzaW9udAAFNS4yLjR0AA5iYXRjaC5zdGVwVHlwZXQAN29yZy5zcHJpbmdmcmFtZXdvcmsuYmF0Y2guY29yZS5zdGVwLnRhc2tsZXQuVGFza2xldFN0ZXB4', SERIALIZED_CONTEXT = null
WHERE STEP_EXECUTION_ID = 18
2026-01-17T06:21:12.061469Z	  239 Query	UPDATE BATCH_STEP_EXECUTION
SET START_TIME = '2026-01-17 15:21:11.843848', END_TIME = null, STATUS = 'STARTED', COMMIT_COUNT = 1, READ_COUNT = 10, FILTER_COUNT = 0, WRITE_COUNT = 10, EXIT_CODE = 'EXECUTING', EXIT_MESSAGE = '', VERSION = VERSION + 1, READ_SKIP_COUNT = 0, PROCESS_SKIP_COUNT = 0, WRITE_SKIP_COUNT = 0, ROLLBACK_COUNT = 0, LAST_UPDATED = '2026-01-17 15:21:12.058683'
WHERE STEP_EXECUTION_ID = 18 AND VERSION = 1
2026-01-17T06:21:12.063008Z	  239 Query	SELECT VERSION
FROM BATCH_JOB_EXECUTION
WHERE JOB_EXECUTION_ID=18
2026-01-17T06:21:12.064258Z	  239 Query	COMMIT
2026-01-17T06:21:12.067325Z	  239 Query	SET autocommit=1
2026-01-17T06:21:12.068595Z	  239 Query	SET autocommit=0
2026-01-17T06:21:12.069634Z	  240 Query	SET autocommit=0
2026-01-17T06:21:12.072122Z	  240 Query	select ps1_0.id,ps1_0.discount_amount,ps1_0.final_amount,ps1_0.original_amount,ps1_0.partner_corp_name,ps1_0.payment_date from payment_source ps1_0 where ps1_0.payment_date='2025-05-02' limit 10,10
2026-01-17T06:21:12.074375Z	  240 Query	COMMIT
2026-01-17T06:21:12.075484Z	  240 Query	SET autocommit=1
2026-01-17T06:21:12.077583Z	  239 Query	insert into payment (amount,payment_date,status) values (10400.00,'2025-05-02','PAYMENT')
2026-01-17T06:21:12.079569Z	  239 Query	insert into payment (amount,payment_date,status) values (11350.00,'2025-05-02','PAYMENT')
2026-01-17T06:21:12.081265Z	  239 Query	insert into payment (amount,payment_date,status) values (12300.00,'2025-05-02','PAYMENT')
2026-01-17T06:21:12.083076Z	  239 Query	insert into payment (amount,payment_date,status) values (13250.00,'2025-05-02','PAYMENT')
2026-01-17T06:21:12.085147Z	  239 Query	insert into payment (amount,payment_date,status) values (14200.00,'2025-05-02','PAYMENT')
2026-01-17T06:21:12.087004Z	  239 Query	insert into payment (amount,payment_date,status) values (15150.00,'2025-05-02','PAYMENT')
2026-01-17T06:21:12.088597Z	  239 Query	insert into payment (amount,payment_date,status) values (16100.00,'2025-05-02','PAYMENT')
2026-01-17T06:21:12.090663Z	  239 Query	insert into payment (amount,payment_date,status) values (17050.00,'2025-05-02','PAYMENT')
2026-01-17T06:21:12.092392Z	  239 Query	insert into payment (amount,payment_date,status) values (18000.00,'2025-05-02','PAYMENT')
2026-01-17T06:21:12.094315Z	  239 Query	insert into payment (amount,payment_date,status) values (18950.00,'2025-05-02','PAYMENT')
2026-01-17T06:21:12.096799Z	  239 Query	UPDATE BATCH_STEP_EXECUTION_CONTEXT
SET SHORT_CONTEXT = 'rO0ABXNyABFqYXZhLnV0aWwuSGFzaE1hcAUH2sHDFmDRAwACRgAKbG9hZEZhY3RvckkACXRocmVzaG9sZHhwP0AAAAAAAAx3CAAAABAAAAAEdAAecGF5bWVudFJlcG9ydFJlYWRlci5yZWFkLmNvdW50c3IAEWphdmEubGFuZy5JbnRlZ2VyEuKgpPeBhzgCAAFJAAV2YWx1ZXhyABBqYXZhLmxhbmcuTnVtYmVyhqyVHQuU4IsCAAB4cAAAABR0ABFiYXRjaC50YXNrbGV0VHlwZXQAPW9yZy5zcHJpbmdmcmFtZXdvcmsuYmF0Y2guY29yZS5zdGVwLml0ZW0uQ2h1bmtPcmllbnRlZFRhc2tsZXR0AA1iYXRjaC52ZXJzaW9udAAFNS4yLjR0AA5iYXRjaC5zdGVwVHlwZXQAN29yZy5zcHJpbmdmcmFtZXdvcmsuYmF0Y2guY29yZS5zdGVwLnRhc2tsZXQuVGFza2xldFN0ZXB4', SERIALIZED_CONTEXT = null
WHERE STEP_EXECUTION_ID = 18
2026-01-17T06:21:12.098256Z	  239 Query	UPDATE BATCH_STEP_EXECUTION
SET START_TIME = '2026-01-17 15:21:11.843848', END_TIME = null, STATUS = 'STARTED', COMMIT_COUNT = 2, READ_COUNT = 20, FILTER_COUNT = 0, WRITE_COUNT = 20, EXIT_CODE = 'EXECUTING', EXIT_MESSAGE = '', VERSION = VERSION + 1, READ_SKIP_COUNT = 0, PROCESS_SKIP_COUNT = 0, WRITE_SKIP_COUNT = 0, ROLLBACK_COUNT = 0, LAST_UPDATED = '2026-01-17 15:21:12.095752'
WHERE STEP_EXECUTION_ID = 18 AND VERSION = 2
2026-01-17T06:21:12.100590Z	  239 Query	SELECT VERSION
FROM BATCH_JOB_EXECUTION
WHERE JOB_EXECUTION_ID=18
2026-01-17T06:21:12.101942Z	  239 Query	COMMIT
2026-01-17T06:21:12.104212Z	  239 Query	SET autocommit=1
2026-01-17T06:21:12.105392Z	  239 Query	SET autocommit=0
2026-01-17T06:21:12.106430Z	  240 Query	SET autocommit=0
2026-01-17T06:21:12.108382Z	  240 Query	select ps1_0.id,ps1_0.discount_amount,ps1_0.final_amount,ps1_0.original_amount,ps1_0.partner_corp_name,ps1_0.payment_date from payment_source ps1_0 where ps1_0.payment_date='2025-05-02' limit 20,10
2026-01-17T06:21:12.109878Z	  240 Query	COMMIT
2026-01-17T06:21:12.110831Z	  240 Query	SET autocommit=1
2026-01-17T06:21:12.112110Z	  239 Query	UPDATE BATCH_STEP_EXECUTION_CONTEXT
SET SHORT_CONTEXT = 'rO0ABXNyABFqYXZhLnV0aWwuSGFzaE1hcAUH2sHDFmDRAwACRgAKbG9hZEZhY3RvckkACXRocmVzaG9sZHhwP0AAAAAAAAx3CAAAABAAAAAEdAAecGF5bWVudFJlcG9ydFJlYWRlci5yZWFkLmNvdW50c3IAEWphdmEubGFuZy5JbnRlZ2VyEuKgpPeBhzgCAAFJAAV2YWx1ZXhyABBqYXZhLmxhbmcuTnVtYmVyhqyVHQuU4IsCAAB4cAAAABZ0ABFiYXRjaC50YXNrbGV0VHlwZXQAPW9yZy5zcHJpbmdmcmFtZXdvcmsuYmF0Y2guY29yZS5zdGVwLml0ZW0uQ2h1bmtPcmllbnRlZFRhc2tsZXR0AA1iYXRjaC52ZXJzaW9udAAFNS4yLjR0AA5iYXRjaC5zdGVwVHlwZXQAN29yZy5zcHJpbmdmcmFtZXdvcmsuYmF0Y2guY29yZS5zdGVwLnRhc2tsZXQuVGFza2xldFN0ZXB4', SERIALIZED_CONTEXT = null
WHERE STEP_EXECUTION_ID = 18
2026-01-17T06:21:12.113734Z	  239 Query	UPDATE BATCH_STEP_EXECUTION
SET START_TIME = '2026-01-17 15:21:11.843848', END_TIME = null, STATUS = 'STARTED', COMMIT_COUNT = 3, READ_COUNT = 21, FILTER_COUNT = 1, WRITE_COUNT = 20, EXIT_CODE = 'EXECUTING', EXIT_MESSAGE = '', VERSION = VERSION + 1, READ_SKIP_COUNT = 0, PROCESS_SKIP_COUNT = 0, WRITE_SKIP_COUNT = 0, ROLLBACK_COUNT = 0, LAST_UPDATED = '2026-01-17 15:21:12.11117'
WHERE STEP_EXECUTION_ID = 18 AND VERSION = 3
2026-01-17T06:21:12.115026Z	  239 Query	SELECT VERSION
FROM BATCH_JOB_EXECUTION
WHERE JOB_EXECUTION_ID=18
2026-01-17T06:21:12.116181Z	  239 Query	COMMIT
2026-01-17T06:21:12.118807Z	  239 Query	SET autocommit=1
2026-01-17T06:21:12.120731Z	  239 Query	SET autocommit=0
2026-01-17T06:21:12.122094Z	  239 Query	UPDATE BATCH_STEP_EXECUTION_CONTEXT
SET SHORT_CONTEXT = 'rO0ABXNyABFqYXZhLnV0aWwuSGFzaE1hcAUH2sHDFmDRAwACRgAKbG9hZEZhY3RvckkACXRocmVzaG9sZHhwP0AAAAAAAAx3CAAAABAAAAAEdAAecGF5bWVudFJlcG9ydFJlYWRlci5yZWFkLmNvdW50c3IAEWphdmEubGFuZy5JbnRlZ2VyEuKgpPeBhzgCAAFJAAV2YWx1ZXhyABBqYXZhLmxhbmcuTnVtYmVyhqyVHQuU4IsCAAB4cAAAABZ0ABFiYXRjaC50YXNrbGV0VHlwZXQAPW9yZy5zcHJpbmdmcmFtZXdvcmsuYmF0Y2guY29yZS5zdGVwLml0ZW0uQ2h1bmtPcmllbnRlZFRhc2tsZXR0AA1iYXRjaC52ZXJzaW9udAAFNS4yLjR0AA5iYXRjaC5zdGVwVHlwZXQAN29yZy5zcHJpbmdmcmFtZXdvcmsuYmF0Y2guY29yZS5zdGVwLnRhc2tsZXQuVGFza2xldFN0ZXB4', SERIALIZED_CONTEXT = null
WHERE STEP_EXECUTION_ID = 18
2026-01-17T06:21:12.123162Z	  239 Query	COMMIT
2026-01-17T06:21:12.124065Z	  239 Query	SET autocommit=1
2026-01-17T06:21:12.125112Z	  239 Query	SET autocommit=0
2026-01-17T06:21:12.126735Z	  239 Query	UPDATE BATCH_STEP_EXECUTION
SET START_TIME = '2026-01-17 15:21:11.843848', END_TIME = '2026-01-17 15:21:12.118102', STATUS = 'COMPLETED', COMMIT_COUNT = 3, READ_COUNT = 21, FILTER_COUNT = 1, WRITE_COUNT = 20, EXIT_CODE = 'COMPLETED', EXIT_MESSAGE = '', VERSION = VERSION + 1, READ_SKIP_COUNT = 0, PROCESS_SKIP_COUNT = 0, WRITE_SKIP_COUNT = 0, ROLLBACK_COUNT = 0, LAST_UPDATED = '2026-01-17 15:21:12.123925'
WHERE STEP_EXECUTION_ID = 18 AND VERSION = 4
2026-01-17T06:21:12.128631Z	  239 Query	SELECT VERSION
FROM BATCH_JOB_EXECUTION
WHERE JOB_EXECUTION_ID=18
2026-01-17T06:21:12.129974Z	  239 Query	COMMIT
2026-01-17T06:21:12.131878Z	  239 Query	SET autocommit=1
2026-01-17T06:21:12.133253Z	  240 Query	SET autocommit=0
2026-01-17T06:21:12.134473Z	  240 Query	UPDATE BATCH_JOB_EXECUTION_CONTEXT
SET SHORT_CONTEXT = 'rO0ABXNyABFqYXZhLnV0aWwuSGFzaE1hcAUH2sHDFmDRAwACRgAKbG9hZEZhY3RvckkACXRocmVzaG9sZHhwP0AAAAAAAAx3CAAAABAAAAABdAANYmF0Y2gudmVyc2lvbnQABTUuMi40eA==', SERIALIZED_CONTEXT = null
WHERE JOB_EXECUTION_ID = 18
2026-01-17T06:21:12.135801Z	  240 Query	COMMIT
2026-01-17T06:21:12.138484Z	  240 Query	SET autocommit=1
2026-01-17T06:21:12.140031Z	  240 Query	SET autocommit=0
2026-01-17T06:21:12.141224Z	  240 Query	SELECT VERSION
FROM BATCH_JOB_EXECUTION
WHERE JOB_EXECUTION_ID=18
2026-01-17T06:21:12.142638Z	  240 Query	SELECT COUNT(*)
FROM BATCH_JOB_EXECUTION
WHERE JOB_EXECUTION_ID = 18
2026-01-17T06:21:12.144231Z	  240 Query	UPDATE BATCH_JOB_EXECUTION
SET START_TIME = '2026-01-17 15:21:11.808107', END_TIME = '2026-01-17 15:21:12.137606',  STATUS = 'COMPLETED', EXIT_CODE = 'COMPLETED', EXIT_MESSAGE = '', VERSION = VERSION + 1, CREATE_TIME = '2026-01-17 15:21:11.774156', LAST_UPDATED = '2026-01-17 15:21:12.138872'
WHERE JOB_EXECUTION_ID = 18 AND VERSION = 1
2026-01-17T06:21:12.145758Z	  240 Query	COMMIT
2026-01-17T06:21:12.148450Z	  240 Query	SET autocommit=1
2026-01-17T06:21:12.156727Z	  239 Quit	
2026-01-17T06:21:12.157876Z	  246 Quit	
2026-01-17T06:21:12.157876Z	  242 Quit	
2026-01-17T06:21:12.157883Z	  245 Quit	
2026-01-17T06:21:12.157908Z	  243 Quit	
2026-01-17T06:21:12.157917Z	  244 Quit	
2026-01-17T06:21:12.157927Z	  248 Quit	
2026-01-17T06:21:12.157963Z	  241 Quit	
2026-01-17T06:21:12.157969Z	  240 Quit	
2026-01-17T06:21:12.157971Z	  247 Quit	
2026-01-17T06:21:15.443936Z	  238 Query	SELECT @@session.transaction_isolation
2026-01-17T06:21:15.450830Z	  238 Query	/* ApplicationName=IntelliJ IDEA 2025.1.3 */ SET SESSION TRANSACTION READ WRITE
2026-01-17T06:21:15.456787Z	  238 Query	SELECT @@session.transaction_read_only
2026-01-17T06:21:15.468247Z	  238 Query	/* ApplicationName=IntelliJ IDEA 2025.1.3 */ SET sql_select_limit=DEFAULT
2026-01-17T06:21:15.470054Z	  238 Query	/* ApplicationName=IntelliJ IDEA 2025.1.3 */ select database()
2026-01-17T06:21:15.481603Z	  238 Query	/* ApplicationName=IntelliJ IDEA 2025.1.3 */ SET net_write_timeout=600
2026-01-17T06:21:15.483245Z	  238 Query	/* ApplicationName=IntelliJ IDEA 2025.1.3 */ SET sql_select_limit=501
2026-01-17T06:21:15.484697Z	  238 Query	/* ApplicationName=IntelliJ IDEA 2025.1.3 */ SELECT t.*
FROM spring_batch.payment t
LIMIT 501
2026-01-17T06:21:15.684305Z	  238 Query	SELECT @@session.transaction_isolation
2026-01-17T06:22:03.555987Z	  249 Connect	root@172.24.0.1 on spring_batch using TCP/IP
2026-01-17T06:22:03.564264Z	  249 Query	/* mysql-connector-j-9.5.0 (Revision: a7b3c94f50efbddb9f0dd69b3e0d1aaa25305cd6) */SELECT  @@session.auto_increment_increment AS auto_increment_increment, @@character_set_client AS character_set_client, @@character_set_connection AS character_set_connection, @@character_set_results AS character_set_results, @@character_set_server AS character_set_server, @@collation_server AS collation_server, @@collation_connection AS collation_connection, @@init_connect AS init_connect, @@interactive_timeout AS interactive_timeout, @@license AS license, @@lower_case_table_names AS lower_case_table_names, @@max_allowed_packet AS max_allowed_packet, @@net_write_timeout AS net_write_timeout, @@performance_schema AS performance_schema, @@sql_mode AS sql_mode, @@system_time_zone AS system_time_zone, @@time_zone AS time_zone, @@transaction_isolation AS transaction_isolation, @@wait_timeout AS wait_timeout
2026-01-17T06:22:03.573632Z	  249 Query	SET character_set_results = NULL
2026-01-17T06:22:03.575931Z	  249 Query	SET autocommit=1
2026-01-17T06:22:03.578953Z	  249 Query	SELECT @@session.transaction_read_only
2026-01-17T06:22:03.580920Z	  249 Query	SELECT @@session.transaction_isolation
2026-01-17T06:22:03.696532Z	  250 Connect	root@172.24.0.1 on spring_batch using TCP/IP
2026-01-17T06:22:03.699505Z	  250 Query	/* mysql-connector-j-9.5.0 (Revision: a7b3c94f50efbddb9f0dd69b3e0d1aaa25305cd6) */SELECT  @@session.auto_increment_increment AS auto_increment_increment, @@character_set_client AS character_set_client, @@character_set_connection AS character_set_connection, @@character_set_results AS character_set_results, @@character_set_server AS character_set_server, @@collation_server AS collation_server, @@collation_connection AS collation_connection, @@init_connect AS init_connect, @@interactive_timeout AS interactive_timeout, @@license AS license, @@lower_case_table_names AS lower_case_table_names, @@max_allowed_packet AS max_allowed_packet, @@net_write_timeout AS net_write_timeout, @@performance_schema AS performance_schema, @@sql_mode AS sql_mode, @@system_time_zone AS system_time_zone, @@time_zone AS time_zone, @@transaction_isolation AS transaction_isolation, @@wait_timeout AS wait_timeout
2026-01-17T06:22:03.709903Z	  250 Query	SET character_set_results = NULL
2026-01-17T06:22:03.713936Z	  250 Query	SET autocommit=1
2026-01-17T06:22:03.716390Z	  250 Query	SELECT @@session.transaction_read_only
2026-01-17T06:22:03.755101Z	  251 Connect	root@172.24.0.1 on spring_batch using TCP/IP
2026-01-17T06:22:03.757931Z	  251 Query	/* mysql-connector-j-9.5.0 (Revision: a7b3c94f50efbddb9f0dd69b3e0d1aaa25305cd6) */SELECT  @@session.auto_increment_increment AS auto_increment_increment, @@character_set_client AS character_set_client, @@character_set_connection AS character_set_connection, @@character_set_results AS character_set_results, @@character_set_server AS character_set_server, @@collation_server AS collation_server, @@collation_connection AS collation_connection, @@init_connect AS init_connect, @@interactive_timeout AS interactive_timeout, @@license AS license, @@lower_case_table_names AS lower_case_table_names, @@max_allowed_packet AS max_allowed_packet, @@net_write_timeout AS net_write_timeout, @@performance_schema AS performance_schema, @@sql_mode AS sql_mode, @@system_time_zone AS system_time_zone, @@time_zone AS time_zone, @@transaction_isolation AS transaction_isolation, @@wait_timeout AS wait_timeout
2026-01-17T06:22:03.763632Z	  251 Query	SET character_set_results = NULL
2026-01-17T06:22:03.763646Z	  249 Query	SELECT WORD FROM INFORMATION_SCHEMA.KEYWORDS WHERE RESERVED = 1 ORDER BY WORD
2026-01-17T06:22:03.765148Z	  251 Query	SET autocommit=1
2026-01-17T06:22:03.766217Z	  251 Query	SELECT @@session.transaction_read_only
2026-01-17T06:22:03.787668Z	  249 Query	SELECT @@character_set_database, @@sql_mode
2026-01-17T06:22:03.800063Z	  252 Connect	root@172.24.0.1 on spring_batch using TCP/IP
2026-01-17T06:22:03.801355Z	  252 Query	/* mysql-connector-j-9.5.0 (Revision: a7b3c94f50efbddb9f0dd69b3e0d1aaa25305cd6) */SELECT  @@session.auto_increment_increment AS auto_increment_increment, @@character_set_client AS character_set_client, @@character_set_connection AS character_set_connection, @@character_set_results AS character_set_results, @@character_set_server AS character_set_server, @@collation_server AS collation_server, @@collation_connection AS collation_connection, @@init_connect AS init_connect, @@interactive_timeout AS interactive_timeout, @@license AS license, @@lower_case_table_names AS lower_case_table_names, @@max_allowed_packet AS max_allowed_packet, @@net_write_timeout AS net_write_timeout, @@performance_schema AS performance_schema, @@sql_mode AS sql_mode, @@system_time_zone AS system_time_zone, @@time_zone AS time_zone, @@transaction_isolation AS transaction_isolation, @@wait_timeout AS wait_timeout
2026-01-17T06:22:03.802710Z	  252 Query	SET character_set_results = NULL
2026-01-17T06:22:03.804229Z	  252 Query	SET autocommit=1
2026-01-17T06:22:03.805308Z	  252 Query	SELECT @@session.transaction_read_only
2026-01-17T06:22:03.843513Z	  253 Connect	root@172.24.0.1 on spring_batch using TCP/IP
2026-01-17T06:22:03.847422Z	  253 Query	/* mysql-connector-j-9.5.0 (Revision: a7b3c94f50efbddb9f0dd69b3e0d1aaa25305cd6) */SELECT  @@session.auto_increment_increment AS auto_increment_increment, @@character_set_client AS character_set_client, @@character_set_connection AS character_set_connection, @@character_set_results AS character_set_results, @@character_set_server AS character_set_server, @@collation_server AS collation_server, @@collation_connection AS collation_connection, @@init_connect AS init_connect, @@interactive_timeout AS interactive_timeout, @@license AS license, @@lower_case_table_names AS lower_case_table_names, @@max_allowed_packet AS max_allowed_packet, @@net_write_timeout AS net_write_timeout, @@performance_schema AS performance_schema, @@sql_mode AS sql_mode, @@system_time_zone AS system_time_zone, @@time_zone AS time_zone, @@transaction_isolation AS transaction_isolation, @@wait_timeout AS wait_timeout
2026-01-17T06:22:03.850164Z	  253 Query	SET character_set_results = NULL
2026-01-17T06:22:03.851395Z	  253 Query	SET autocommit=1
2026-01-17T06:22:03.852820Z	  253 Query	SELECT @@session.transaction_read_only
2026-01-17T06:22:03.892886Z	  254 Connect	root@172.24.0.1 on spring_batch using TCP/IP
2026-01-17T06:22:03.896079Z	  254 Query	/* mysql-connector-j-9.5.0 (Revision: a7b3c94f50efbddb9f0dd69b3e0d1aaa25305cd6) */SELECT  @@session.auto_increment_increment AS auto_increment_increment, @@character_set_client AS character_set_client, @@character_set_connection AS character_set_connection, @@character_set_results AS character_set_results, @@character_set_server AS character_set_server, @@collation_server AS collation_server, @@collation_connection AS collation_connection, @@init_connect AS init_connect, @@interactive_timeout AS interactive_timeout, @@license AS license, @@lower_case_table_names AS lower_case_table_names, @@max_allowed_packet AS max_allowed_packet, @@net_write_timeout AS net_write_timeout, @@performance_schema AS performance_schema, @@sql_mode AS sql_mode, @@system_time_zone AS system_time_zone, @@time_zone AS time_zone, @@transaction_isolation AS transaction_isolation, @@wait_timeout AS wait_timeout
2026-01-17T06:22:03.899235Z	  254 Query	SET character_set_results = NULL
2026-01-17T06:22:03.904496Z	  254 Query	SET autocommit=1
2026-01-17T06:22:03.906218Z	  254 Query	SELECT @@session.transaction_read_only
2026-01-17T06:22:03.947502Z	  255 Connect	root@172.24.0.1 on spring_batch using TCP/IP
2026-01-17T06:22:03.950257Z	  255 Query	/* mysql-connector-j-9.5.0 (Revision: a7b3c94f50efbddb9f0dd69b3e0d1aaa25305cd6) */SELECT  @@session.auto_increment_increment AS auto_increment_increment, @@character_set_client AS character_set_client, @@character_set_connection AS character_set_connection, @@character_set_results AS character_set_results, @@character_set_server AS character_set_server, @@collation_server AS collation_server, @@collation_connection AS collation_connection, @@init_connect AS init_connect, @@interactive_timeout AS interactive_timeout, @@license AS license, @@lower_case_table_names AS lower_case_table_names, @@max_allowed_packet AS max_allowed_packet, @@net_write_timeout AS net_write_timeout, @@performance_schema AS performance_schema, @@sql_mode AS sql_mode, @@system_time_zone AS system_time_zone, @@time_zone AS time_zone, @@transaction_isolation AS transaction_isolation, @@wait_timeout AS wait_timeout
2026-01-17T06:22:03.952582Z	  255 Query	SET character_set_results = NULL
2026-01-17T06:22:03.953802Z	  255 Query	SET autocommit=1
2026-01-17T06:22:03.954969Z	  255 Query	SELECT @@session.transaction_read_only
2026-01-17T06:22:03.998840Z	  256 Connect	root@172.24.0.1 on spring_batch using TCP/IP
2026-01-17T06:22:04.001877Z	  256 Query	/* mysql-connector-j-9.5.0 (Revision: a7b3c94f50efbddb9f0dd69b3e0d1aaa25305cd6) */SELECT  @@session.auto_increment_increment AS auto_increment_increment, @@character_set_client AS character_set_client, @@character_set_connection AS character_set_connection, @@character_set_results AS character_set_results, @@character_set_server AS character_set_server, @@collation_server AS collation_server, @@collation_connection AS collation_connection, @@init_connect AS init_connect, @@interactive_timeout AS interactive_timeout, @@license AS license, @@lower_case_table_names AS lower_case_table_names, @@max_allowed_packet AS max_allowed_packet, @@net_write_timeout AS net_write_timeout, @@performance_schema AS performance_schema, @@sql_mode AS sql_mode, @@system_time_zone AS system_time_zone, @@time_zone AS time_zone, @@transaction_isolation AS transaction_isolation, @@wait_timeout AS wait_timeout
2026-01-17T06:22:04.006888Z	  256 Query	SET character_set_results = NULL
2026-01-17T06:22:04.008388Z	  256 Query	SET autocommit=1
2026-01-17T06:22:04.009520Z	  256 Query	SELECT @@session.transaction_read_only
2026-01-17T06:22:04.055737Z	  257 Connect	root@172.24.0.1 on spring_batch using TCP/IP
2026-01-17T06:22:04.058486Z	  257 Query	/* mysql-connector-j-9.5.0 (Revision: a7b3c94f50efbddb9f0dd69b3e0d1aaa25305cd6) */SELECT  @@session.auto_increment_increment AS auto_increment_increment, @@character_set_client AS character_set_client, @@character_set_connection AS character_set_connection, @@character_set_results AS character_set_results, @@character_set_server AS character_set_server, @@collation_server AS collation_server, @@collation_connection AS collation_connection, @@init_connect AS init_connect, @@interactive_timeout AS interactive_timeout, @@license AS license, @@lower_case_table_names AS lower_case_table_names, @@max_allowed_packet AS max_allowed_packet, @@net_write_timeout AS net_write_timeout, @@performance_schema AS performance_schema, @@sql_mode AS sql_mode, @@system_time_zone AS system_time_zone, @@time_zone AS time_zone, @@transaction_isolation AS transaction_isolation, @@wait_timeout AS wait_timeout
2026-01-17T06:22:04.059932Z	  257 Query	SET character_set_results = NULL
2026-01-17T06:22:04.060955Z	  257 Query	SET autocommit=1
2026-01-17T06:22:04.061915Z	  257 Query	SELECT @@session.transaction_read_only
2026-01-17T06:22:04.098222Z	  258 Connect	root@172.24.0.1 on spring_batch using TCP/IP
2026-01-17T06:22:04.101665Z	  258 Query	/* mysql-connector-j-9.5.0 (Revision: a7b3c94f50efbddb9f0dd69b3e0d1aaa25305cd6) */SELECT  @@session.auto_increment_increment AS auto_increment_increment, @@character_set_client AS character_set_client, @@character_set_connection AS character_set_connection, @@character_set_results AS character_set_results, @@character_set_server AS character_set_server, @@collation_server AS collation_server, @@collation_connection AS collation_connection, @@init_connect AS init_connect, @@interactive_timeout AS interactive_timeout, @@license AS license, @@lower_case_table_names AS lower_case_table_names, @@max_allowed_packet AS max_allowed_packet, @@net_write_timeout AS net_write_timeout, @@performance_schema AS performance_schema, @@sql_mode AS sql_mode, @@system_time_zone AS system_time_zone, @@time_zone AS time_zone, @@transaction_isolation AS transaction_isolation, @@wait_timeout AS wait_timeout
2026-01-17T06:22:04.105257Z	  258 Query	SET character_set_results = NULL
2026-01-17T06:22:04.106386Z	  258 Query	SET autocommit=1
2026-01-17T06:22:04.107484Z	  258 Query	SELECT @@session.transaction_read_only
2026-01-17T06:22:04.136247Z	  249 Query	SELECT TABLE_SCHEMA AS TABLE_CAT, NULL AS TABLE_SCHEM, TABLE_NAME, CASE WHEN TABLE_TYPE = 'BASE TABLE' THEN CASE WHEN TABLE_SCHEMA = 'mysql' OR TABLE_SCHEMA = 'performance_schema' OR TABLE_SCHEMA = 'sys' THEN 'SYSTEM TABLE' ELSE 'TABLE' END WHEN TABLE_TYPE = 'TEMPORARY' THEN 'LOCAL_TEMPORARY' ELSE TABLE_TYPE END AS TABLE_TYPE, TABLE_COMMENT AS REMARKS, NULL AS TYPE_CAT, NULL AS TYPE_SCHEM, NULL AS TYPE_NAME, NULL AS SELF_REFERENCING_COL_NAME, NULL AS REF_GENERATION FROM INFORMATION_SCHEMA.TABLES WHERE TABLE_SCHEMA = 'spring_batch' AND TABLE_NAME LIKE '%' HAVING TABLE_TYPE IN ('TABLE','VIEW',null,null,null) ORDER BY TABLE_TYPE, TABLE_SCHEMA, TABLE_NAME
2026-01-17T06:22:04.144279Z	  249 Query	SELECT DEFAULT_COLLATION_NAME FROM INFORMATION_SCHEMA.SCHEMATA WHERE SCHEMA_NAME = 'information_schema'
2026-01-17T06:22:04.147851Z	  249 Query	SELECT TABLE_SCHEMA, NULL, TABLE_NAME, COLUMN_NAME, CASE WHEN UPPER(DATA_TYPE) = 'DECIMAL' THEN 3 WHEN UPPER(DATA_TYPE) = 'DECIMAL UNSIGNED' THEN 3 WHEN UPPER(DATA_TYPE) = 'TINYINT' THEN IF(LOCATE('ZEROFILL', UPPER(COLUMN_TYPE)) = 0 AND LOCATE('UNSIGNED', UPPER(COLUMN_TYPE)) = 0 AND LOCATE('(1)', COLUMN_TYPE) != 0, -7, -6) WHEN UPPER(DATA_TYPE) = 'TINYINT UNSIGNED' THEN IF(LOCATE('ZEROFILL', UPPER(COLUMN_TYPE)) = 0 AND LOCATE('UNSIGNED', UPPER(COLUMN_TYPE)) = 0 AND LOCATE('(1)', COLUMN_TYPE) != 0, -7, -6) WHEN UPPER(DATA_TYPE) = 'BOOLEAN' THEN 16 WHEN UPPER(DATA_TYPE) = 'SMALLINT' THEN 5 WHEN UPPER(DATA_TYPE) = 'SMALLINT UNSIGNED' THEN 5 WHEN UPPER(DATA_TYPE) = 'INT' THEN 4 WHEN UPPER(DATA_TYPE) = 'INT UNSIGNED' THEN 4 WHEN UPPER(DATA_TYPE) = 'FLOAT' THEN 7 WHEN UPPER(DATA_TYPE) = 'FLOAT UNSIGNED' THEN 7 WHEN UPPER(DATA_TYPE) = 'DOUBLE' THEN 8 WHEN UPPER(DATA_TYPE) = 'DOUBLE UNSIGNED' THEN 8 WHEN UPPER(DATA_TYPE) = 'NULL' THEN 0 WHEN UPPER(DATA_TYPE) = 'TIMESTAMP' THEN 93 WHEN UPPER(DATA_TYPE) = 'BIGINT' THEN -5 WHEN UPPER(DATA_TYPE) = 'BIGINT UNSIGNED' THEN -5 WHEN UPPER(DATA_TYPE) = 'MEDIUMINT' THEN 4 WHEN UPPER(DATA_TYPE) = 'MEDIUMINT UNSIGNED' THEN 4 WHEN UPPER(DATA_TYPE) = 'DATE' THEN 91 WHEN UPPER(DATA_TYPE) = 'TIME' THEN 92 WHEN UPPER(DATA_TYPE) = 'DATETIME' THEN 93 WHEN UPPER(DATA_TYPE) = 'YEAR' THEN 91 WHEN UPPER(DATA_TYPE) = 'VARCHAR' THEN 12 WHEN UPPER(DATA_TYPE) = 'VARBINARY' THEN -3 WHEN UPPER(DATA_TYPE) = 'BIT' THEN -7 WHEN UPPER(DATA_TYPE) = 'JSON' THEN -1 WHEN UPPER(DATA_TYPE) = 'ENUM' THEN 1 WHEN UPPER(DATA_TYPE) = 'SET' THEN 1 WHEN UPPER(DATA_TYPE) = 'TINYBLOB' THEN -3 WHEN UPPER(DATA_TYPE) = 'TINYTEXT' THEN 12 WHEN UPPER(DATA_TYPE) = 'MEDIUMBLOB' THEN -4 WHEN UPPER(DATA_TYPE) = 'MEDIUMTEXT' THEN -1 WHEN UPPER(DATA_TYPE) = 'LONGBLOB' THEN -4 WHEN UPPER(DATA_TYPE) = 'LONGTEXT' THEN -1 WHEN UPPER(DATA_TYPE) = 'BLOB' THEN -4 WHEN UPPER(DATA_TYPE) = 'TEXT' THEN -1 WHEN UPPER(DATA_TYPE) = 'CHAR' THEN 1 WHEN UPPER(DATA_TYPE) = 'BINARY' THEN -2 WHEN UPPER(DATA_TYPE) = 'GEOMETRY' THEN -2 WHEN UPPER(DATA_TYPE) = 'VECTOR' THEN -4 WHEN UPPER(DATA_TYPE) = 'UNKNOWN' THEN 1111 WHEN UPPER(DATA_TYPE) = 'POINT' THEN -2 WHEN UPPER(DATA_TYPE) = 'LINESTRING' THEN -2 WHEN UPPER(DATA_TYPE) = 'POLYGON' THEN -2 WHEN UPPER(DATA_TYPE) = 'MULTIPOINT' THEN -2 WHEN UPPER(DATA_TYPE) = 'MULTILINESTRING' THEN -2 WHEN UPPER(DATA_TYPE) = 'MULTIPOLYGON' THEN -2 WHEN UPPER(DATA_TYPE) = 'GEOMETRYCOLLECTION' THEN -2 WHEN UPPER(DATA_TYPE) = 'GEOMCOLLECTION' THEN -2 ELSE 1111 END AS DATA_TYPE, UPPER(CASE WHEN UPPER(DATA_TYPE) = 'TINYINT' THEN CASE WHEN LOCATE('ZEROFILL', UPPER(COLUMN_TYPE)) = 0 AND LOCATE('UNSIGNED', UPPER(COLUMN_TYPE)) = 0 AND LOCATE('(1)', COLUMN_TYPE) != 0 THEN 'BIT' WHEN LOCATE('UNSIGNED', UPPER(COLUMN_TYPE)) != 0 AND LOCATE('UNSIGNED', UPPER(DATA_TYPE)) = 0 THEN 'TINYINT UNSIGNED' ELSE DATA_TYPE END WHEN LOCATE('UNSIGNED', UPPER(COLUMN_TYPE)) != 0 AND LOCATE('UNSIGNED', UPPER(DATA_TYPE)) = 0 AND LOCATE('SET', UPPER(DATA_TYPE)) <> 1 AND LOCATE('ENUM', UPPER(DATA_TYPE)) <> 1 THEN CONCAT(DATA_TYPE, ' UNSIGNED') WHEN UPPER(DATA_TYPE) = 'POINT' THEN 'GEOMETRY' WHEN UPPER(DATA_TYPE) = 'LINESTRING' THEN 'GEOMETRY' WHEN UPPER(DATA_TYPE) = 'POLYGON' THEN 'GEOMETRY' WHEN UPPER(DATA_TYPE) = 'MULTIPOINT' THEN 'GEOMETRY' WHEN UPPER(DATA_TYPE) = 'MULTILINESTRING' THEN 'GEOMETRY' WHEN UPPER(DATA_TYPE) = 'MULTIPOLYGON' THEN 'GEOMETRY' WHEN UPPER(DATA_TYPE) = 'GEOMETRYCOLLECTION' THEN 'GEOMETRY' WHEN UPPER(DATA_TYPE) = 'GEOMCOLLECTION' THEN 'GEOMETRY' ELSE UPPER(DATA_TYPE) END) AS TYPE_NAME, UPPER(CASE WHEN UPPER(DATA_TYPE) = 'YEAR' THEN 4 WHEN UPPER(DATA_TYPE) = 'DATE' THEN 10 WHEN UPPER(DATA_TYPE) = 'DATETIME' OR UPPER(DATA_TYPE) = 'TIMESTAMP' THEN 19 + IF(DATETIME_PRECISION > 0, DATETIME_PRECISION + 1, DATETIME_PRECISION) WHEN UPPER(DATA_TYPE) = 'TIME' THEN 8 + IF(DATETIME_PRECISION > 0, DATETIME_PRECISION + 1, DATETIME_PRECISION) WHEN UPPER(DATA_TYPE) = 'TINYINT' AND LOCATE('ZEROFILL', UPPER(COLUMN_TYPE)) = 0 AND LOCATE('UNSIGNED', UPPER(COLUMN_TYPE)) = 0 AND LOCATE('(1)', COLUMN_TYPE) != 0 THEN 1 WHEN UPPER(DATA_TYPE) = 'MEDIUMINT' AND LOCATE('UNSIGNED', UPPER(COLUMN_TYPE)) != 0 THEN 8 WHEN UPPER(DATA_TYPE) = 'JSON' THEN 1073741824 WHEN UPPER(DATA_TYPE) = 'GEOMETRY' THEN 65535 WHEN UPPER(DATA_TYPE) = 'POINT' THEN 65535 WHEN UPPER(DATA_TYPE) = 'LINESTRING' THEN 65535 WHEN UPPER(DATA_TYPE) = 'POLYGON' THEN 65535 WHEN UPPER(DATA_TYPE) = 'MULTIPOINT' THEN 65535 WHEN UPPER(DATA_TYPE) = 'MULTILINESTRING' THEN 65535 WHEN UPPER(DATA_TYPE) = 'MULTIPOLYGON' THEN 65535 WHEN UPPER(DATA_TYPE) = 'GEOMETRYCOLLECTION' THEN 65535 WHEN UPPER(DATA_TYPE) = 'GEOMCOLLECTION' THEN 65535 WHEN CHARACTER_MAXIMUM_LENGTH IS NULL THEN NUMERIC_PRECISION WHEN CHARACTER_MAXIMUM_LENGTH > 2147483647 THEN 2147483647 ELSE CHARACTER_MAXIMUM_LENGTH END) AS COLUMN_SIZE, 65535 AS BUFFER_LENGTH, UPPER(CASE WHEN UPPER(DATA_TYPE) = 'DECIMAL' THEN NUMERIC_SCALE WHEN UPPER(DATA_TYPE) = 'FLOAT' OR UPPER(DATA_TYPE) = 'DOUBLE' THEN IF(NUMERIC_SCALE IS NULL, 0, NUMERIC_SCALE) ELSE NULL END) AS DECIMAL_DIGITS, 10 AS NUM_PREC_RADIX, CASE WHEN IS_NULLABLE COLLATE utf8mb3_general_ci= 'NO' THEN 0 ELSE CASE WHEN IS_NULLABLE COLLATE utf8mb3_general_ci= 'YES' THEN 1 ELSE 2 END END AS NULLABLE, COLUMN_COMMENT AS REMARKS, COLUMN_DEFAULT AS COLUMN_DEF, 0 AS SQL_DATA_TYPE, 0 AS SQL_DATETIME_SUB, CASE WHEN CHARACTER_OCTET_LENGTH > 2147483647 THEN 2147483647 ELSE CHARACTER_OCTET_LENGTH END AS CHAR_OCTET_LENGTH, ORDINAL_POSITION, IS_NULLABLE, NULL AS SCOPE_CATALOG, NULL AS SCOPE_SCHEMA, NULL AS SCOPE_TABLE, NULL AS SOURCE_DATA_TYPE, IF (EXTRA COLLATE utf8mb3_general_ci LIKE '%auto_increment%','YES','NO') AS IS_AUTOINCREMENT, IF (EXTRA COLLATE utf8mb3_general_ci LIKE  '%GENERATED%','YES','NO') AS IS_GENERATEDCOLUMN FROM INFORMATION_SCHEMA.COLUMNS WHERE TABLE_SCHEMA = 'spring_batch' AND COLUMN_NAME LIKE '%' ORDER BY TABLE_SCHEMA, TABLE_NAME, ORDINAL_POSITION
2026-01-17T06:22:04.333331Z	  249 Query	SET autocommit=0
2026-01-17T06:22:04.344132Z	  249 Query	SELECT JOB_INSTANCE_ID, JOB_NAME
FROM BATCH_JOB_INSTANCE
WHERE JOB_NAME = 'paymentReportJob'
 AND JOB_KEY = '6159d2f242e348f98d4a2efc813c83ea'
2026-01-17T06:22:04.352468Z	  249 Query	COMMIT
2026-01-17T06:22:04.356942Z	  249 Query	SET autocommit=1
2026-01-17T06:22:04.361226Z	  249 Query	SELECT JOB_INSTANCE_ID, JOB_NAME
FROM BATCH_JOB_INSTANCE I1
WHERE I1.JOB_NAME = 'paymentReportJob' AND I1.JOB_INSTANCE_ID = (SELECT MAX(I2.JOB_INSTANCE_ID) FROM BATCH_JOB_INSTANCE I2 WHERE I2.JOB_NAME = 'paymentReportJob')
2026-01-17T06:22:04.363761Z	  249 Query	SELECT JOB_EXECUTION_ID, START_TIME, END_TIME, STATUS, EXIT_CODE, EXIT_MESSAGE, CREATE_TIME, LAST_UPDATED, VERSION
FROM BATCH_JOB_EXECUTION
 WHERE JOB_INSTANCE_ID = 18 AND JOB_EXECUTION_ID IN (SELECT MAX(JOB_EXECUTION_ID) FROM BATCH_JOB_EXECUTION E2 WHERE E2.JOB_INSTANCE_ID = 18)
2026-01-17T06:22:04.365703Z	  249 Query	SELECT JOB_EXECUTION_ID, PARAMETER_NAME, PARAMETER_TYPE, PARAMETER_VALUE, IDENTIFYING
FROM BATCH_JOB_EXECUTION_PARAMS
WHERE JOB_EXECUTION_ID = 18
2026-01-17T06:22:04.368413Z	  249 Query	SELECT JI.JOB_INSTANCE_ID, JOB_NAME, JOB_KEY, JI.VERSION
FROM BATCH_JOB_INSTANCE JI, BATCH_JOB_EXECUTION JE
WHERE JOB_EXECUTION_ID = 18 AND JI.JOB_INSTANCE_ID = JE.JOB_INSTANCE_ID
2026-01-17T06:22:04.370380Z	  249 Query	SELECT STEP_EXECUTION_ID, STEP_NAME, START_TIME, END_TIME, STATUS, COMMIT_COUNT, READ_COUNT, FILTER_COUNT, WRITE_COUNT, EXIT_CODE, EXIT_MESSAGE, READ_SKIP_COUNT, WRITE_SKIP_COUNT, PROCESS_SKIP_COUNT, ROLLBACK_COUNT, LAST_UPDATED, VERSION, CREATE_TIME
FROM BATCH_STEP_EXECUTION
 WHERE JOB_EXECUTION_ID = 18 ORDER BY STEP_EXECUTION_ID
2026-01-17T06:22:04.372388Z	  249 Query	SELECT SHORT_CONTEXT, SERIALIZED_CONTEXT
FROM BATCH_JOB_EXECUTION_CONTEXT
WHERE JOB_EXECUTION_ID = 18
2026-01-17T06:22:04.374502Z	  249 Query	SELECT SHORT_CONTEXT, SERIALIZED_CONTEXT
FROM BATCH_STEP_EXECUTION_CONTEXT
WHERE STEP_EXECUTION_ID = 18
2026-01-17T06:22:04.376382Z	  249 Query	SELECT @@session.transaction_isolation
2026-01-17T06:22:04.377794Z	  249 Query	SET SESSION TRANSACTION ISOLATION LEVEL SERIALIZABLE
2026-01-17T06:22:04.378940Z	  249 Query	SET autocommit=0
2026-01-17T06:22:04.380369Z	  249 Query	SELECT JOB_INSTANCE_ID, JOB_NAME
FROM BATCH_JOB_INSTANCE
WHERE JOB_NAME = 'paymentReportJob'
 AND JOB_KEY = 'bac3b5e85b86395ebf8728eb246e60b5'
2026-01-17T06:22:04.381522Z	  249 Query	COMMIT
2026-01-17T06:22:04.382419Z	  249 Query	SET autocommit=1
2026-01-17T06:22:04.383259Z	  249 Query	SET SESSION TRANSACTION ISOLATION LEVEL REPEATABLE READ
2026-01-17T06:22:04.384360Z	  249 Query	SELECT @@session.transaction_isolation
2026-01-17T06:22:04.385377Z	  249 Query	SET SESSION TRANSACTION ISOLATION LEVEL SERIALIZABLE
2026-01-17T06:22:04.386403Z	  249 Query	SET autocommit=0
2026-01-17T06:22:04.387781Z	  249 Query	SELECT JOB_INSTANCE_ID, JOB_NAME
FROM BATCH_JOB_INSTANCE
WHERE JOB_NAME = 'paymentReportJob'
 AND JOB_KEY = 'bac3b5e85b86395ebf8728eb246e60b5'
2026-01-17T06:22:04.389045Z	  249 Query	SELECT JOB_INSTANCE_ID, JOB_NAME
FROM BATCH_JOB_INSTANCE
WHERE JOB_NAME = 'paymentReportJob'
 AND JOB_KEY = 'bac3b5e85b86395ebf8728eb246e60b5'
2026-01-17T06:22:04.390660Z	  250 Query	SET autocommit=0
2026-01-17T06:22:04.392963Z	  250 Query	update BATCH_JOB_SEQ set ID = last_insert_id(ID + 1) limit 1
2026-01-17T06:22:04.394211Z	  250 Query	select last_insert_id()
2026-01-17T06:22:04.395382Z	  250 Query	COMMIT
2026-01-17T06:22:04.397686Z	  250 Query	SET autocommit=1
2026-01-17T06:22:04.399569Z	  249 Query	INSERT INTO BATCH_JOB_INSTANCE(JOB_INSTANCE_ID, JOB_NAME, JOB_KEY, VERSION)
	VALUES (19, 'paymentReportJob', 'bac3b5e85b86395ebf8728eb246e60b5', 0)
2026-01-17T06:22:04.400818Z	  250 Query	SET autocommit=0
2026-01-17T06:22:04.401767Z	  250 Query	update BATCH_JOB_EXECUTION_SEQ set ID = last_insert_id(ID + 1) limit 1
2026-01-17T06:22:04.402843Z	  250 Query	select last_insert_id()
2026-01-17T06:22:04.404026Z	  250 Query	COMMIT
2026-01-17T06:22:04.406285Z	  250 Query	SET autocommit=1
2026-01-17T06:22:04.411935Z	  249 Query	INSERT INTO BATCH_JOB_EXECUTION(JOB_EXECUTION_ID, JOB_INSTANCE_ID, START_TIME, END_TIME, STATUS, EXIT_CODE, EXIT_MESSAGE, VERSION, CREATE_TIME, LAST_UPDATED)
	VALUES (19, 19, null, null, 'STARTING', 'UNKNOWN', '', 0, '2026-01-17 15:22:04.400573', '2026-01-17 15:22:04.400588')
2026-01-17T06:22:04.414298Z	  249 Query	SELECT @@session.transaction_read_only
2026-01-17T06:22:04.415568Z	  249 Query	INSERT INTO BATCH_JOB_EXECUTION_PARAMS(JOB_EXECUTION_ID, PARAMETER_NAME, PARAMETER_TYPE, PARAMETER_VALUE, IDENTIFYING)
	VALUES (19, 'paymentDate', 'java.lang.String', '2025-05-02', 'Y')
2026-01-17T06:22:04.416662Z	  249 Query	INSERT INTO BATCH_JOB_EXECUTION_PARAMS(JOB_EXECUTION_ID, PARAMETER_NAME, PARAMETER_TYPE, PARAMETER_VALUE, IDENTIFYING)
	VALUES (19, 'run.id', 'java.lang.Long', '16', 'Y')
2026-01-17T06:22:04.417594Z	  249 Query	INSERT INTO BATCH_JOB_EXECUTION_PARAMS(JOB_EXECUTION_ID, PARAMETER_NAME, PARAMETER_TYPE, PARAMETER_VALUE, IDENTIFYING)
	VALUES (19, '-job.name', 'java.lang.String', 'paymentReportJob', 'Y')
2026-01-17T06:22:04.419427Z	  249 Query	INSERT INTO BATCH_JOB_EXECUTION_CONTEXT (SHORT_CONTEXT, SERIALIZED_CONTEXT, JOB_EXECUTION_ID)
	VALUES('rO0ABXNyABFqYXZhLnV0aWwuSGFzaE1hcAUH2sHDFmDRAwACRgAKbG9hZEZhY3RvckkACXRocmVzaG9sZHhwP0AAAAAAAAB3CAAAABAAAAAAeA==', null, 19)
2026-01-17T06:22:04.420417Z	  249 Query	COMMIT
2026-01-17T06:22:04.422787Z	  249 Query	SET autocommit=1
2026-01-17T06:22:04.424013Z	  249 Query	SET SESSION TRANSACTION ISOLATION LEVEL REPEATABLE READ
2026-01-17T06:22:04.429240Z	  249 Query	SET autocommit=0
2026-01-17T06:22:04.430820Z	  249 Query	SELECT VERSION
FROM BATCH_JOB_EXECUTION
WHERE JOB_EXECUTION_ID=19
2026-01-17T06:22:04.432442Z	  249 Query	SELECT COUNT(*)
FROM BATCH_JOB_EXECUTION
WHERE JOB_EXECUTION_ID = 19
2026-01-17T06:22:04.433940Z	  249 Query	UPDATE BATCH_JOB_EXECUTION
SET START_TIME = '2026-01-17 15:22:04.428769', END_TIME = null,  STATUS = 'STARTED', EXIT_CODE = 'UNKNOWN', EXIT_MESSAGE = '', VERSION = VERSION + 1, CREATE_TIME = '2026-01-17 15:22:04.400573', LAST_UPDATED = '2026-01-17 15:22:04.430093'
WHERE JOB_EXECUTION_ID = 19 AND VERSION = 0
2026-01-17T06:22:04.435658Z	  249 Query	COMMIT
2026-01-17T06:22:04.437537Z	  249 Query	SET autocommit=1
2026-01-17T06:22:04.438658Z	  249 Query	SET autocommit=0
2026-01-17T06:22:04.439968Z	  249 Query	SELECT SE.STEP_EXECUTION_ID, SE.STEP_NAME, SE.START_TIME, SE.END_TIME, SE.STATUS, SE.COMMIT_COUNT, SE.READ_COUNT, SE.FILTER_COUNT, SE.WRITE_COUNT, SE.EXIT_CODE, SE.EXIT_MESSAGE, SE.READ_SKIP_COUNT, SE.WRITE_SKIP_COUNT, SE.PROCESS_SKIP_COUNT, SE.ROLLBACK_COUNT, SE.LAST_UPDATED, SE.VERSION, SE.CREATE_TIME, JE.JOB_EXECUTION_ID, JE.START_TIME, JE.END_TIME, JE.STATUS, JE.EXIT_CODE, JE.EXIT_MESSAGE, JE.CREATE_TIME, JE.LAST_UPDATED, JE.VERSION
FROM BATCH_JOB_EXECUTION JE
	JOIN BATCH_STEP_EXECUTION SE ON SE.JOB_EXECUTION_ID = JE.JOB_EXECUTION_ID
WHERE JE.JOB_INSTANCE_ID = 19 AND SE.STEP_NAME = 'paymentReportStep'
2026-01-17T06:22:04.441184Z	  249 Query	COMMIT
2026-01-17T06:22:04.442141Z	  249 Query	SET autocommit=1
2026-01-17T06:22:04.443286Z	  249 Query	SET autocommit=0
2026-01-17T06:22:04.444323Z	  249 Query	SELECT COUNT(*)
FROM BATCH_JOB_EXECUTION JE
	JOIN BATCH_STEP_EXECUTION SE ON SE.JOB_EXECUTION_ID = JE.JOB_EXECUTION_ID
WHERE JE.JOB_INSTANCE_ID = 19 AND SE.STEP_NAME = 'paymentReportStep'
2026-01-17T06:22:04.445422Z	  249 Query	COMMIT
2026-01-17T06:22:04.446301Z	  249 Query	SET autocommit=1
2026-01-17T06:22:04.447359Z	  249 Query	SET autocommit=0
2026-01-17T06:22:04.448362Z	  250 Query	SET autocommit=0
2026-01-17T06:22:04.449501Z	  250 Query	update BATCH_STEP_EXECUTION_SEQ set ID = last_insert_id(ID + 1) limit 1
2026-01-17T06:22:04.450853Z	  250 Query	select last_insert_id()
2026-01-17T06:22:04.451988Z	  250 Query	COMMIT
2026-01-17T06:22:04.454102Z	  250 Query	SET autocommit=1
2026-01-17T06:22:04.455967Z	  249 Query	INSERT INTO BATCH_STEP_EXECUTION(STEP_EXECUTION_ID, VERSION, STEP_NAME, JOB_EXECUTION_ID, START_TIME, END_TIME, STATUS, COMMIT_COUNT, READ_COUNT, FILTER_COUNT, WRITE_COUNT, EXIT_CODE, EXIT_MESSAGE, READ_SKIP_COUNT, WRITE_SKIP_COUNT, PROCESS_SKIP_COUNT, ROLLBACK_COUNT, LAST_UPDATED, CREATE_TIME)
	VALUES (19, 0, 'paymentReportStep', 19, null, null, 'STARTING', 0, 0, 0, 0, 'EXECUTING', '', 0, 0, 0, 0, '2026-01-17 15:22:04.448155', '2026-01-17 15:22:04.44703')
2026-01-17T06:22:04.457434Z	  249 Query	INSERT INTO BATCH_STEP_EXECUTION_CONTEXT (SHORT_CONTEXT, SERIALIZED_CONTEXT, STEP_EXECUTION_ID)
	VALUES('rO0ABXNyABFqYXZhLnV0aWwuSGFzaE1hcAUH2sHDFmDRAwACRgAKbG9hZEZhY3RvckkACXRocmVzaG9sZHhwP0AAAAAAAAB3CAAAABAAAAAAeA==', null, 19)
2026-01-17T06:22:04.458595Z	  249 Query	COMMIT
2026-01-17T06:22:04.461212Z	  249 Query	SET autocommit=1
2026-01-17T06:22:04.463607Z	  249 Query	SET autocommit=0
2026-01-17T06:22:04.465468Z	  249 Query	UPDATE BATCH_STEP_EXECUTION
SET START_TIME = '2026-01-17 15:22:04.462786', END_TIME = null, STATUS = 'STARTED', COMMIT_COUNT = 0, READ_COUNT = 0, FILTER_COUNT = 0, WRITE_COUNT = 0, EXIT_CODE = 'EXECUTING', EXIT_MESSAGE = '', VERSION = VERSION + 1, READ_SKIP_COUNT = 0, PROCESS_SKIP_COUNT = 0, WRITE_SKIP_COUNT = 0, ROLLBACK_COUNT = 0, LAST_UPDATED = '2026-01-17 15:22:04.464612'
WHERE STEP_EXECUTION_ID = 19 AND VERSION = 0
2026-01-17T06:22:04.467228Z	  249 Query	SELECT VERSION
FROM BATCH_JOB_EXECUTION
WHERE JOB_EXECUTION_ID=19
2026-01-17T06:22:04.469152Z	  249 Query	COMMIT
2026-01-17T06:22:04.472108Z	  249 Query	SET autocommit=1
2026-01-17T06:22:04.489221Z	  249 Query	SET autocommit=0
2026-01-17T06:22:04.490705Z	  249 Query	UPDATE BATCH_STEP_EXECUTION_CONTEXT
SET SHORT_CONTEXT = 'rO0ABXNyABFqYXZhLnV0aWwuSGFzaE1hcAUH2sHDFmDRAwACRgAKbG9hZEZhY3RvckkACXRocmVzaG9sZHhwP0AAAAAAAAx3CAAAABAAAAAEdAAecGF5bWVudFJlcG9ydFJlYWRlci5yZWFkLmNvdW50c3IAEWphdmEubGFuZy5JbnRlZ2VyEuKgpPeBhzgCAAFJAAV2YWx1ZXhyABBqYXZhLmxhbmcuTnVtYmVyhqyVHQuU4IsCAAB4cAAAAAB0ABFiYXRjaC50YXNrbGV0VHlwZXQAPW9yZy5zcHJpbmdmcmFtZXdvcmsuYmF0Y2guY29yZS5zdGVwLml0ZW0uQ2h1bmtPcmllbnRlZFRhc2tsZXR0AA1iYXRjaC52ZXJzaW9udAAFNS4yLjR0AA5iYXRjaC5zdGVwVHlwZXQAN29yZy5zcHJpbmdmcmFtZXdvcmsuYmF0Y2guY29yZS5zdGVwLnRhc2tsZXQuVGFza2xldFN0ZXB4', SERIALIZED_CONTEXT = null
WHERE STEP_EXECUTION_ID = 19
2026-01-17T06:22:04.491913Z	  249 Query	COMMIT
2026-01-17T06:22:04.495090Z	  249 Query	SET autocommit=1
2026-01-17T06:22:04.497327Z	  249 Query	SET autocommit=0
2026-01-17T06:22:04.499019Z	  250 Query	SET autocommit=0
2026-01-17T06:22:04.624019Z	  250 Query	select ps1_0.id,ps1_0.discount_amount,ps1_0.final_amount,ps1_0.original_amount,ps1_0.partner_corp_name,ps1_0.payment_date from payment_source ps1_0 where ps1_0.payment_date='2025-05-02' limit 0,10
2026-01-17T06:22:04.641649Z	  250 Query	COMMIT
2026-01-17T06:22:04.643172Z	  250 Query	SET autocommit=1
2026-01-17T06:22:04.652915Z	  249 Query	insert into payment (amount,payment_date,status) values (900.00,'2025-05-02','PAYMENT')
2026-01-17T06:22:04.659888Z	  249 Query	insert into payment (amount,payment_date,status) values (1850.00,'2025-05-02','PAYMENT')
2026-01-17T06:22:04.663068Z	  249 Query	insert into payment (amount,payment_date,status) values (2800.00,'2025-05-02','PAYMENT')
2026-01-17T06:22:04.665274Z	  249 Query	insert into payment (amount,payment_date,status) values (3750.00,'2025-05-02','PAYMENT')
2026-01-17T06:22:04.667662Z	  249 Query	insert into payment (amount,payment_date,status) values (4700.00,'2025-05-02','PAYMENT')
2026-01-17T06:22:04.669984Z	  249 Query	insert into payment (amount,payment_date,status) values (5650.00,'2025-05-02','PAYMENT')
2026-01-17T06:22:04.672041Z	  249 Query	insert into payment (amount,payment_date,status) values (6600.00,'2025-05-02','PAYMENT')
2026-01-17T06:22:04.674404Z	  249 Query	insert into payment (amount,payment_date,status) values (7550.00,'2025-05-02','PAYMENT')
2026-01-17T06:22:04.676319Z	  249 Query	insert into payment (amount,payment_date,status) values (8500.00,'2025-05-02','PAYMENT')
2026-01-17T06:22:04.678992Z	  249 Query	insert into payment (amount,payment_date,status) values (9450.00,'2025-05-02','PAYMENT')
2026-01-17T06:22:04.681185Z	  249 Query	UPDATE BATCH_STEP_EXECUTION_CONTEXT
SET SHORT_CONTEXT = 'rO0ABXNyABFqYXZhLnV0aWwuSGFzaE1hcAUH2sHDFmDRAwACRgAKbG9hZEZhY3RvckkACXRocmVzaG9sZHhwP0AAAAAAAAx3CAAAABAAAAAEdAAecGF5bWVudFJlcG9ydFJlYWRlci5yZWFkLmNvdW50c3IAEWphdmEubGFuZy5JbnRlZ2VyEuKgpPeBhzgCAAFJAAV2YWx1ZXhyABBqYXZhLmxhbmcuTnVtYmVyhqyVHQuU4IsCAAB4cAAAAAp0ABFiYXRjaC50YXNrbGV0VHlwZXQAPW9yZy5zcHJpbmdmcmFtZXdvcmsuYmF0Y2guY29yZS5zdGVwLml0ZW0uQ2h1bmtPcmllbnRlZFRhc2tsZXR0AA1iYXRjaC52ZXJzaW9udAAFNS4yLjR0AA5iYXRjaC5zdGVwVHlwZXQAN29yZy5zcHJpbmdmcmFtZXdvcmsuYmF0Y2guY29yZS5zdGVwLnRhc2tsZXQuVGFza2xldFN0ZXB4', SERIALIZED_CONTEXT = null
WHERE STEP_EXECUTION_ID = 19
2026-01-17T06:22:04.683073Z	  249 Query	UPDATE BATCH_STEP_EXECUTION
SET START_TIME = '2026-01-17 15:22:04.462786', END_TIME = null, STATUS = 'STARTED', COMMIT_COUNT = 1, READ_COUNT = 10, FILTER_COUNT = 0, WRITE_COUNT = 10, EXIT_CODE = 'EXECUTING', EXIT_MESSAGE = '', VERSION = VERSION + 1, READ_SKIP_COUNT = 0, PROCESS_SKIP_COUNT = 0, WRITE_SKIP_COUNT = 0, ROLLBACK_COUNT = 0, LAST_UPDATED = '2026-01-17 15:22:04.682403'
WHERE STEP_EXECUTION_ID = 19 AND VERSION = 1
2026-01-17T06:22:04.684270Z	  249 Query	SELECT VERSION
FROM BATCH_JOB_EXECUTION
WHERE JOB_EXECUTION_ID=19
2026-01-17T06:22:04.685375Z	  249 Query	COMMIT
2026-01-17T06:22:04.687486Z	  249 Query	SET autocommit=1
2026-01-17T06:22:04.688632Z	  249 Query	SET autocommit=0
2026-01-17T06:22:04.689565Z	  250 Query	SET autocommit=0
2026-01-17T06:22:04.691652Z	  250 Query	select ps1_0.id,ps1_0.discount_amount,ps1_0.final_amount,ps1_0.original_amount,ps1_0.partner_corp_name,ps1_0.payment_date from payment_source ps1_0 where ps1_0.payment_date='2025-05-02' limit 10,10
2026-01-17T06:22:04.694077Z	  250 Query	COMMIT
2026-01-17T06:22:04.695214Z	  250 Query	SET autocommit=1
2026-01-17T06:22:04.697340Z	  249 Query	insert into payment (amount,payment_date,status) values (10400.00,'2025-05-02','PAYMENT')
2026-01-17T06:22:04.699205Z	  249 Query	insert into payment (amount,payment_date,status) values (11350.00,'2025-05-02','PAYMENT')
2026-01-17T06:22:04.700922Z	  249 Query	insert into payment (amount,payment_date,status) values (12300.00,'2025-05-02','PAYMENT')
2026-01-17T06:22:04.702803Z	  249 Query	insert into payment (amount,payment_date,status) values (13250.00,'2025-05-02','PAYMENT')
2026-01-17T06:22:04.705156Z	  249 Query	insert into payment (amount,payment_date,status) values (14200.00,'2025-05-02','PAYMENT')
2026-01-17T06:22:04.706995Z	  249 Query	insert into payment (amount,payment_date,status) values (15150.00,'2025-05-02','PAYMENT')
2026-01-17T06:22:04.708960Z	  249 Query	insert into payment (amount,payment_date,status) values (16100.00,'2025-05-02','PAYMENT')
2026-01-17T06:22:04.710895Z	  249 Query	insert into payment (amount,payment_date,status) values (17050.00,'2025-05-02','PAYMENT')
2026-01-17T06:22:04.712831Z	  249 Query	insert into payment (amount,payment_date,status) values (18000.00,'2025-05-02','PAYMENT')
2026-01-17T06:22:04.714682Z	  249 Query	insert into payment (amount,payment_date,status) values (18950.00,'2025-05-02','PAYMENT')
2026-01-17T06:22:04.716538Z	  249 Query	UPDATE BATCH_STEP_EXECUTION_CONTEXT
SET SHORT_CONTEXT = 'rO0ABXNyABFqYXZhLnV0aWwuSGFzaE1hcAUH2sHDFmDRAwACRgAKbG9hZEZhY3RvckkACXRocmVzaG9sZHhwP0AAAAAAAAx3CAAAABAAAAAEdAAecGF5bWVudFJlcG9ydFJlYWRlci5yZWFkLmNvdW50c3IAEWphdmEubGFuZy5JbnRlZ2VyEuKgpPeBhzgCAAFJAAV2YWx1ZXhyABBqYXZhLmxhbmcuTnVtYmVyhqyVHQuU4IsCAAB4cAAAABR0ABFiYXRjaC50YXNrbGV0VHlwZXQAPW9yZy5zcHJpbmdmcmFtZXdvcmsuYmF0Y2guY29yZS5zdGVwLml0ZW0uQ2h1bmtPcmllbnRlZFRhc2tsZXR0AA1iYXRjaC52ZXJzaW9udAAFNS4yLjR0AA5iYXRjaC5zdGVwVHlwZXQAN29yZy5zcHJpbmdmcmFtZXdvcmsuYmF0Y2guY29yZS5zdGVwLnRhc2tsZXQuVGFza2xldFN0ZXB4', SERIALIZED_CONTEXT = null
WHERE STEP_EXECUTION_ID = 19
2026-01-17T06:22:04.717993Z	  249 Query	UPDATE BATCH_STEP_EXECUTION
SET START_TIME = '2026-01-17 15:22:04.462786', END_TIME = null, STATUS = 'STARTED', COMMIT_COUNT = 2, READ_COUNT = 20, FILTER_COUNT = 0, WRITE_COUNT = 20, EXIT_CODE = 'EXECUTING', EXIT_MESSAGE = '', VERSION = VERSION + 1, READ_SKIP_COUNT = 0, PROCESS_SKIP_COUNT = 0, WRITE_SKIP_COUNT = 0, ROLLBACK_COUNT = 0, LAST_UPDATED = '2026-01-17 15:22:04.717497'
WHERE STEP_EXECUTION_ID = 19 AND VERSION = 2
2026-01-17T06:22:04.719438Z	  249 Query	SELECT VERSION
FROM BATCH_JOB_EXECUTION
WHERE JOB_EXECUTION_ID=19
2026-01-17T06:22:04.720687Z	  249 Query	COMMIT
2026-01-17T06:22:04.723487Z	  249 Query	SET autocommit=1
2026-01-17T06:22:04.724576Z	  249 Query	SET autocommit=0
2026-01-17T06:22:04.725696Z	  250 Query	SET autocommit=0
2026-01-17T06:22:04.727603Z	  250 Query	select ps1_0.id,ps1_0.discount_amount,ps1_0.final_amount,ps1_0.original_amount,ps1_0.partner_corp_name,ps1_0.payment_date from payment_source ps1_0 where ps1_0.payment_date='2025-05-02' limit 20,10
2026-01-17T06:22:04.729085Z	  250 Query	COMMIT
2026-01-17T06:22:04.730035Z	  250 Query	SET autocommit=1
2026-01-17T06:22:04.731642Z	  249 Query	UPDATE BATCH_STEP_EXECUTION_CONTEXT
SET SHORT_CONTEXT = 'rO0ABXNyABFqYXZhLnV0aWwuSGFzaE1hcAUH2sHDFmDRAwACRgAKbG9hZEZhY3RvckkACXRocmVzaG9sZHhwP0AAAAAAAAx3CAAAABAAAAAEdAAecGF5bWVudFJlcG9ydFJlYWRlci5yZWFkLmNvdW50c3IAEWphdmEubGFuZy5JbnRlZ2VyEuKgpPeBhzgCAAFJAAV2YWx1ZXhyABBqYXZhLmxhbmcuTnVtYmVyhqyVHQuU4IsCAAB4cAAAABZ0ABFiYXRjaC50YXNrbGV0VHlwZXQAPW9yZy5zcHJpbmdmcmFtZXdvcmsuYmF0Y2guY29yZS5zdGVwLml0ZW0uQ2h1bmtPcmllbnRlZFRhc2tsZXR0AA1iYXRjaC52ZXJzaW9udAAFNS4yLjR0AA5iYXRjaC5zdGVwVHlwZXQAN29yZy5zcHJpbmdmcmFtZXdvcmsuYmF0Y2guY29yZS5zdGVwLnRhc2tsZXQuVGFza2xldFN0ZXB4', SERIALIZED_CONTEXT = null
WHERE STEP_EXECUTION_ID = 19
2026-01-17T06:22:04.733144Z	  249 Query	UPDATE BATCH_STEP_EXECUTION
SET START_TIME = '2026-01-17 15:22:04.462786', END_TIME = null, STATUS = 'STARTED', COMMIT_COUNT = 3, READ_COUNT = 21, FILTER_COUNT = 1, WRITE_COUNT = 20, EXIT_CODE = 'EXECUTING', EXIT_MESSAGE = '', VERSION = VERSION + 1, READ_SKIP_COUNT = 0, PROCESS_SKIP_COUNT = 0, WRITE_SKIP_COUNT = 0, ROLLBACK_COUNT = 0, LAST_UPDATED = '2026-01-17 15:22:04.732637'
WHERE STEP_EXECUTION_ID = 19 AND VERSION = 3
2026-01-17T06:22:04.734431Z	  249 Query	SELECT VERSION
FROM BATCH_JOB_EXECUTION
WHERE JOB_EXECUTION_ID=19
2026-01-17T06:22:04.735566Z	  249 Query	COMMIT
2026-01-17T06:22:04.737872Z	  249 Query	SET autocommit=1
2026-01-17T06:22:04.739708Z	  249 Query	SET autocommit=0
2026-01-17T06:22:04.740845Z	  249 Query	UPDATE BATCH_STEP_EXECUTION_CONTEXT
SET SHORT_CONTEXT = 'rO0ABXNyABFqYXZhLnV0aWwuSGFzaE1hcAUH2sHDFmDRAwACRgAKbG9hZEZhY3RvckkACXRocmVzaG9sZHhwP0AAAAAAAAx3CAAAABAAAAAEdAAecGF5bWVudFJlcG9ydFJlYWRlci5yZWFkLmNvdW50c3IAEWphdmEubGFuZy5JbnRlZ2VyEuKgpPeBhzgCAAFJAAV2YWx1ZXhyABBqYXZhLmxhbmcuTnVtYmVyhqyVHQuU4IsCAAB4cAAAABZ0ABFiYXRjaC50YXNrbGV0VHlwZXQAPW9yZy5zcHJpbmdmcmFtZXdvcmsuYmF0Y2guY29yZS5zdGVwLml0ZW0uQ2h1bmtPcmllbnRlZFRhc2tsZXR0AA1iYXRjaC52ZXJzaW9udAAFNS4yLjR0AA5iYXRjaC5zdGVwVHlwZXQAN29yZy5zcHJpbmdmcmFtZXdvcmsuYmF0Y2guY29yZS5zdGVwLnRhc2tsZXQuVGFza2xldFN0ZXB4', SERIALIZED_CONTEXT = null
WHERE STEP_EXECUTION_ID = 19
2026-01-17T06:22:04.742354Z	  249 Query	COMMIT
2026-01-17T06:22:04.743267Z	  249 Query	SET autocommit=1
2026-01-17T06:22:04.744222Z	  249 Query	SET autocommit=0
2026-01-17T06:22:04.745549Z	  249 Query	UPDATE BATCH_STEP_EXECUTION
SET START_TIME = '2026-01-17 15:22:04.462786', END_TIME = '2026-01-17 15:22:04.739111', STATUS = 'COMPLETED', COMMIT_COUNT = 3, READ_COUNT = 21, FILTER_COUNT = 1, WRITE_COUNT = 20, EXIT_CODE = 'COMPLETED', EXIT_MESSAGE = '', VERSION = VERSION + 1, READ_SKIP_COUNT = 0, PROCESS_SKIP_COUNT = 0, WRITE_SKIP_COUNT = 0, ROLLBACK_COUNT = 0, LAST_UPDATED = '2026-01-17 15:22:04.744866'
WHERE STEP_EXECUTION_ID = 19 AND VERSION = 4
2026-01-17T06:22:04.746839Z	  249 Query	SELECT VERSION
FROM BATCH_JOB_EXECUTION
WHERE JOB_EXECUTION_ID=19
2026-01-17T06:22:04.747955Z	  249 Query	COMMIT
2026-01-17T06:22:04.750183Z	  249 Query	SET autocommit=1
2026-01-17T06:22:04.751383Z	  250 Query	SET autocommit=0
2026-01-17T06:22:04.752369Z	  250 Query	UPDATE BATCH_JOB_EXECUTION_CONTEXT
SET SHORT_CONTEXT = 'rO0ABXNyABFqYXZhLnV0aWwuSGFzaE1hcAUH2sHDFmDRAwACRgAKbG9hZEZhY3RvckkACXRocmVzaG9sZHhwP0AAAAAAAAx3CAAAABAAAAABdAANYmF0Y2gudmVyc2lvbnQABTUuMi40eA==', SERIALIZED_CONTEXT = null
WHERE JOB_EXECUTION_ID = 19
2026-01-17T06:22:04.753542Z	  250 Query	COMMIT
2026-01-17T06:22:04.755723Z	  250 Query	SET autocommit=1
2026-01-17T06:22:04.757148Z	  250 Query	SET autocommit=0
2026-01-17T06:22:04.758173Z	  250 Query	SELECT VERSION
FROM BATCH_JOB_EXECUTION
WHERE JOB_EXECUTION_ID=19
2026-01-17T06:22:04.759320Z	  250 Query	SELECT COUNT(*)
FROM BATCH_JOB_EXECUTION
WHERE JOB_EXECUTION_ID = 19
2026-01-17T06:22:04.760521Z	  250 Query	UPDATE BATCH_JOB_EXECUTION
SET START_TIME = '2026-01-17 15:22:04.428769', END_TIME = '2026-01-17 15:22:04.756751',  STATUS = 'COMPLETED', EXIT_CODE = 'COMPLETED', EXIT_MESSAGE = '', VERSION = VERSION + 1, CREATE_TIME = '2026-01-17 15:22:04.400573', LAST_UPDATED = '2026-01-17 15:22:04.757901'
WHERE JOB_EXECUTION_ID = 19 AND VERSION = 1
2026-01-17T06:22:04.761676Z	  250 Query	COMMIT
2026-01-17T06:22:04.763629Z	  250 Query	SET autocommit=1
2026-01-17T06:22:04.771217Z	  249 Quit	
2026-01-17T06:22:04.772234Z	  254 Quit	
2026-01-17T06:22:04.772258Z	  258 Quit	
2026-01-17T06:22:04.772266Z	  256 Quit	
2026-01-17T06:22:04.772268Z	  255 Quit	
2026-01-17T06:22:04.772282Z	  250 Quit	
2026-01-17T06:22:04.772310Z	  253 Quit	
2026-01-17T06:22:04.772311Z	  251 Quit	
2026-01-17T06:22:04.772316Z	  257 Quit	
2026-01-17T06:22:04.772325Z	  252 Quit	
2026-01-17T07:36:43.711659Z	  259 Connect	root@172.24.0.1 on  using SSL/TLS
2026-01-17T07:36:43.723494Z	  259 Query	/* mysql-connector-j-9.5.0 (Revision: a7b3c94f50efbddb9f0dd69b3e0d1aaa25305cd6) */SELECT  @@session.auto_increment_increment AS auto_increment_increment, @@character_set_client AS character_set_client, @@character_set_connection AS character_set_connection, @@character_set_results AS character_set_results, @@character_set_server AS character_set_server, @@collation_server AS collation_server, @@collation_connection AS collation_connection, @@init_connect AS init_connect, @@interactive_timeout AS interactive_timeout, @@license AS license, @@lower_case_table_names AS lower_case_table_names, @@max_allowed_packet AS max_allowed_packet, @@net_write_timeout AS net_write_timeout, @@performance_schema AS performance_schema, @@sql_mode AS sql_mode, @@system_time_zone AS system_time_zone, @@time_zone AS time_zone, @@transaction_isolation AS transaction_isolation, @@wait_timeout AS wait_timeout
2026-01-17T07:36:43.732644Z	  259 Query	SET autocommit=1
2026-01-17T07:36:43.744723Z	  259 Query	select version(), @@version_comment, database()
2026-01-17T07:36:43.760954Z	  259 Query	show variables like 'aurora\_version'
2026-01-17T07:36:43.805366Z	  259 Query	/* ApplicationName=IntelliJ IDEA 2025.1.3 */ SET SESSION TRANSACTION READ WRITE
2026-01-17T07:36:43.817128Z	  259 Query	/* ApplicationName=IntelliJ IDEA 2025.1.3 */ use spring_batch
2026-01-17T07:36:43.822465Z	  259 Query	SELECT @@session.transaction_read_only
2026-01-17T07:36:43.831975Z	  259 Query	/* ApplicationName=IntelliJ IDEA 2025.1.3 */ select database()
2026-01-17T07:36:43.858183Z	  259 Query	/* ApplicationName=IntelliJ IDEA 2025.1.3 */ SET net_write_timeout=600
2026-01-17T07:36:43.863055Z	  259 Query	/* ApplicationName=IntelliJ IDEA 2025.1.3 */ SET sql_select_limit=501
2026-01-17T07:36:43.869404Z	  259 Query	/* ApplicationName=IntelliJ IDEA 2025.1.3 */ SELECT t.*
FROM spring_batch.BATCH_STEP_EXECUTION t
LIMIT 501
2026-01-17T07:36:44.334358Z	  259 Query	SELECT @@session.transaction_isolation
2026-01-17T07:36:46.856854Z	  259 Quit	
